  0
SECTION
  2
HEADER
  9
$ACADVER
  1
AC1015
  9
$ACADMAINTVER
 70
    13
  9
$DWGCODEPAGE
  3
ANSI_1251
  9
$INSBASE
 10
0.0
 20
0.0
 30
0.0
  9
$EXTMIN
 10
-3175.626687268795
 20
-4376.661863678431
 30
0.0
  9
$EXTMAX
 10
1010.912146814538
 20
598.8053877958023
 30
0.0
  9
$LIMMIN
 10
0.0
 20
0.0
  9
$LIMMAX
 10
12.0
 20
9.0
  9
$ORTHOMODE
 70
     0
  9
$REGENMODE
 70
     1
  9
$FILLMODE
 70
     1
  9
$QTEXTMODE
 70
     0
  9
$MIRRTEXT
 70
     1
  9
$LTSCALE
 40
1.0
  9
$ATTMODE
 70
     1
  9
$TEXTSIZE
 40
0.2
  9
$TRACEWID
 40
0.05
  9
$TEXTSTYLE
  7
Roman
  9
$CLAYER
  8
0
  9
$CELTYPE
  6
CONTINUOUS
  9
$CECOLOR
 62
   256
  9
$CELTSCALE
 40
1.0
  9
$DISPSILH
 70
     0
  9
$DIMSCALE
 40
1.0
  9
$DIMASZ
 40
0.18
  9
$DIMEXO
 40
0.0625
  9
$DIMDLI
 40
0.38
  9
$DIMRND
 40
0.0
  9
$DIMDLE
 40
0.0
  9
$DIMEXE
 40
0.18
  9
$DIMTP
 40
0.0
  9
$DIMTM
 40
0.0
  9
$DIMTXT
 40
0.18
  9
$DIMCEN
 40
0.09
  9
$DIMTSZ
 40
0.0
  9
$DIMTOL
 70
     0
  9
$DIMLIM
 70
     0
  9
$DIMTIH
 70
     1
  9
$DIMTOH
 70
     1
  9
$DIMSE1
 70
     0
  9
$DIMSE2
 70
     0
  9
$DIMTAD
 70
     0
  9
$DIMZIN
 70
     0
  9
$DIMBLK
  1

  9
$DIMASO
 70
     1
  9
$DIMSHO
 70
     1
  9
$DIMPOST
  1

  9
$DIMAPOST
  1

  9
$DIMALT
 70
     0
  9
$DIMALTD
 70
     2
  9
$DIMALTF
 40
25.4
  9
$DIMLFAC
 40
1.0
  9
$DIMTOFL
 70
     0
  9
$DIMTVP
 40
0.0
  9
$DIMTIX
 70
     0
  9
$DIMSOXD
 70
     0
  9
$DIMSAH
 70
     0
  9
$DIMBLK1
  1

  9
$DIMBLK2
  1

  9
$DIMSTYLE
  2
Standard
  9
$DIMCLRD
 70
     0
  9
$DIMCLRE
 70
     0
  9
$DIMCLRT
 70
     0
  9
$DIMTFAC
 40
1.0
  9
$DIMGAP
 40
0.09
  9
$DIMJUST
 70
     0
  9
$DIMSD1
 70
     0
  9
$DIMSD2
 70
     0
  9
$DIMTOLJ
 70
     1
  9
$DIMTZIN
 70
     0
  9
$DIMALTZ
 70
     0
  9
$DIMALTTZ
 70
     0
  9
$DIMUPT
 70
     0
  9
$DIMDEC
 70
     4
  9
$DIMTDEC
 70
     4
  9
$DIMALTU
 70
     2
  9
$DIMALTTD
 70
     2
  9
$DIMTXSTY
  7
Standard
  9
$DIMAUNIT
 70
     0
  9
$DIMADEC
 70
     0
  9
$DIMALTRND
 40
0.0
  9
$DIMAZIN
 70
     0
  9
$DIMDSEP
 70
    46
  9
$DIMATFIT
 70
     3
  9
$DIMFRAC
 70
     0
  9
$DIMLDRBLK
  1

  9
$DIMLUNIT
 70
     2
  9
$DIMLWD
 70
    -2
  9
$DIMLWE
 70
    -2
  9
$DIMTMOVE
 70
     0
  9
$LUNITS
 70
     2
  9
$LUPREC
 70
     4
  9
$SKETCHINC
 40
0.1
  9
$FILLETRAD
 40
0.0
  9
$AUNITS
 70
     0
  9
$AUPREC
 70
     0
  9
$MENU
  1
.
  9
$ELEVATION
 40
0.0
  9
$PELEVATION
 40
0.0
  9
$THICKNESS
 40
0.0
  9
$LIMCHECK
 70
     0
  9
$CHAMFERA
 40
0.0
  9
$CHAMFERB
 40
0.0
  9
$CHAMFERC
 40
0.0
  9
$CHAMFERD
 40
0.0
  9
$SKPOLY
 70
     0
  9
$TDCREATE
 40
2461128.674556562
  9
$TDUCREATE
 40
2461128.549556562
  9
$TDUPDATE
 40
2461128.725578704
  9
$TDUUPDATE
 40
2461128.600578704
  9
$TDINDWG
 40
0.0510226736
  9
$TDUSRTIMER
 40
0.0510226736
  9
$USRTIMER
 70
     1
  9
$ANGBASE
 50
0.0
  9
$ANGDIR
 70
     0
  9
$PDMODE
 70
     0
  9
$PDSIZE
 40
0.0
  9
$PLINEWID
 40
0.0
  9
$SPLFRAME
 70
     0
  9
$SPLINETYPE
 70
     6
  9
$SPLINESEGS
 70
     8
  9
$HANDSEED
  5
115C6
  9
$SURFTAB1
 70
     6
  9
$SURFTAB2
 70
     6
  9
$SURFTYPE
 70
     6
  9
$SURFU
 70
     6
  9
$SURFV
 70
     6
  9
$UCSBASE
  2

  9
$UCSNAME
  2

  9
$UCSORG
 10
0.0
 20
0.0
 30
0.0
  9
$UCSXDIR
 10
1.0
 20
0.0
 30
0.0
  9
$UCSYDIR
 10
0.0
 20
1.0
 30
0.0
  9
$UCSORTHOREF
  2

  9
$UCSORTHOVIEW
 70
     0
  9
$UCSORGTOP
 10
0.0
 20
0.0
 30
0.0
  9
$UCSORGBOTTOM
 10
0.0
 20
0.0
 30
0.0
  9
$UCSORGLEFT
 10
0.0
 20
0.0
 30
0.0
  9
$UCSORGRIGHT
 10
0.0
 20
0.0
 30
0.0
  9
$UCSORGFRONT
 10
0.0
 20
0.0
 30
0.0
  9
$UCSORGBACK
 10
0.0
 20
0.0
 30
0.0
  9
$PUCSBASE
  2

  9
$PUCSNAME
  2

  9
$PUCSORG
 10
0.0
 20
0.0
 30
0.0
  9
$PUCSXDIR
 10
1.0
 20
0.0
 30
0.0
  9
$PUCSYDIR
 10
0.0
 20
1.0
 30
0.0
  9
$PUCSORTHOREF
  2

  9
$PUCSORTHOVIEW
 70
     0
  9
$PUCSORGTOP
 10
0.0
 20
0.0
 30
0.0
  9
$PUCSORGBOTTOM
 10
0.0
 20
0.0
 30
0.0
  9
$PUCSORGLEFT
 10
0.0
 20
0.0
 30
0.0
  9
$PUCSORGRIGHT
 10
0.0
 20
0.0
 30
0.0
  9
$PUCSORGFRONT
 10
0.0
 20
0.0
 30
0.0
  9
$PUCSORGBACK
 10
0.0
 20
0.0
 30
0.0
  9
$USERI1
 70
     0
  9
$USERI2
 70
     0
  9
$USERI3
 70
     0
  9
$USERI4
 70
     0
  9
$USERI5
 70
     0
  9
$USERR1
 40
0.0
  9
$USERR2
 40
0.0
  9
$USERR3
 40
0.0
  9
$USERR4
 40
0.0
  9
$USERR5
 40
0.0
  9
$WORLDVIEW
 70
     1
  9
$SHADEDGE
 70
     3
  9
$SHADEDIF
 70
    70
  9
$TILEMODE
 70
     1
  9
$MAXACTVP
 70
    64
  9
$PINSBASE
 10
0.0
 20
0.0
 30
0.0
  9
$PLIMCHECK
 70
     0
  9
$PEXTMIN
 10
1.000000000000000E+20
 20
1.000000000000000E+20
 30
1.000000000000000E+20
  9
$PEXTMAX
 10
-1.000000000000000E+20
 20
-1.000000000000000E+20
 30
-1.000000000000000E+20
  9
$PLIMMIN
 10
0.0
 20
0.0
  9
$PLIMMAX
 10
12.0
 20
9.0
  9
$UNITMODE
 70
     0
  9
$VISRETAIN
 70
     1
  9
$PLINEGEN
 70
     0
  9
$PSLTSCALE
 70
     1
  9
$TREEDEPTH
 70
  3020
  9
$CMLSTYLE
  2
Standard
  9
$CMLJUST
 70
     0
  9
$CMLSCALE
 40
1.0
  9
$PROXYGRAPHICS
 70
     1
  9
$MEASUREMENT
 70
     0
  9
$CELWEIGHT
370
    20
  9
$ENDCAPS
280
     0
  9
$JOINSTYLE
280
     0
  9
$LWDISPLAY
290
     0
  9
$INSUNITS
 70
     1
  9
$HYPERLINKBASE
  1

  9
$STYLESHEET
  1

  9
$XEDIT
290
     1
  9
$CEPSNTYPE
380
     0
  9
$PSTYLEMODE
290
     1
  9
$FINGERPRINTGUID
  2
{C881FEB5-A4AD-4617-ABF2-782A8697E7C0}
  9
$VERSIONGUID
  2
{21375F5E-001F-44FE-AB13-E26B6A0F3B90}
  9
$EXTNAMES
290
     1
  9
$PSVPSCALE
 40
0.0
  9
$OLESTARTUP
290
     0
  0
ENDSEC
  0
SECTION
  2
CLASSES
  0
CLASS
  1
ACDBDICTIONARYWDFLT
  2
AcDbDictionaryWithDefault
  3
AutoCAD 2000
 90
        0
280
     0
281
     0
  0
CLASS
  1
ACDBPLACEHOLDER
  2
AcDbPlaceHolder
  3
AutoCAD 2000
 90
        0
280
     0
281
     0
  0
CLASS
  1
LAYOUT
  2
AcDbLayout
  3
AutoCAD 2000
 90
        0
280
     0
281
     0
  0
CLASS
  1
DICTIONARYVAR
  2
AcDbDictionaryVar
  3
AutoCAD 2000
 90
        0
280
     0
281
     0
  0
ENDSEC
  0
SECTION
  2
TABLES
  0
TABLE
  2
VPORT
  5
8
330
0
100
AcDbSymbolTable
 70
     2
  0
VPORT
  5
115C5
330
8
100
AcDbSymbolTableRecord
100
AcDbViewportTableRecord
  2
*Active
 70
     0
 10
0.0
 20
0.0
 11
1.0
 21
1.0
 12
-784.9801614780276
 22
-3474.679227193665
 13
0.0
 23
0.0
 14
0.0
 24
0.0
 15
10.0
 25
10.0
 16
0.0
 26
0.0
 36
1.0
 17
0.0
 27
0.0
 37
0.0
 40
3693.504035103067
 41
2.074159907300115
 42
50.0
 43
0.0
 44
0.0
 50
0.0
 51
0.0
 71
     0
 72
   100
 73
     1
 74
     3
 75
     1
 76
     1
 77
     0
 78
     0
281
     0
 65
     1
110
0.0
120
0.0
130
0.0
111
1.0
121
0.0
131
0.0
112
0.0
122
1.0
132
0.0
 79
     0
146
0.0
  0
ENDTAB
  0
TABLE
  2
LTYPE
  5
5
330
0
100
AcDbSymbolTable
 70
    23
  0
LTYPE
  5
14
330
5
100
AcDbSymbolTableRecord
100
AcDbLinetypeTableRecord
  2
BYBLOCK
 70
     0
  3

 72
    65
 73
     0
 40
0.0
  0
LTYPE
  5
15
330
5
100
AcDbSymbolTableRecord
100
AcDbLinetypeTableRecord
  2
BYLAYER
 70
     0
  3

 72
    65
 73
     0
 40
0.0
  0
LTYPE
  5
16
330
5
100
AcDbSymbolTableRecord
100
AcDbLinetypeTableRecord
  2
CONTINUOUS
 70
     0
  3
Solid line
 72
    65
 73
     0
 40
0.0
  0
LTYPE
  5
31
330
5
100
AcDbSymbolTableRecord
100
AcDbLinetypeTableRecord
  2
ACAD_ISO02W100
 70
     0
  3
ISO Dashed __ __ __ __ __ __ __ __ __ __ _
 72
    65
 73
     2
 40
15.0
 49
12.0
 74
     0
 49
-3.0
 74
     0
  0
LTYPE
  5
32
330
5
100
AcDbSymbolTableRecord
100
AcDbLinetypeTableRecord
  2
ACAD_ISO03W100
 70
     0
  3
ISO Dashed with Distance __    __    __    _
 72
    65
 73
     2
 40
30.0
 49
12.0
 74
     0
 49
-18.0
 74
     0
  0
LTYPE
  5
33
330
5
100
AcDbSymbolTableRecord
100
AcDbLinetypeTableRecord
  2
ACAD_ISO04W100
 70
     0
  3
ISO Long Dashed Dotted ____ . ____ . __
 72
    65
 73
     4
 40
30.0
 49
24.0
 74
     0
 49
-3.0
 74
     0
 49
0.0
 74
     0
 49
-3.0
 74
     0
  0
LTYPE
  5
34
330
5
100
AcDbSymbolTableRecord
100
AcDbLinetypeTableRecord
  2
ACAD_ISO05W100
 70
     0
  3
ISO Long Dashed Double Dotted ____ .. __
 72
    65
 73
     6
 40
33.0
 49
24.0
 74
     0
 49
-3.0
 74
     0
 49
0.0
 74
     0
 49
-3.0
 74
     0
 49
0.0
 74
     0
 49
-3.0
 74
     0
  0
LTYPE
  5
35
330
5
100
AcDbSymbolTableRecord
100
AcDbLinetypeTableRecord
  2
BORDER
 70
     0
  3
Border __ __ . __ __ . __ __ . __ __ . __ __ .
 72
    65
 73
     6
 40
44.45
 49
12.7
 74
     0
 49
-6.349999999999999
 74
     0
 49
12.7
 74
     0
 49
-6.349999999999999
 74
     0
 49
0.0
 74
     0
 49
-6.349999999999999
 74
     0
  0
LTYPE
  5
36
330
5
100
AcDbSymbolTableRecord
100
AcDbLinetypeTableRecord
  2
BORDER2
 70
     0
  3
Border (.5x) __.__.__.__.__.__.__.__.__.__.__.
 72
    65
 73
     6
 40
22.225
 49
6.349999999999999
 74
     0
 49
-3.174999999999999
 74
     0
 49
6.349999999999999
 74
     0
 49
-3.174999999999999
 74
     0
 49
0.0
 74
     0
 49
-3.174999999999999
 74
     0
  0
LTYPE
  5
37
330
5
100
AcDbSymbolTableRecord
100
AcDbLinetypeTableRecord
  2
BORDERX2
 70
     0
  3
Border (2x) ____  ____  .  ____  ____  .  ___
 72
    65
 73
     6
 40
88.9
 49
25.4
 74
     0
 49
-12.7
 74
     0
 49
25.4
 74
     0
 49
-12.7
 74
     0
 49
0.0
 74
     0
 49
-12.7
 74
     0
  0
LTYPE
  5
38
330
5
100
AcDbSymbolTableRecord
100
AcDbLinetypeTableRecord
  2
CENTER
 70
     0
  3
Center ____ _ ____ _ ____ _ ____ _ ____ _ ____
 72
    65
 73
     4
 40
50.8
 49
31.75
 74
     0
 49
-6.349999999999999
 74
     0
 49
6.349999999999999
 74
     0
 49
-6.349999999999999
 74
     0
  0
LTYPE
  5
39
330
5
100
AcDbSymbolTableRecord
100
AcDbLinetypeTableRecord
  2
CENTER2
 70
     0
  3
Center (.5x) ___ _ ___ _ ___ _ ___ _ ___ _ ___
 72
    65
 73
     4
 40
28.57499999999999
 49
19.05
 74
     0
 49
-3.174999999999999
 74
     0
 49
3.174999999999999
 74
     0
 49
-3.174999999999999
 74
     0
  0
LTYPE
  5
3A
330
5
100
AcDbSymbolTableRecord
100
AcDbLinetypeTableRecord
  2
CENTERX2
 70
     0
  3
Center (2x) ________  __  ________  __  _____
 72
    65
 73
     4
 40
101.6
 49
63.5
 74
     0
 49
-12.7
 74
     0
 49
12.7
 74
     0
 49
-12.7
 74
     0
  0
LTYPE
  5
3B
330
5
100
AcDbSymbolTableRecord
100
AcDbLinetypeTableRecord
  2
DASHDOT
 70
     0
  3
Dash dot __ . __ . __ . __ . __ . __ . __ . __
 72
    65
 73
     4
 40
25.4
 49
12.7
 74
     0
 49
-6.349999999999999
 74
     0
 49
0.0
 74
     0
 49
-6.349999999999999
 74
     0
  0
LTYPE
  5
3C
330
5
100
AcDbSymbolTableRecord
100
AcDbLinetypeTableRecord
  2
DASHDOT2
 70
     0
  3
Dash dot (.5x) _._._._._._._._._._._._._._._.
 72
    65
 73
     4
 40
12.7
 49
6.349999999999999
 74
     0
 49
-3.174999999999999
 74
     0
 49
0.0
 74
     0
 49
-3.174999999999999
 74
     0
  0
LTYPE
  5
3D
330
5
100
AcDbSymbolTableRecord
100
AcDbLinetypeTableRecord
  2
DASHDOTX2
 70
     0
  3
Dash dot (2x) ____  .  ____  .  ____  .  ___
 72
    65
 73
     4
 40
50.8
 49
25.4
 74
     0
 49
-12.7
 74
     0
 49
0.0
 74
     0
 49
-12.7
 74
     0
  0
LTYPE
  5
3E
330
5
100
AcDbSymbolTableRecord
100
AcDbLinetypeTableRecord
  2
DASHED
 70
     0
  3
Dashed __ __ __ __ __ __ __ __ __ __ __ __ __ _
 72
    65
 73
     2
 40
19.05
 49
12.7
 74
     0
 49
-6.349999999999999
 74
     0
  0
LTYPE
  5
3F
330
5
100
AcDbSymbolTableRecord
100
AcDbLinetypeTableRecord
  2
DASHED2
 70
     0
  3
Dashed (.5x) _ _ _ _ _ _ _ _ _ _ _ _ _ _ _ _ _
 72
    65
 73
     2
 40
9.525
 49
6.349999999999999
 74
     0
 49
-3.174999999999999
 74
     0
  0
LTYPE
  5
40
330
5
100
AcDbSymbolTableRecord
100
AcDbLinetypeTableRecord
  2
DASHEDX2
 70
     0
  3
Dashed (2x) ____  ____  ____  ____  ____  ___
 72
    65
 73
     2
 40
38.1
 49
25.4
 74
     0
 49
-12.7
 74
     0
  0
LTYPE
  5
41
330
5
100
AcDbSymbolTableRecord
100
AcDbLinetypeTableRecord
  2
DIVIDE
 70
     0
  3
Divide ____ . . ____ . . ____ . . ____ . . ____
 72
    65
 73
     6
 40
31.75
 49
12.7
 74
     0
 49
-6.349999999999999
 74
     0
 49
0.0
 74
     0
 49
-6.349999999999999
 74
     0
 49
0.0
 74
     0
 49
-6.349999999999999
 74
     0
  0
LTYPE
  5
42
330
5
100
AcDbSymbolTableRecord
100
AcDbLinetypeTableRecord
  2
DIVIDE2
 70
     0
  3
Divide (.5x) __..__..__..__..__..__..__..__.._
 72
    65
 73
     6
 40
15.875
 49
6.349999999999999
 74
     0
 49
-3.174999999999999
 74
     0
 49
0.0
 74
     0
 49
-3.174999999999999
 74
     0
 49
0.0
 74
     0
 49
-3.174999999999999
 74
     0
  0
LTYPE
  5
43
330
5
100
AcDbSymbolTableRecord
100
AcDbLinetypeTableRecord
  2
DIVIDEX2
 70
     0
  3
Divide (2x) ________  .  .  ________  .  .  _
 72
    65
 73
     6
 40
63.5
 49
25.4
 74
     0
 49
-12.7
 74
     0
 49
0.0
 74
     0
 49
-12.7
 74
     0
 49
0.0
 74
     0
 49
-12.7
 74
     0
  0
LTYPE
  5
44
330
5
100
AcDbSymbolTableRecord
100
AcDbLinetypeTableRecord
  2
DOT
 70
     0
  3
Dot . . . . . . . . . . . . . . . . . . . . . .
 72
    65
 73
     2
 40
6.349999999999999
 49
0.0
 74
     0
 49
-6.349999999999999
 74
     0
  0
LTYPE
  5
45
330
5
100
AcDbSymbolTableRecord
100
AcDbLinetypeTableRecord
  2
DOT2
 70
     0
  3
Dot (.5x) .....................................
 72
    65
 73
     2
 40
3.174999999999999
 49
0.0
 74
     0
 49
-3.174999999999999
 74
     0
  0
LTYPE
  5
46
330
5
100
AcDbSymbolTableRecord
100
AcDbLinetypeTableRecord
  2
DOTX2
 70
     0
  3
Dot (2x) .  .  .  .  .  .  .  .  .  .  .  .  .
 72
    65
 73
     2
 40
12.7
 49
0.0
 74
     0
 49
-12.7
 74
     0
  0
ENDTAB
  0
TABLE
  2
LAYER
  5
2
330
0
100
AcDbSymbolTable
 70
     6
  0
LAYER
  5
10
330
2
100
AcDbSymbolTableRecord
100
AcDbLayerTableRecord
  2
0
 70
     0
 62
   250
  6
CONTINUOUS
370
   100
390
F
  0
LAYER
  5
47
330
2
100
AcDbSymbolTableRecord
100
AcDbLayerTableRecord
  2
H
 70
     0
 62
     7
  6
CONTINUOUS
370
   100
390
F
  0
LAYER
  5
48
330
2
100
AcDbSymbolTableRecord
100
AcDbLayerTableRecord
  2
P
 70
     0
 62
   250
  6
CONTINUOUS
370
   100
390
F
  0
LAYER
  5
49
330
2
100
AcDbSymbolTableRecord
100
AcDbLayerTableRecord
  2
Text
 70
     0
 62
   250
  6
CONTINUOUS
370
   100
390
F
  0
LAYER
  5
4A
330
2
100
AcDbSymbolTableRecord
100
AcDbLayerTableRecord
  2
Images
 70
     0
 62
   250
  6
CONTINUOUS
370
   100
390
F
  0
LAYER
  5
105C5
330
2
100
AcDbSymbolTableRecord
100
AcDbLayerTableRecord
  2
Defpoints
 70
     0
 62
     7
  6
CONTINUOUS
290
     0
370
    -3
390
F
  0
ENDTAB
  0
TABLE
  2
STYLE
  5
3
330
0
100
AcDbSymbolTable
 70
     2
  0
STYLE
  5
11
330
3
100
AcDbSymbolTableRecord
100
AcDbTextStyleTableRecord
  2
Standard
 70
     0
 40
0.0
 41
0.75
 50
0.0
 71
     0
 42
2.5
  3
txt
  4

  0
STYLE
  5
10001
330
3
100
AcDbSymbolTableRecord
100
AcDbTextStyleTableRecord
  2
Roman
 70
     0
 40
0.0
 41
1.0
 50
0.0
 71
     0
 42
0.2
  3

  4

  0
ENDTAB
  0
TABLE
  2
VIEW
  5
6
330
0
100
AcDbSymbolTable
 70
     0
  0
ENDTAB
  0
TABLE
  2
UCS
  5
7
330
0
100
AcDbSymbolTable
 70
     0
  0
ENDTAB
  0
TABLE
  2
APPID
  5
9
330
0
100
AcDbSymbolTable
 70
     1
  0
APPID
  5
12
330
9
100
AcDbSymbolTableRecord
100
AcDbRegAppTableRecord
  2
ACAD
 70
     0
  0
ENDTAB
  0
TABLE
  2
DIMSTYLE
  5
A
330
0
100
AcDbSymbolTable
 70
     1
100
AcDbDimStyleTable
 71
     1
340
27
  0
DIMSTYLE
105
27
330
A
100
AcDbSymbolTableRecord
100
AcDbDimStyleTableRecord
  2
Standard
 70
     0
 41
1.0
 42
1.0
 43
3.75
 44
1.0
 73
     0
 74
     0
 77
     1
 78
     8
140
1.0
141
2.5
143
0.03937007874016
147
1.0
171
     3
172
     1
271
     2
272
     2
274
     3
278
    44
283
     0
284
     8
340
11
  0
ENDTAB
  0
TABLE
  2
BLOCK_RECORD
  5
1
330
0
100
AcDbSymbolTable
 70
     4
  0
BLOCK_RECORD
  5
1F
330
1
100
AcDbSymbolTableRecord
100
AcDbBlockTableRecord
  2
*Model_Space
340
22
  0
BLOCK_RECORD
  5
1B
330
1
100
AcDbSymbolTableRecord
100
AcDbBlockTableRecord
  2
*Paper_Space
340
1E
  0
BLOCK_RECORD
  5
23
330
1
100
AcDbSymbolTableRecord
100
AcDbBlockTableRecord
  2
*Paper_Space0
340
26
  0
BLOCK_RECORD
  5
105C6
330
1
100
AcDbSymbolTableRecord
100
AcDbBlockTableRecord
  2
*D2
340
0
  0
ENDTAB
  0
ENDSEC
  0
SECTION
  2
BLOCKS
  0
BLOCK
  5
20
330
1F
100
AcDbEntity
  8
0
100
AcDbBlockBegin
  2
*Model_Space
 70
     0
 10
0.0
 20
0.0
 30
0.0
  3
*Model_Space
  1

  0
ENDBLK
  5
21
330
1F
100
AcDbEntity
  8
0
100
AcDbBlockEnd
  0
BLOCK
  5
1C
330
1B
100
AcDbEntity
 67
     1
  8
0
100
AcDbBlockBegin
  2
*Paper_Space
 70
     0
 10
0.0
 20
0.0
 30
0.0
  3
*Paper_Space
  1

  0
ENDBLK
  5
1D
330
1B
100
AcDbEntity
 67
     1
  8
0
100
AcDbBlockEnd
  0
BLOCK
  5
24
330
23
100
AcDbEntity
  8
0
100
AcDbBlockBegin
  2
*Paper_Space0
 70
     0
 10
0.0
 20
0.0
 30
0.0
  3
*Paper_Space0
  1

  0
ENDBLK
  5
25
330
23
100
AcDbEntity
  8
0
100
AcDbBlockEnd
  0
BLOCK
  5
105D1
330
105C6
100
AcDbEntity
  8
0
370
    20
100
AcDbBlockBegin
  2
*D2
 70
     1
 10
0.0
 20
0.0
 30
0.0
  3
*D2
  1

  0
LINE
  5
105D3
330
105C6
100
AcDbEntity
  8
0
  6
Continuous
 62
     0
370
    -2
100
AcDbLine
 10
27.25825724999999
 20
399.5352924715698
 30
0.0
 11
-127.8060336360476
 21
399.5352924715698
 31
0.0
  0
LINE
  5
105D4
330
105C6
100
AcDbEntity
  8
0
  6
Continuous
 62
     0
370
    -2
100
AcDbLine
 10
27.25825724999999
 20
299.5354455049023
 30
0.0
 11
-127.8060336360476
 21
299.5354455049023
 31
0.0
  0
LINE
  5
105D5
330
105C6
100
AcDbEntity
  8
0
  6
Continuous
 62
     0
370
    -2
100
AcDbLine
 10
-127.6260336360476
 20
399.3552924715698
 30
0.0
 11
-127.6260336360476
 21
349.715368988236
 31
0.0
  0
LINE
  5
105D6
330
105C6
100
AcDbEntity
  8
0
  6
Continuous
 62
     0
370
    -2
100
AcDbLine
 10
-127.6260336360476
 20
299.7154455049023
 30
0.0
 11
-127.6260336360476
 21
349.355368988236
 31
0.0
  0
SOLID
  5
105D7
330
105C6
100
AcDbEntity
  8
0
  6
Continuous
 62
     0
370
    20
100
AcDbTrace
 10
-127.6560336360476
 20
399.3552924715698
 30
0.0
 11
-127.5960336360476
 21
399.3552924715698
 31
0.0
 12
-127.6260336360476
 22
399.5352924715698
 32
0.0
 13
-127.6260336360476
 23
399.5352924715698
 33
0.0
  0
SOLID
  5
105D8
330
105C6
100
AcDbEntity
  8
0
  6
Continuous
 62
     0
370
    20
100
AcDbTrace
 10
-127.6560336360476
 20
299.7154455049023
 30
0.0
 11
-127.5960336360476
 21
299.7154455049023
 31
0.0
 12
-127.6260336360476
 22
299.5354455049023
 32
0.0
 13
-127.6260336360476
 23
299.5354455049023
 33
0.0
  0
MTEXT
  5
105D9
330
105C6
100
AcDbEntity
  8
0
  6
Continuous
 62
     0
370
    20
100
AcDbMText
 10
-127.6260336360477
 20
349.535368988236
 30
0.0
 40
0.18
 41
0.0
 71
     5
 72
     1
  1
\A1;99.9998
 73
     1
 44
1.0
  0
POINT
  5
105DA
330
105C6
100
AcDbEntity
  8
Defpoints
  6
Continuous
 62
     0
370
    20
100
AcDbPoint
 10
27.32075725
 20
399.5352924715698
 30
0.0
  0
POINT
  5
105DB
330
105C6
100
AcDbEntity
  8
Defpoints
  6
Continuous
 62
     0
370
    20
100
AcDbPoint
 10
27.32075725
 20
299.5354455049023
 30
0.0
  0
POINT
  5
105DC
330
105C6
100
AcDbEntity
  8
Defpoints
  6
Continuous
 62
     0
370
    20
100
AcDbPoint
 10
-127.6260336360476
 20
299.5354455049023
 30
0.0
  0
ENDBLK
  5
105D2
330
105C6
100
AcDbEntity
  8
0
370
    20
100
AcDbBlockEnd
  0
ENDSEC
  0
SECTION
  2
ENTITIES
  0
LWPOLYLINE
  5
4B
330
1F
100
AcDbEntity
  8
0
  6
Continuous
370
    20
100
AcDbPolyline
 90
        2
 70
     0
 43
0.0
 10
-3137.65677295
 20
-4370.375151795097
 10
889.3640913833333
 20
-4370.375151795097
  0
LWPOLYLINE
  5
4C
330
1F
100
AcDbEntity
  8
0
  6
Continuous
370
    20
100
AcDbPolyline
 90
        2
 70
     0
 43
0.0
 10
889.3640913833333
 20
-3481.011060411765
 10
-3137.65677295
 20
-3481.011060411765
  0
LWPOLYLINE
  5
4D
330
1F
100
AcDbEntity
  8
0
  6
Continuous
370
    20
100
AcDbPolyline
 90
        2
 70
     0
 43
0.0
 10
-3137.65677295
 20
-3481.011060411765
 10
-3137.65677295
 20
-4370.375151795097
  0
LWPOLYLINE
  5
4E
330
1F
100
AcDbEntity
  8
0
  6
Continuous
370
    20
100
AcDbPolyline
 90
        2
 70
     0
 43
0.0
 10
-1227.377675166667
 20
-3591.645438695098
 10
-1229.316567616667
 20
-3565.676030728431
  0
LWPOLYLINE
  5
4F
330
1F
100
AcDbEntity
  8
0
  6
Continuous
370
    20
100
AcDbPolyline
 90
        2
 70
     0
 43
0.0
 10
-1229.316567616667
 20
-3565.676030728431
 10
-1240.303624833334
 20
-3540.529183195097
  0
LWPOLYLINE
  5
50
330
1F
100
AcDbEntity
  8
0
  6
Continuous
370
    20
100
AcDbPolyline
 90
        2
 70
     0
 43
0.0
 10
-1240.303624833334
 20
-3540.529183195097
 10
-1253.699609033333
 20
-3517.027456528431
  0
LWPOLYLINE
  5
51
330
1F
100
AcDbEntity
  8
0
  6
Continuous
370
    20
100
AcDbPolyline
 90
        2
 70
     0
 43
0.0
 10
-1253.699609033333
 20
-3517.027456528431
 10
-1260.045075233334
 20
-3490.999294245098
  0
LWPOLYLINE
  5
52
330
1F
100
AcDbEntity
  8
0
  6
Continuous
370
    20
100
AcDbPolyline
 90
        2
 70
     0
 43
0.0
 10
-1260.045075233334
 20
-3490.999294245098
 10
-1280.0215429
 20
-3490.999294245098
  0
LWPOLYLINE
  5
53
330
1F
100
AcDbEntity
  8
0
  6
Continuous
370
    20
100
AcDbPolyline
 90
        2
 70
     0
 43
0.0
 10
-1280.0215429
 20
-3490.999294245098
 10
-1454.8743893
 20
-3490.999294245098
  0
LWPOLYLINE
  5
54
330
1F
100
AcDbEntity
  8
0
  6
Continuous
370
    20
100
AcDbPolyline
 90
        2
 70
     0
 43
0.0
 10
-1454.8743893
 20
-3490.999294245098
 10
-1459.868506216667
 20
-3490.999294245098
  0
LWPOLYLINE
  5
55
330
1F
100
AcDbEntity
  8
0
  6
Continuous
370
    20
100
AcDbPolyline
 90
        2
 70
     0
 43
0.0
 10
-1459.868506216667
 20
-3490.999294245098
 10
-1457.51833355
 20
-3527.838250795098
  0
LWPOLYLINE
  5
56
330
1F
100
AcDbEntity
  8
0
  6
Continuous
370
    20
100
AcDbPolyline
 90
        2
 70
     0
 43
0.0
 10
-1457.51833355
 20
-3527.838250795098
 10
-1449.880272383333
 20
-3563.678383961764
  0
LWPOLYLINE
  5
57
330
1F
100
AcDbEntity
  8
0
  6
Continuous
370
    20
100
AcDbPolyline
 90
        2
 70
     0
 43
0.0
 10
-1449.880272383333
 20
-3563.678383961764
 10
-1434.25162415
 20
-3597.168344461764
  0
LWPOLYLINE
  5
58
330
1F
100
AcDbEntity
  8
0
  6
Continuous
370
    20
100
AcDbPolyline
 90
        2
 70
     0
 43
0.0
 10
-1434.25162415
 20
-3597.168344461764
 10
-1412.5712813
 20
-3629.130692728431
  0
LWPOLYLINE
  5
59
330
1F
100
AcDbEntity
  8
0
  6
Continuous
370
    20
100
AcDbPolyline
 90
        2
 70
     0
 43
0.0
 10
-1412.5712813
 20
-3629.130692728431
 10
-1384.662980883333
 20
-3653.161208245097
  0
LWPOLYLINE
  5
5A
330
1F
100
AcDbEntity
  8
0
  6
Continuous
370
    20
100
AcDbPolyline
 90
        2
 70
     0
 43
0.0
 10
-1384.662980883333
 20
-3653.161208245097
 10
-1346.766446633334
 20
-3669.259891011765
  0
LWPOLYLINE
  5
5B
330
1F
100
AcDbEntity
  8
0
  6
Continuous
370
    20
100
AcDbPolyline
 90
        2
 70
     0
 43
0.0
 10
-1346.766446633334
 20
-3669.259891011765
 10
-1309.2811926
 20
-3673.783973395098
  0
LWPOLYLINE
  5
5C
330
1F
100
AcDbEntity
  8
0
  6
Continuous
370
    20
100
AcDbPolyline
 90
        2
 70
     0
 43
0.0
 10
-1309.2811926
 20
-3673.783973395098
 10
-1279.610262683333
 20
-3669.729925545098
  0
LWPOLYLINE
  5
5D
330
1F
100
AcDbEntity
  8
0
  6
Continuous
370
    20
100
AcDbPolyline
 90
        2
 70
     0
 43
0.0
 10
-1279.610262683333
 20
-3669.729925545098
 10
-1257.401130983333
 20
-3657.038993145098
  0
LWPOLYLINE
  5
5E
330
1F
100
AcDbEntity
  8
0
  6
Continuous
370
    20
100
AcDbPolyline
 90
        2
 70
     0
 43
0.0
 10
-1257.401130983333
 20
-3657.038993145098
 10
-1242.595043183333
 20
-3638.590137711764
  0
LWPOLYLINE
  5
5F
330
1F
100
AcDbEntity
  8
0
  6
Continuous
370
    20
100
AcDbPolyline
 90
        2
 70
     0
 43
0.0
 10
-1242.595043183333
 20
-3638.590137711764
 10
-1231.843003233334
 20
-3616.263497378431
  0
LWPOLYLINE
  5
60
330
1F
100
AcDbEntity
  8
0
  6
Continuous
370
    20
100
AcDbPolyline
 90
        2
 70
     0
 43
0.0
 10
-1231.843003233334
 20
-3616.263497378431
 10
-1227.377675166667
 20
-3591.645438695098
  0
LWPOLYLINE
  5
61
330
1F
100
AcDbEntity
  8
0
  6
Continuous
370
    20
100
AcDbPolyline
 90
        2
 70
     0
 43
0.0
 10
-1217.389441333333
 20
-3592.174227545098
 10
-1217.389441333333
 20
-3592.174227545098
  0
LWPOLYLINE
  5
62
330
1F
100
AcDbEntity
  8
0
  6
Continuous
370
    20
100
AcDbPolyline
 90
        2
 70
     0
 43
0.0
 10
-1217.389441333333
 20
-3592.174227545098
 10
-1217.565704283333
 20
-3577.544402695098
  0
LWPOLYLINE
  5
63
330
1F
100
AcDbEntity
  8
0
  6
Continuous
370
    20
100
AcDbPolyline
 90
        2
 70
     0
 43
0.0
 10
-1217.565704283333
 20
-3577.544402695098
 10
-1219.445842416667
 20
-3563.208349428431
  0
LWPOLYLINE
  5
64
330
1F
100
AcDbEntity
  8
0
  6
Continuous
370
    20
100
AcDbPolyline
 90
        2
 70
     0
 43
0.0
 10
-1219.445842416667
 20
-3563.208349428431
 10
-1221.560997816667
 20
-3556.216585745097
  0
LWPOLYLINE
  5
65
330
1F
100
AcDbEntity
  8
0
  6
Continuous
370
    20
100
AcDbPolyline
 90
        2
 70
     0
 43
0.0
 10
-1221.560997816667
 20
-3556.216585745097
 10
-1224.3224507
 20
-3549.283576378431
  0
LWPOLYLINE
  5
66
330
1F
100
AcDbEntity
  8
0
  6
Continuous
370
    20
100
AcDbPolyline
 90
        2
 70
     0
 43
0.0
 10
-1224.3224507
 20
-3549.283576378431
 10
-1227.612692433334
 20
-3542.585584278431
  0
LWPOLYLINE
  5
67
330
1F
100
AcDbEntity
  8
0
  6
Continuous
370
    20
100
AcDbPolyline
 90
        2
 70
     0
 43
0.0
 10
-1227.612692433334
 20
-3542.585584278431
 10
-1231.3729687
 20
-3536.063855128432
  0
LWPOLYLINE
  5
68
330
1F
100
AcDbEntity
  8
0
  6
Continuous
370
    20
100
AcDbPolyline
 90
        2
 70
     0
 43
0.0
 10
-1231.3729687
 20
-3536.063855128432
 10
-1238.305978066667
 20
-3524.841780645098
  0
LWPOLYLINE
  5
69
330
1F
100
AcDbEntity
  8
0
  6
Continuous
370
    20
100
AcDbPolyline
 90
        2
 70
     0
 43
0.0
 10
-1238.305978066667
 20
-3524.841780645098
 10
-1244.298918366667
 20
-3513.325934578432
  0
LWPOLYLINE
  5
6A
330
1F
100
AcDbEntity
  8
0
  6
Continuous
370
    20
100
AcDbPolyline
 90
        2
 70
     0
 43
0.0
 10
-1244.298918366667
 20
-3513.325934578432
 10
-1247.119125566667
 20
-3505.629119095098
  0
LWPOLYLINE
  5
6B
330
1F
100
AcDbEntity
  8
0
  6
Continuous
370
    20
100
AcDbPolyline
 90
        2
 70
     0
 43
0.0
 10
-1247.119125566667
 20
-3505.629119095098
 10
-1249.234280966667
 20
-3497.579777711765
  0
LWPOLYLINE
  5
6C
330
1F
100
AcDbEntity
  8
0
  6
Continuous
370
    20
100
AcDbPolyline
 90
        2
 70
     0
 43
0.0
 10
-1249.234280966667
 20
-3497.579777711765
 10
-1250.820647516667
 20
-3489.354173378432
  0
LWPOLYLINE
  5
6D
330
1F
100
AcDbEntity
  8
0
  6
Continuous
370
    20
100
AcDbPolyline
 90
        2
 70
     0
 43
0.0
 10
-1250.820647516667
 20
-3489.354173378432
 10
-1252.1719968
 20
-3481.011060411765
  0
LWPOLYLINE
  5
6E
330
1F
100
AcDbEntity
  8
0
  6
Continuous
370
    20
100
AcDbPolyline
 90
        2
 70
     0
 43
0.0
 10
-1252.1719968
 20
-3481.011060411765
 10
-1252.1719968
 20
-3481.011060411765
  0
LWPOLYLINE
  5
6F
330
1F
100
AcDbEntity
  8
0
  6
Continuous
370
    20
100
AcDbPolyline
 90
        2
 70
     0
 43
0.0
 10
-1252.1719968
 20
-3481.011060411765
 10
-1280.0215429
 20
-3481.011060411765
  0
LWPOLYLINE
  5
70
330
1F
100
AcDbEntity
  8
0
  6
Continuous
370
    20
100
AcDbPolyline
 90
        2
 70
     0
 43
0.0
 10
-1280.0215429
 20
-3481.011060411765
 10
-1280.0215429
 20
-3481.011060411765
  0
LWPOLYLINE
  5
71
330
1F
100
AcDbEntity
  8
0
  6
Continuous
370
    20
100
AcDbPolyline
 90
        2
 70
     0
 43
0.0
 10
-1280.0215429
 20
-3481.011060411765
 10
-1454.8743893
 20
-3481.011060411765
  0
LWPOLYLINE
  5
72
330
1F
100
AcDbEntity
  8
0
  6
Continuous
370
    20
100
AcDbPolyline
 90
        2
 70
     0
 43
0.0
 10
-1454.8743893
 20
-3481.011060411765
 10
-1454.8743893
 20
-3481.011060411765
  0
LWPOLYLINE
  5
73
330
1F
100
AcDbEntity
  8
0
  6
Continuous
370
    20
100
AcDbPolyline
 90
        2
 70
     0
 43
0.0
 10
-1454.8743893
 20
-3481.011060411765
 10
-1470.561791849999
 20
-3481.011060411765
  0
LWPOLYLINE
  5
74
330
1F
100
AcDbEntity
  8
0
  6
Continuous
370
    20
100
AcDbPolyline
 90
        2
 70
     0
 43
0.0
 10
-1470.561791849999
 20
-3481.011060411765
 10
-1470.561791849999
 20
-3481.011060411765
  0
LWPOLYLINE
  5
75
330
1F
100
AcDbEntity
  8
0
  6
Continuous
370
    20
100
AcDbPolyline
 90
        2
 70
     0
 43
0.0
 10
-1470.561791849999
 20
-3481.011060411765
 10
-1469.50421415
 20
-3505.100330245098
  0
LWPOLYLINE
  5
76
330
1F
100
AcDbEntity
  8
0
  6
Continuous
370
    20
100
AcDbPolyline
 90
        2
 70
     0
 43
0.0
 10
-1469.50421415
 20
-3505.100330245098
 10
-1467.38905875
 20
-3529.248354395098
  0
LWPOLYLINE
  5
77
330
1F
100
AcDbEntity
  8
0
  6
Continuous
370
    20
100
AcDbPolyline
 90
        2
 70
     0
 43
0.0
 10
-1467.38905875
 20
-3529.248354395098
 10
-1465.62642925
 20
-3541.998041111764
  0
LWPOLYLINE
  5
78
330
1F
100
AcDbEntity
  8
0
  6
Continuous
370
    20
100
AcDbPolyline
 90
        2
 70
     0
 43
0.0
 10
-1465.62642925
 20
-3541.998041111764
 10
-1463.041239316667
 20
-3554.630219195098
  0
LWPOLYLINE
  5
79
330
1F
100
AcDbEntity
  8
0
  6
Continuous
370
    20
100
AcDbPolyline
 90
        2
 70
     0
 43
0.0
 10
-1463.041239316667
 20
-3554.630219195098
 10
-1459.457226
 20
-3566.851117061764
  0
LWPOLYLINE
  5
7A
330
1F
100
AcDbEntity
  8
0
  6
Continuous
370
    20
100
AcDbPolyline
 90
        2
 70
     0
 43
0.0
 10
-1459.457226
 20
-3566.851117061764
 10
-1455.990721316667
 20
-3576.016790461764
  0
LWPOLYLINE
  5
7B
330
1F
100
AcDbEntity
  8
0
  6
Continuous
370
    20
100
AcDbPolyline
 90
        2
 70
     0
 43
0.0
 10
-1455.990721316667
 20
-3576.016790461764
 10
-1451.995427783334
 20
-3584.829937961765
  0
LWPOLYLINE
  5
7C
330
1F
100
AcDbEntity
  8
0
  6
Continuous
370
    20
100
AcDbPolyline
 90
        2
 70
     0
 43
0.0
 10
-1451.995427783334
 20
-3584.829937961765
 10
-1447.588854033333
 20
-3593.525576828431
  0
LWPOLYLINE
  5
7D
330
1F
100
AcDbEntity
  8
0
  6
Continuous
370
    20
100
AcDbPolyline
 90
        2
 70
     0
 43
0.0
 10
-1447.588854033333
 20
-3593.525576828431
 10
-1442.947263016667
 20
-3602.044952745097
  0
LWPOLYLINE
  5
7E
330
1F
100
AcDbEntity
  8
0
  6
Continuous
370
    20
100
AcDbPolyline
 90
        2
 70
     0
 43
0.0
 10
-1442.947263016667
 20
-3602.044952745097
 10
-1436.01425365
 20
-3613.854570395097
  0
LWPOLYLINE
  5
7F
330
1F
100
AcDbEntity
  8
0
  6
Continuous
370
    20
100
AcDbPolyline
 90
        2
 70
     0
 43
0.0
 10
-1436.01425365
 20
-3613.854570395097
 10
-1428.493701116667
 20
-3625.135399195098
  0
LWPOLYLINE
  5
80
330
1F
100
AcDbEntity
  8
0
  6
Continuous
370
    20
100
AcDbPolyline
 90
        2
 70
     0
 43
0.0
 10
-1428.493701116667
 20
-3625.135399195098
 10
-1420.091833833334
 20
-3635.887439145097
  0
LWPOLYLINE
  5
81
330
1F
100
AcDbEntity
  8
0
  6
Continuous
370
    20
100
AcDbPolyline
 90
        2
 70
     0
 43
0.0
 10
-1420.091833833334
 20
-3635.887439145097
 10
-1413.45259605
 20
-3643.172974411764
  0
LWPOLYLINE
  5
82
330
1F
100
AcDbEntity
  8
0
  6
Continuous
370
    20
100
AcDbPolyline
 90
        2
 70
     0
 43
0.0
 10
-1413.45259605
 20
-3643.172974411764
 10
-1406.04955215
 20
-3650.047229461764
  0
LWPOLYLINE
  5
83
330
1F
100
AcDbEntity
  8
0
  6
Continuous
370
    20
100
AcDbPolyline
 90
        2
 70
     0
 43
0.0
 10
-1406.04955215
 20
-3650.047229461764
 10
-1398.29398235
 20
-3656.27518702843
  0
LWPOLYLINE
  5
84
330
1F
100
AcDbEntity
  8
0
  6
Continuous
370
    20
100
AcDbPolyline
 90
        2
 70
     0
 43
0.0
 10
-1398.29398235
 20
-3656.27518702843
 10
-1390.068378016667
 20
-3661.739338478431
  0
LWPOLYLINE
  5
85
330
1F
100
AcDbEntity
  8
0
  6
Continuous
370
    20
100
AcDbPolyline
 90
        2
 70
     0
 43
0.0
 10
-1390.068378016667
 20
-3661.739338478431
 10
-1380.373915766667
 20
-3666.968472661764
  0
LWPOLYLINE
  5
86
330
1F
100
AcDbEntity
  8
0
  6
Continuous
370
    20
100
AcDbPolyline
 90
        2
 70
     0
 43
0.0
 10
-1380.373915766667
 20
-3666.968472661764
 10
-1370.209418983333
 20
-3671.375046411764
  0
LWPOLYLINE
  5
87
330
1F
100
AcDbEntity
  8
0
  6
Continuous
370
    20
100
AcDbPolyline
 90
        2
 70
     0
 43
0.0
 10
-1370.209418983333
 20
-3671.375046411764
 10
-1359.86865925
 20
-3675.311585628431
  0
LWPOLYLINE
  5
88
330
1F
100
AcDbEntity
  8
0
  6
Continuous
370
    20
100
AcDbPolyline
 90
        2
 70
     0
 43
0.0
 10
-1359.86865925
 20
-3675.311585628431
 10
-1349.410390883334
 20
-3678.954353261764
  0
LWPOLYLINE
  5
89
330
1F
100
AcDbEntity
  8
0
  6
Continuous
370
    20
100
AcDbPolyline
 90
        2
 70
     0
 43
0.0
 10
-1349.410390883334
 20
-3678.954353261764
 10
-1329.316414583333
 20
-3682.185840678431
  0
LWPOLYLINE
  5
8A
330
1F
100
AcDbEntity
  8
0
  6
Continuous
370
    20
100
AcDbPolyline
 90
        2
 70
     0
 43
0.0
 10
-1329.316414583333
 20
-3682.185840678431
 10
-1309.222438283334
 20
-3683.889715861765
  0
LWPOLYLINE
  5
8B
330
1F
100
AcDbEntity
  8
0
  6
Continuous
370
    20
100
AcDbPolyline
 90
        2
 70
     0
 43
0.0
 10
-1309.222438283334
 20
-3683.889715861765
 10
-1300.938079633333
 20
-3683.713452911764
  0
LWPOLYLINE
  5
8C
330
1F
100
AcDbEntity
  8
0
  6
Continuous
370
    20
100
AcDbPolyline
 90
        2
 70
     0
 43
0.0
 10
-1300.938079633333
 20
-3683.713452911764
 10
-1292.53621235
 20
-3683.008401111764
  0
LWPOLYLINE
  5
8D
330
1F
100
AcDbEntity
  8
0
  6
Continuous
370
    20
100
AcDbPolyline
 90
        2
 70
     0
 43
0.0
 10
-1292.53621235
 20
-3683.008401111764
 10
-1284.310608016667
 20
-3681.598297511765
  0
LWPOLYLINE
  5
8E
330
1F
100
AcDbEntity
  8
0
  6
Continuous
370
    20
100
AcDbPolyline
 90
        2
 70
     0
 43
0.0
 10
-1284.310608016667
 20
-3681.598297511765
 10
-1276.261266633334
 20
-3679.424387795097
  0
LWPOLYLINE
  5
8F
330
1F
100
AcDbEntity
  8
0
  6
Continuous
370
    20
100
AcDbPolyline
 90
        2
 70
     0
 43
0.0
 10
-1276.261266633334
 20
-3679.424387795097
 10
-1269.4457659
 20
-3676.662934911765
  0
LWPOLYLINE
  5
90
330
1F
100
AcDbEntity
  8
0
  6
Continuous
370
    20
100
AcDbPolyline
 90
        2
 70
     0
 43
0.0
 10
-1269.4457659
 20
-3676.662934911765
 10
-1262.865282433334
 20
-3673.372693178431
  0
LWPOLYLINE
  5
91
330
1F
100
AcDbEntity
  8
0
  6
Continuous
370
    20
100
AcDbPolyline
 90
        2
 70
     0
 43
0.0
 10
-1262.865282433334
 20
-3673.372693178431
 10
-1256.57857055
 20
-3669.318645328431
  0
LWPOLYLINE
  5
92
330
1F
100
AcDbEntity
  8
0
  6
Continuous
370
    20
100
AcDbPolyline
 90
        2
 70
     0
 43
0.0
 10
-1256.57857055
 20
-3669.318645328431
 10
-1250.820647516667
 20
-3664.735808628431
  0
LWPOLYLINE
  5
93
330
1F
100
AcDbEntity
  8
0
  6
Continuous
370
    20
100
AcDbPolyline
 90
        2
 70
     0
 43
0.0
 10
-1250.820647516667
 20
-3664.735808628431
 10
-1246.061547866667
 20
-3660.094217611765
  0
LWPOLYLINE
  5
94
330
1F
100
AcDbEntity
  8
0
  6
Continuous
370
    20
100
AcDbPolyline
 90
        2
 70
     0
 43
0.0
 10
-1246.061547866667
 20
-3660.094217611765
 10
-1241.77248275
 20
-3655.041346378431
  0
LWPOLYLINE
  5
95
330
1F
100
AcDbEntity
  8
0
  6
Continuous
370
    20
100
AcDbPolyline
 90
        2
 70
     0
 43
0.0
 10
-1241.77248275
 20
-3655.041346378431
 10
-1237.777189216667
 20
-3649.635949245098
  0
LWPOLYLINE
  5
96
330
1F
100
AcDbEntity
  8
0
  6
Continuous
370
    20
100
AcDbPolyline
 90
        2
 70
     0
 43
0.0
 10
-1237.777189216667
 20
-3649.635949245098
 10
-1234.075667266667
 20
-3643.936780528431
  0
LWPOLYLINE
  5
97
330
1F
100
AcDbEntity
  8
0
  6
Continuous
370
    20
100
AcDbPolyline
 90
        2
 70
     0
 43
0.0
 10
-1234.075667266667
 20
-3643.936780528431
 10
-1229.492830566667
 20
-3636.063702095098
  0
LWPOLYLINE
  5
98
330
1F
100
AcDbEntity
  8
0
  6
Continuous
370
    20
100
AcDbPolyline
 90
        2
 70
     0
 43
0.0
 10
-1229.492830566667
 20
-3636.063702095098
 10
-1225.438782716667
 20
-3627.896852078431
  0
LWPOLYLINE
  5
99
330
1F
100
AcDbEntity
  8
0
  6
Continuous
370
    20
100
AcDbPolyline
 90
        2
 70
     0
 43
0.0
 10
-1225.438782716667
 20
-3627.896852078431
 10
-1222.324803933334
 20
-3619.318721845098
  0
LWPOLYLINE
  5
9A
330
1F
100
AcDbEntity
  8
0
  6
Continuous
370
    20
100
AcDbPolyline
 90
        2
 70
     0
 43
0.0
 10
-1222.324803933334
 20
-3619.318721845098
 10
-1220.0921399
 20
-3610.446820028431
  0
LWPOLYLINE
  5
9B
330
1F
100
AcDbEntity
  8
0
  6
Continuous
370
    20
100
AcDbPolyline
 90
        2
 70
     0
 43
0.0
 10
-1220.0921399
 20
-3610.446820028431
 10
-1218.50577335
 20
-3601.398655261764
  0
LWPOLYLINE
  5
9C
330
1F
100
AcDbEntity
  8
0
  6
Continuous
370
    20
100
AcDbPolyline
 90
        2
 70
     0
 43
0.0
 10
-1218.50577335
 20
-3601.398655261764
 10
-1217.389441333333
 20
-3592.174227545098
  0
LWPOLYLINE
  5
9D
330
1F
100
AcDbEntity
  8
0
  6
Continuous
370
    20
100
AcDbPolyline
 90
        2
 70
     0
 43
0.0
 10
-1263.159054016667
 20
-3545.405791478431
 10
-1263.159054016667
 20
-3545.405791478431
  0
LWPOLYLINE
  5
9E
330
1F
100
AcDbEntity
  8
0
  6
Continuous
370
    20
100
AcDbPolyline
 90
        2
 70
     0
 43
0.0
 10
-1263.159054016667
 20
-3545.405791478431
 10
-1438.070654733334
 20
-3545.405791478431
  0
LWPOLYLINE
  5
9F
330
1F
100
AcDbEntity
  8
0
  6
Continuous
370
    20
100
AcDbPolyline
 90
        2
 70
     0
 43
0.0
 10
-1217.389441333333
 20
-3592.174227545098
 10
-1227.31892085
 20
-3591.645438695098
  0
LWPOLYLINE
  5
A0
330
1F
100
AcDbEntity
  8
0
  6
Continuous
370
    20
100
AcDbPolyline
 90
        2
 70
     0
 43
0.0
 10
-1227.612692433334
 20
-3596.639555611765
 10
-1227.025149266667
 20
-3586.651321778431
  0
LWPOLYLINE
  5
A1
330
1F
100
AcDbEntity
  8
0
  6
Continuous
370
    20
100
AcDbPolyline
 90
        2
 70
     0
 43
0.0
 10
-1280.0215429
 20
-3481.011060411765
 10
-1280.0215429
 20
-3490.999294245098
  0
LWPOLYLINE
  5
A2
330
1F
100
AcDbEntity
  8
0
  6
Continuous
370
    20
100
AcDbPolyline
 90
        2
 70
     0
 43
0.0
 10
-1275.027425983333
 20
-3490.999294245098
 10
-1285.015659816667
 20
-3490.999294245098
  0
LWPOLYLINE
  5
A3
330
1F
100
AcDbEntity
  8
0
  6
Continuous
370
    20
100
AcDbPolyline
 90
        2
 70
     0
 43
0.0
 10
-1454.8743893
 20
-3481.011060411765
 10
-1454.8743893
 20
-3490.999294245098
  0
LWPOLYLINE
  5
A4
330
1F
100
AcDbEntity
  8
0
  6
Continuous
370
    20
100
AcDbPolyline
 90
        2
 70
     0
 43
0.0
 10
-1449.880272383333
 20
-3490.999294245098
 10
-1459.868506216667
 20
-3490.999294245098
  0
LWPOLYLINE
  5
A5
330
1F
100
AcDbEntity
  8
0
  6
Continuous
370
    20
100
AcDbPolyline
 90
        2
 70
     0
 43
0.0
 10
-1420.091833833334
 20
-3635.887439145097
 10
-1412.688789933334
 20
-3629.248201361764
  0
LWPOLYLINE
  5
A6
330
1F
100
AcDbEntity
  8
0
  6
Continuous
370
    20
100
AcDbPolyline
 90
        2
 70
     0
 43
0.0
 10
-1415.979031666667
 20
-3625.487925095097
 10
-1409.3985482
 20
-3632.949723311764
  0
LWPOLYLINE
  5
A7
330
1F
100
AcDbEntity
  8
0
  6
Continuous
370
    20
100
AcDbPolyline
 90
        2
 70
     0
 43
0.0
 10
-1217.389441333333
 20
-3592.174227545098
 10
-1227.31892085
 20
-3591.645438695098
  0
LWPOLYLINE
  5
A8
330
1F
100
AcDbEntity
  8
0
  6
Continuous
370
    20
100
AcDbPolyline
 90
        2
 70
     0
 43
0.0
 10
-1227.612692433334
 20
-3596.639555611765
 10
-1227.025149266667
 20
-3586.651321778431
  0
LWPOLYLINE
  5
A9
330
1F
100
AcDbEntity
  8
0
  6
Continuous
370
    20
100
AcDbPolyline
 90
        2
 70
     0
 43
0.0
 10
-453.6420789833341
 20
-4259.682019195098
 10
-458.1661613666669
 20
-4235.181469145098
  0
LWPOLYLINE
  5
AA
330
1F
100
AcDbEntity
  8
0
  6
Continuous
370
    20
100
AcDbPolyline
 90
        2
 70
     0
 43
0.0
 10
-458.1661613666669
 20
-4235.181469145098
 10
-468.8006926833341
 20
-4212.737320178431
  0
LWPOLYLINE
  5
AB
330
1F
100
AcDbEntity
  8
0
  6
Continuous
370
    20
100
AcDbPolyline
 90
        2
 70
     0
 43
0.0
 10
-468.8006926833341
 20
-4212.737320178431
 10
-483.7242891166674
 20
-4194.405973378431
  0
LWPOLYLINE
  5
AC
330
1F
100
AcDbEntity
  8
0
  6
Continuous
370
    20
100
AcDbPolyline
 90
        2
 70
     0
 43
0.0
 10
-483.7242891166674
 20
-4194.405973378431
 10
-505.8746665000003
 20
-4181.597532345097
  0
LWPOLYLINE
  5
AD
330
1F
100
AcDbEntity
  8
0
  6
Continuous
370
    20
100
AcDbPolyline
 90
        2
 70
     0
 43
0.0
 10
-505.8746665000003
 20
-4181.597532345097
 10
-535.4868421000005
 20
-4177.660993128431
  0
LWPOLYLINE
  5
AE
330
1F
100
AcDbEntity
  8
0
  6
Continuous
370
    20
100
AcDbPolyline
 90
        2
 70
     0
 43
0.0
 10
-535.4868421000005
 20
-4177.660993128431
 10
-573.0308504500007
 20
-4182.126321195098
  0
LWPOLYLINE
  5
AF
330
1F
100
AcDbEntity
  8
0
  6
Continuous
370
    20
100
AcDbPolyline
 90
        2
 70
     0
 43
0.0
 10
-573.0308504500007
 20
-4182.126321195098
 10
-610.9273847000004
 20
-4198.225003961765
  0
LWPOLYLINE
  5
B0
330
1F
100
AcDbEntity
  8
0
  6
Continuous
370
    20
100
AcDbPolyline
 90
        2
 70
     0
 43
0.0
 10
-610.9273847000004
 20
-4198.225003961765
 10
-638.8944394333338
 20
-4222.255519478431
  0
LWPOLYLINE
  5
B1
330
1F
100
AcDbEntity
  8
0
  6
Continuous
370
    20
100
AcDbPolyline
 90
        2
 70
     0
 43
0.0
 10
-638.8944394333338
 20
-4222.255519478431
 10
-660.4572736500008
 20
-4254.217867745097
  0
LWPOLYLINE
  5
B2
330
1F
100
AcDbEntity
  8
0
  6
Continuous
370
    20
100
AcDbPolyline
 90
        2
 70
     0
 43
0.0
 10
-660.4572736500008
 20
-4254.217867745097
 10
-676.2034305166674
 20
-4287.707828245097
  0
LWPOLYLINE
  5
B3
330
1F
100
AcDbEntity
  8
0
  6
Continuous
370
    20
100
AcDbPolyline
 90
        2
 70
     0
 43
0.0
 10
-676.2034305166674
 20
-4287.707828245097
 10
-683.7827373666673
 20
-4323.606715728431
  0
LWPOLYLINE
  5
B4
330
1F
100
AcDbEntity
  8
0
  6
Continuous
370
    20
100
AcDbPolyline
 90
        2
 70
     0
 43
0.0
 10
-683.7827373666673
 20
-4323.606715728431
 10
-686.1329100333336
 20
-4360.386917961764
  0
LWPOLYLINE
  5
B5
330
1F
100
AcDbEntity
  8
0
  6
Continuous
370
    20
100
AcDbPolyline
 90
        2
 70
     0
 43
0.0
 10
-686.1329100333336
 20
-4360.386917961764
 10
-681.0800388000006
 20
-4360.386917961764
  0
LWPOLYLINE
  5
B6
330
1F
100
AcDbEntity
  8
0
  6
Continuous
370
    20
100
AcDbPolyline
 90
        2
 70
     0
 43
0.0
 10
-681.0800388000006
 20
-4360.386917961764
 10
-506.2859467166667
 20
-4360.386917961764
  0
LWPOLYLINE
  5
B7
330
1F
100
AcDbEntity
  8
0
  6
Continuous
370
    20
100
AcDbPolyline
 90
        2
 70
     0
 43
0.0
 10
-506.2859467166667
 20
-4360.386917961764
 10
-486.2507247333337
 20
-4360.386917961764
  0
LWPOLYLINE
  5
B8
330
1F
100
AcDbEntity
  8
0
  6
Continuous
370
    20
100
AcDbPolyline
 90
        2
 70
     0
 43
0.0
 10
-486.2507247333337
 20
-4360.386917961764
 10
-479.9052585333338
 20
-4334.358755678431
  0
LWPOLYLINE
  5
B9
330
1F
100
AcDbEntity
  8
0
  6
Continuous
370
    20
100
AcDbPolyline
 90
        2
 70
     0
 43
0.0
 10
-479.9052585333338
 20
-4334.358755678431
 10
-466.6267829666671
 20
-4310.798274695097
  0
LWPOLYLINE
  5
BA
330
1F
100
AcDbEntity
  8
0
  6
Continuous
370
    20
100
AcDbPolyline
 90
        2
 70
     0
 43
0.0
 10
-466.6267829666671
 20
-4310.798274695097
 10
-455.5222171166674
 20
-4285.710181478431
  0
LWPOLYLINE
  5
BB
330
1F
100
AcDbEntity
  8
0
  6
Continuous
370
    20
100
AcDbPolyline
 90
        2
 70
     0
 43
0.0
 10
-455.5222171166674
 20
-4285.710181478431
 10
-453.6420789833341
 20
-4259.682019195098
  0
LWPOLYLINE
  5
BC
330
1F
100
AcDbEntity
  8
0
  6
Continuous
370
    20
100
AcDbPolyline
 90
        2
 70
     0
 43
0.0
 10
-443.5950908333338
 20
-4259.211984661764
 10
-443.5950908333338
 20
-4259.211984661764
  0
LWPOLYLINE
  5
BD
330
1F
100
AcDbEntity
  8
0
  6
Continuous
370
    20
100
AcDbPolyline
 90
        2
 70
     0
 43
0.0
 10
-443.5950908333338
 20
-4259.211984661764
 10
-445.4752289666671
 20
-4245.404720245097
  0
LWPOLYLINE
  5
BE
330
1F
100
AcDbEntity
  8
0
  6
Continuous
370
    20
100
AcDbPolyline
 90
        2
 70
     0
 43
0.0
 10
-445.4752289666671
 20
-4245.404720245097
 10
-448.5892077500007
 20
-4232.067490361765
  0
LWPOLYLINE
  5
BF
330
1F
100
AcDbEntity
  8
0
  6
Continuous
370
    20
100
AcDbPolyline
 90
        2
 70
     0
 43
0.0
 10
-448.5892077500007
 20
-4232.067490361765
 10
-450.8806261000004
 20
-4225.604515528431
  0
LWPOLYLINE
  5
C0
330
1F
100
AcDbEntity
  8
0
  6
Continuous
370
    20
100
AcDbPolyline
 90
        2
 70
     0
 43
0.0
 10
-450.8806261000004
 20
-4225.604515528431
 10
-453.6420789833341
 20
-4219.376557961765
  0
LWPOLYLINE
  5
C1
330
1F
100
AcDbEntity
  8
0
  6
Continuous
370
    20
100
AcDbPolyline
 90
        2
 70
     0
 43
0.0
 10
-453.6420789833341
 20
-4219.376557961765
 10
-456.8148120833338
 20
-4213.324863345097
  0
LWPOLYLINE
  5
C2
330
1F
100
AcDbEntity
  8
0
  6
Continuous
370
    20
100
AcDbPolyline
 90
        2
 70
     0
 43
0.0
 10
-456.8148120833338
 20
-4213.324863345097
 10
-460.3400710833339
 20
-4207.449431678431
  0
LWPOLYLINE
  5
C3
330
1F
100
AcDbEntity
  8
0
  6
Continuous
370
    20
100
AcDbPolyline
 90
        2
 70
     0
 43
0.0
 10
-460.3400710833339
 20
-4207.449431678431
 10
-465.3341880000007
 20
-4199.987633461764
  0
LWPOLYLINE
  5
C4
330
1F
100
AcDbEntity
  8
0
  6
Continuous
370
    20
100
AcDbPolyline
 90
        2
 70
     0
 43
0.0
 10
-465.3341880000007
 20
-4199.987633461764
 10
-470.8570937666668
 20
-4192.937115461765
  0
LWPOLYLINE
  5
C5
330
1F
100
AcDbEntity
  8
0
  6
Continuous
370
    20
100
AcDbPolyline
 90
        2
 70
     0
 43
0.0
 10
-470.8570937666668
 20
-4192.937115461765
 10
-477.0262970166672
 20
-4186.591649261764
  0
LWPOLYLINE
  5
C6
330
1F
100
AcDbEntity
  8
0
  6
Continuous
370
    20
100
AcDbPolyline
 90
        2
 70
     0
 43
0.0
 10
-477.0262970166672
 20
-4186.591649261764
 10
-482.7842200500003
 20
-4182.067566878432
  0
LWPOLYLINE
  5
C7
330
1F
100
AcDbEntity
  8
0
  6
Continuous
370
    20
100
AcDbPolyline
 90
        2
 70
     0
 43
0.0
 10
-482.7842200500003
 20
-4182.067566878432
 10
-489.0121776166674
 20
-4178.072273345097
  0
LWPOLYLINE
  5
C8
330
1F
100
AcDbEntity
  8
0
  6
Continuous
370
    20
100
AcDbPolyline
 90
        2
 70
     0
 43
0.0
 10
-489.0121776166674
 20
-4178.072273345097
 10
-495.651415400001
 20
-4174.664522978431
  0
LWPOLYLINE
  5
C9
330
1F
100
AcDbEntity
  8
0
  6
Continuous
370
    20
100
AcDbPolyline
 90
        2
 70
     0
 43
0.0
 10
-495.651415400001
 20
-4174.664522978431
 10
-502.5844247666673
 20
-4171.961824411765
  0
LWPOLYLINE
  5
CA
330
1F
100
AcDbEntity
  8
0
  6
Continuous
370
    20
100
AcDbPolyline
 90
        2
 70
     0
 43
0.0
 10
-502.5844247666673
 20
-4171.961824411765
 10
-510.575011833334
 20
-4169.787914695098
  0
LWPOLYLINE
  5
CB
330
1F
100
AcDbEntity
  8
0
  6
Continuous
370
    20
100
AcDbPolyline
 90
        2
 70
     0
 43
0.0
 10
-510.575011833334
 20
-4169.787914695098
 10
-518.8006161666671
 20
-4168.319056778432
  0
LWPOLYLINE
  5
CC
330
1F
100
AcDbEntity
  8
0
  6
Continuous
370
    20
100
AcDbPolyline
 90
        2
 70
     0
 43
0.0
 10
-518.8006161666671
 20
-4168.319056778432
 10
-527.084974816667
 20
-4167.672759295097
  0
LWPOLYLINE
  5
CD
330
1F
100
AcDbEntity
  8
0
  6
Continuous
370
    20
100
AcDbPolyline
 90
        2
 70
     0
 43
0.0
 10
-527.084974816667
 20
-4167.672759295097
 10
-535.3693334666672
 20
-4167.555250661764
  0
LWPOLYLINE
  5
CE
330
1F
100
AcDbEntity
  8
0
  6
Continuous
370
    20
100
AcDbPolyline
 90
        2
 70
     0
 43
0.0
 10
-535.3693334666672
 20
-4167.555250661764
 10
-545.5338302500008
 20
-4168.084039511764
  0
LWPOLYLINE
  5
CF
330
1F
100
AcDbEntity
  8
0
  6
Continuous
370
    20
100
AcDbPolyline
 90
        2
 70
     0
 43
0.0
 10
-545.5338302500008
 20
-4168.084039511764
 10
-555.6395727166672
 20
-4169.200371528431
  0
LWPOLYLINE
  5
D0
330
1F
100
AcDbEntity
  8
0
  6
Continuous
370
    20
100
AcDbPolyline
 90
        2
 70
     0
 43
0.0
 10
-555.6395727166672
 20
-4169.200371528431
 10
-565.5690522333339
 20
-4170.727983761763
  0
LWPOLYLINE
  5
D1
330
1F
100
AcDbEntity
  8
0
  6
Continuous
370
    20
100
AcDbPolyline
 90
        2
 70
     0
 43
0.0
 10
-565.5690522333339
 20
-4170.727983761763
 10
-575.5572860666672
 20
-4172.373104628431
  0
LWPOLYLINE
  5
D2
330
1F
100
AcDbEntity
  8
0
  6
Continuous
370
    20
100
AcDbPolyline
 90
        2
 70
     0
 43
0.0
 10
-575.5572860666672
 20
-4172.373104628431
 10
-589.5995677500004
 20
-4177.367221545098
  0
LWPOLYLINE
  5
D3
330
1F
100
AcDbEntity
  8
0
  6
Continuous
370
    20
100
AcDbPolyline
 90
        2
 70
     0
 43
0.0
 10
-589.5995677500004
 20
-4177.367221545098
 10
-603.2305692166674
 20
-4182.890127311764
  0
LWPOLYLINE
  5
D4
330
1F
100
AcDbEntity
  8
0
  6
Continuous
370
    20
100
AcDbPolyline
 90
        2
 70
     0
 43
0.0
 10
-603.2305692166674
 20
-4182.890127311764
 10
-616.2740275166675
 20
-4189.646873728431
  0
LWPOLYLINE
  5
D5
330
1F
100
AcDbEntity
  8
0
  6
Continuous
370
    20
100
AcDbPolyline
 90
        2
 70
     0
 43
0.0
 10
-616.2740275166675
 20
-4189.646873728431
 10
-624.5583861666673
 20
-4195.169779495098
  0
LWPOLYLINE
  5
D6
330
1F
100
AcDbEntity
  8
0
  6
Continuous
370
    20
100
AcDbPolyline
 90
        2
 70
     0
 43
0.0
 10
-624.5583861666673
 20
-4195.169779495098
 10
-632.372710283334
 20
-4201.338982745098
  0
LWPOLYLINE
  5
D7
330
1F
100
AcDbEntity
  8
0
  6
Continuous
370
    20
100
AcDbPolyline
 90
        2
 70
     0
 43
0.0
 10
-632.372710283334
 20
-4201.338982745098
 10
-639.599491233334
 20
-4208.213237795098
  0
LWPOLYLINE
  5
D8
330
1F
100
AcDbEntity
  8
0
  6
Continuous
370
    20
100
AcDbPolyline
 90
        2
 70
     0
 43
0.0
 10
-639.599491233334
 20
-4208.213237795098
 10
-646.4149919666672
 20
-4215.557527378432
  0
LWPOLYLINE
  5
D9
330
1F
100
AcDbEntity
  8
0
  6
Continuous
370
    20
100
AcDbPolyline
 90
        2
 70
     0
 43
0.0
 10
-646.4149919666672
 20
-4215.557527378432
 10
-652.7604581666674
 20
-4223.489360128431
  0
LWPOLYLINE
  5
DA
330
1F
100
AcDbEntity
  8
0
  6
Continuous
370
    20
100
AcDbPolyline
 90
        2
 70
     0
 43
0.0
 10
-652.7604581666674
 20
-4223.489360128431
 10
-658.5771355166671
 20
-4231.891227411765
  0
LWPOLYLINE
  5
DB
330
1F
100
AcDbEntity
  8
0
  6
Continuous
370
    20
100
AcDbPolyline
 90
        2
 70
     0
 43
0.0
 10
-658.5771355166671
 20
-4231.891227411765
 10
-663.9825326500004
 20
-4240.528111961764
  0
LWPOLYLINE
  5
DC
330
1F
100
AcDbEntity
  8
0
  6
Continuous
370
    20
100
AcDbPolyline
 90
        2
 70
     0
 43
0.0
 10
-663.9825326500004
 20
-4240.528111961764
 10
-669.1529125166671
 20
-4249.282505145099
  0
LWPOLYLINE
  5
DD
330
1F
100
AcDbEntity
  8
0
  6
Continuous
370
    20
100
AcDbPolyline
 90
        2
 70
     0
 43
0.0
 10
-669.1529125166671
 20
-4249.282505145099
 10
-675.4396244000008
 20
-4260.739596895097
  0
LWPOLYLINE
  5
DE
330
1F
100
AcDbEntity
  8
0
  6
Continuous
370
    20
100
AcDbPolyline
 90
        2
 70
     0
 43
0.0
 10
-675.4396244000008
 20
-4260.739596895097
 10
-681.0212844833336
 20
-4272.372951595098
  0
LWPOLYLINE
  5
DF
330
1F
100
AcDbEntity
  8
0
  6
Continuous
370
    20
100
AcDbPolyline
 90
        2
 70
     0
 43
0.0
 10
-681.0212844833336
 20
-4272.372951595098
 10
-685.6628755000006
 20
-4284.476340828431
  0
LWPOLYLINE
  5
E0
330
1F
100
AcDbEntity
  8
0
  6
Continuous
370
    20
100
AcDbPolyline
 90
        2
 70
     0
 43
0.0
 10
-685.6628755000006
 20
-4284.476340828431
 10
-688.4243283833338
 20
-4293.700768545098
  0
LWPOLYLINE
  5
E1
330
1F
100
AcDbEntity
  8
0
  6
Continuous
370
    20
100
AcDbPolyline
 90
        2
 70
     0
 43
0.0
 10
-688.4243283833338
 20
-4293.700768545098
 10
-690.6569924166672
 20
-4303.101459211764
  0
LWPOLYLINE
  5
E2
330
1F
100
AcDbEntity
  8
0
  6
Continuous
370
    20
100
AcDbPolyline
 90
        2
 70
     0
 43
0.0
 10
-690.6569924166672
 20
-4303.101459211764
 10
-692.3608676000007
 20
-4312.560904195097
  0
LWPOLYLINE
  5
E3
330
1F
100
AcDbEntity
  8
0
  6
Continuous
370
    20
100
AcDbPolyline
 90
        2
 70
     0
 43
0.0
 10
-692.3608676000007
 20
-4312.560904195097
 10
-693.7122168833338
 20
-4322.137857811764
  0
LWPOLYLINE
  5
E4
330
1F
100
AcDbEntity
  8
0
  6
Continuous
370
    20
100
AcDbPolyline
 90
        2
 70
     0
 43
0.0
 10
-693.7122168833338
 20
-4322.137857811764
 10
-695.2398291166673
 20
-4338.236540578431
  0
LWPOLYLINE
  5
E5
330
1F
100
AcDbEntity
  8
0
  6
Continuous
370
    20
100
AcDbPolyline
 90
        2
 70
     0
 43
0.0
 10
-695.2398291166673
 20
-4338.236540578431
 10
-696.1211438666673
 20
-4354.276469028431
  0
LWPOLYLINE
  5
E6
330
1F
100
AcDbEntity
  8
0
  6
Continuous
370
    20
100
AcDbPolyline
 90
        2
 70
     0
 43
0.0
 10
-696.1211438666673
 20
-4354.276469028431
 10
-696.7086870333337
 20
-4370.375151795097
  0
LWPOLYLINE
  5
E7
330
1F
100
AcDbEntity
  8
0
  6
Continuous
370
    20
100
AcDbPolyline
 90
        2
 70
     0
 43
0.0
 10
-696.7086870333337
 20
-4370.375151795097
 10
-696.7086870333337
 20
-4370.375151795097
  0
LWPOLYLINE
  5
E8
330
1F
100
AcDbEntity
  8
0
  6
Continuous
370
    20
100
AcDbPolyline
 90
        2
 70
     0
 43
0.0
 10
-696.7086870333337
 20
-4370.375151795097
 10
-681.0800388000006
 20
-4370.375151795097
  0
LWPOLYLINE
  5
E9
330
1F
100
AcDbEntity
  8
0
  6
Continuous
370
    20
100
AcDbPolyline
 90
        2
 70
     0
 43
0.0
 10
-681.0800388000006
 20
-4370.375151795097
 10
-681.0800388000006
 20
-4370.375151795097
  0
LWPOLYLINE
  5
EA
330
1F
100
AcDbEntity
  8
0
  6
Continuous
370
    20
100
AcDbPolyline
 90
        2
 70
     0
 43
0.0
 10
-681.0800388000006
 20
-4370.375151795097
 10
-506.2859467166667
 20
-4370.375151795097
  0
LWPOLYLINE
  5
EB
330
1F
100
AcDbEntity
  8
0
  6
Continuous
370
    20
100
AcDbPolyline
 90
        2
 70
     0
 43
0.0
 10
-506.2859467166667
 20
-4370.375151795097
 10
-506.2859467166667
 20
-4370.375151795097
  0
LWPOLYLINE
  5
EC
330
1F
100
AcDbEntity
  8
0
  6
Continuous
370
    20
100
AcDbPolyline
 90
        2
 70
     0
 43
0.0
 10
-506.2859467166667
 20
-4370.375151795097
 10
-478.4364006166675
 20
-4370.375151795097
  0
LWPOLYLINE
  5
ED
330
1F
100
AcDbEntity
  8
0
  6
Continuous
370
    20
100
AcDbPolyline
 90
        2
 70
     0
 43
0.0
 10
-478.4364006166675
 20
-4370.375151795097
 10
-478.4364006166675
 20
-4370.375151795097
  0
LWPOLYLINE
  5
EE
330
1F
100
AcDbEntity
  8
0
  6
Continuous
370
    20
100
AcDbPolyline
 90
        2
 70
     0
 43
0.0
 10
-478.4364006166675
 20
-4370.375151795097
 10
-476.4975081666671
 20
-4359.270585945098
  0
LWPOLYLINE
  5
EF
330
1F
100
AcDbEntity
  8
0
  6
Continuous
370
    20
100
AcDbPolyline
 90
        2
 70
     0
 43
0.0
 10
-476.4975081666671
 20
-4359.270585945098
 10
-474.029826866667
 20
-4348.459791678432
  0
LWPOLYLINE
  5
F0
330
1F
100
AcDbEntity
  8
0
  6
Continuous
370
    20
100
AcDbPolyline
 90
        2
 70
     0
 43
0.0
 10
-474.029826866667
 20
-4348.459791678432
 10
-470.504567866667
 20
-4338.060277628431
  0
LWPOLYLINE
  5
F1
330
1F
100
AcDbEntity
  8
0
  6
Continuous
370
    20
100
AcDbPolyline
 90
        2
 70
     0
 43
0.0
 10
-470.504567866667
 20
-4338.060277628431
 10
-466.6855372833338
 20
-4330.363462145098
  0
LWPOLYLINE
  5
F2
330
1F
100
AcDbEntity
  8
0
  6
Continuous
370
    20
100
AcDbPolyline
 90
        2
 70
     0
 43
0.0
 10
-466.6855372833338
 20
-4330.363462145098
 10
-462.2202092166672
 20
-4322.842909611764
  0
LWPOLYLINE
  5
F3
330
1F
100
AcDbEntity
  8
0
  6
Continuous
370
    20
100
AcDbPolyline
 90
        2
 70
     0
 43
0.0
 10
-462.2202092166672
 20
-4322.842909611764
 10
-457.6373725166672
 20
-4315.322357078431
  0
LWPOLYLINE
  5
F4
330
1F
100
AcDbEntity
  8
0
  6
Continuous
370
    20
100
AcDbPolyline
 90
        2
 70
     0
 43
0.0
 10
-457.6373725166672
 20
-4315.322357078431
 10
-452.7607642333337
 20
-4306.567963895098
  0
LWPOLYLINE
  5
F5
330
1F
100
AcDbEntity
  8
0
  6
Continuous
370
    20
100
AcDbPolyline
 90
        2
 70
     0
 43
0.0
 10
-452.7607642333337
 20
-4306.567963895098
 10
-448.6479620666673
 20
-4297.519799128431
  0
LWPOLYLINE
  5
F6
330
1F
100
AcDbEntity
  8
0
  6
Continuous
370
    20
100
AcDbPolyline
 90
        2
 70
     0
 43
0.0
 10
-448.6479620666673
 20
-4297.519799128431
 10
-445.7102462333336
 20
-4288.119108461764
  0
LWPOLYLINE
  5
F7
330
1F
100
AcDbEntity
  8
0
  6
Continuous
370
    20
100
AcDbPolyline
 90
        2
 70
     0
 43
0.0
 10
-445.7102462333336
 20
-4288.119108461764
 10
-444.4176512666672
 20
-4281.009836145098
  0
LWPOLYLINE
  5
F8
330
1F
100
AcDbEntity
  8
0
  6
Continuous
370
    20
100
AcDbPolyline
 90
        2
 70
     0
 43
0.0
 10
-444.4176512666672
 20
-4281.009836145098
 10
-443.8301081000004
 20
-4273.841809511765
  0
LWPOLYLINE
  5
F9
330
1F
100
AcDbEntity
  8
0
  6
Continuous
370
    20
100
AcDbPolyline
 90
        2
 70
     0
 43
0.0
 10
-443.8301081000004
 20
-4273.841809511765
 10
-443.5950908333338
 20
-4266.556274245097
  0
LWPOLYLINE
  5
FA
330
1F
100
AcDbEntity
  8
0
  6
Continuous
370
    20
100
AcDbPolyline
 90
        2
 70
     0
 43
0.0
 10
-443.5950908333338
 20
-4266.556274245097
 10
-443.5950908333338
 20
-4259.211984661764
  0
LWPOLYLINE
  5
FB
330
1F
100
AcDbEntity
  8
0
  6
Continuous
370
    20
100
AcDbPolyline
 90
        2
 70
     0
 43
0.0
 10
-664.3350585500006
 20
-4305.980420728431
 10
-664.3350585500006
 20
-4305.980420728431
  0
LWPOLYLINE
  5
FC
330
1F
100
AcDbEntity
  8
0
  6
Continuous
370
    20
100
AcDbPolyline
 90
        2
 70
     0
 43
0.0
 10
-664.3350585500006
 20
-4305.980420728431
 10
-489.4234578333339
 20
-4305.980420728431
  0
LWPOLYLINE
  5
FD
330
1F
100
AcDbEntity
  8
0
  6
Continuous
370
    20
100
AcDbPolyline
 90
        2
 70
     0
 43
0.0
 10
-443.5950908333338
 20
-4259.211984661764
 10
-453.583324666667
 20
-4259.682019195098
  0
LWPOLYLINE
  5
FE
330
1F
100
AcDbEntity
  8
0
  6
Continuous
370
    20
100
AcDbPolyline
 90
        2
 70
     0
 43
0.0
 10
-453.3483074000005
 20
-4264.676136111764
 10
-453.818341933334
 20
-4254.746656595098
  0
LWPOLYLINE
  5
FF
330
1F
100
AcDbEntity
  8
0
  6
Continuous
370
    20
100
AcDbPolyline
 90
        2
 70
     0
 43
0.0
 10
-646.4149919666672
 20
-4215.557527378432
 10
-638.9531937500005
 20
-4222.138010845098
  0
LWPOLYLINE
  5
100
330
1F
100
AcDbEntity
  8
0
  6
Continuous
370
    20
100
AcDbPolyline
 90
        2
 70
     0
 43
0.0
 10
-635.5454433833338
 20
-4218.436488895098
 10
-642.243435483334
 20
-4225.839532795098
  0
LWPOLYLINE
  5
101
330
1F
100
AcDbEntity
  8
0
  6
Continuous
370
    20
100
AcDbPolyline
 90
        2
 70
     0
 43
0.0
 10
-681.0800388000006
 20
-4370.375151795097
 10
-681.0800388000006
 20
-4360.386917961764
  0
LWPOLYLINE
  5
102
330
1F
100
AcDbEntity
  8
0
  6
Continuous
370
    20
100
AcDbPolyline
 90
        2
 70
     0
 43
0.0
 10
-686.1329100333336
 20
-4360.386917961764
 10
-676.0859218833338
 20
-4360.386917961764
  0
LWPOLYLINE
  5
103
330
1F
100
AcDbEntity
  8
0
  6
Continuous
370
    20
100
AcDbPolyline
 90
        2
 70
     0
 43
0.0
 10
-506.2859467166667
 20
-4370.375151795097
 10
-506.2859467166667
 20
-4360.386917961764
  0
LWPOLYLINE
  5
104
330
1F
100
AcDbEntity
  8
0
  6
Continuous
370
    20
100
AcDbPolyline
 90
        2
 70
     0
 43
0.0
 10
-511.2800636333336
 20
-4360.386917961764
 10
-501.2330754833337
 20
-4360.386917961764
  0
LWPOLYLINE
  5
105
330
1F
100
AcDbEntity
  8
0
  6
Continuous
370
    20
100
AcDbPolyline
 90
        2
 70
     0
 43
0.0
 10
-443.5950908333338
 20
-4259.211984661764
 10
-453.583324666667
 20
-4259.682019195098
  0
LWPOLYLINE
  5
106
330
1F
100
AcDbEntity
  8
0
  6
Continuous
370
    20
100
AcDbPolyline
 90
        2
 70
     0
 43
0.0
 10
-453.3483074000005
 20
-4264.676136111764
 10
-453.818341933334
 20
-4254.746656595098
  0
LWPOLYLINE
  5
107
330
1F
100
AcDbEntity
  8
0
  6
Continuous
370
    20
100
AcDbPolyline
 90
        2
 70
     0
 43
0.0
 10
-2315.507619833333
 20
-3825.781390611764
 10
-2315.507619833333
 20
-3736.357320645097
  0
LWPOLYLINE
  5
108
330
1F
100
AcDbEntity
  8
0
  6
Continuous
370
    20
100
AcDbPolyline
 90
        2
 70
     0
 43
0.0
 10
-2315.507619833333
 20
-3736.357320645097
 10
-2317.211495016667
 20
-3716.733378878431
  0
LWPOLYLINE
  5
109
330
1F
100
AcDbEntity
  8
0
  6
Continuous
370
    20
100
AcDbPolyline
 90
        2
 70
     0
 43
0.0
 10
-2317.211495016667
 20
-3716.733378878431
 10
-2319.032878833333
 20
-3696.991928478431
  0
LWPOLYLINE
  5
10A
330
1F
100
AcDbEntity
  8
0
  6
Continuous
370
    20
100
AcDbPolyline
 90
        2
 70
     0
 43
0.0
 10
-2319.032878833333
 20
-3696.991928478431
 10
-2321.324297183334
 20
-3677.367986711764
  0
LWPOLYLINE
  5
10B
330
1F
100
AcDbEntity
  8
0
  6
Continuous
370
    20
100
AcDbPolyline
 90
        2
 70
     0
 43
0.0
 10
-2321.324297183334
 20
-3677.367986711764
 10
-2322.558137833334
 20
-3669.31864532843
  0
LWPOLYLINE
  5
10C
330
1F
100
AcDbEntity
  8
0
  6
Continuous
370
    20
100
AcDbPolyline
 90
        2
 70
     0
 43
0.0
 10
-2322.558137833334
 20
-3669.31864532843
 10
-2323.968241433334
 20
-3657.802799261764
  0
LWPOLYLINE
  5
10D
330
1F
100
AcDbEntity
  8
0
  6
Continuous
370
    20
100
AcDbPolyline
 90
        2
 70
     0
 43
0.0
 10
-2323.968241433334
 20
-3657.802799261764
 10
-2327.258483166667
 20
-3638.472629078431
  0
LWPOLYLINE
  5
10E
330
1F
100
AcDbEntity
  8
0
  6
Continuous
370
    20
100
AcDbPolyline
 90
        2
 70
     0
 43
0.0
 10
-2327.258483166667
 20
-3638.472629078431
 10
-2331.488793966667
 20
-3619.142458895098
  0
LWPOLYLINE
  5
10F
330
1F
100
AcDbEntity
  8
0
  6
Continuous
370
    20
100
AcDbPolyline
 90
        2
 70
     0
 43
0.0
 10
-2331.488793966667
 20
-3619.142458895098
 10
-2336.71792815
 20
-3600.223568928431
  0
LWPOLYLINE
  5
110
330
1F
100
AcDbEntity
  8
0
  6
Continuous
370
    20
100
AcDbPolyline
 90
        2
 70
     0
 43
0.0
 10
-2336.71792815
 20
-3600.223568928431
 10
-2342.828377083334
 20
-3581.480941911764
  0
LWPOLYLINE
  5
111
330
1F
100
AcDbEntity
  8
0
  6
Continuous
370
    20
100
AcDbPolyline
 90
        2
 70
     0
 43
0.0
 10
-2342.828377083334
 20
-3581.480941911764
 10
-2349.76138645
 20
-3562.973332161765
  0
LWPOLYLINE
  5
112
330
1F
100
AcDbEntity
  8
0
  6
Continuous
370
    20
100
AcDbPolyline
 90
        2
 70
     0
 43
0.0
 10
-2349.76138645
 20
-3562.973332161765
 10
-2356.224361283333
 20
-3544.348213778431
  0
LWPOLYLINE
  5
113
330
1F
100
AcDbEntity
  8
0
  6
Continuous
370
    20
100
AcDbPolyline
 90
        2
 70
     0
 43
0.0
 10
-2356.224361283333
 20
-3544.348213778431
 10
-2360.8659523
 20
-3525.253060861764
  0
LWPOLYLINE
  5
114
330
1F
100
AcDbEntity
  8
0
  6
Continuous
370
    20
100
AcDbPolyline
 90
        2
 70
     0
 43
0.0
 10
-2360.8659523
 20
-3525.253060861764
 10
-2363.3336336
 20
-3505.687873411764
  0
LWPOLYLINE
  5
115
330
1F
100
AcDbEntity
  8
0
  6
Continuous
370
    20
100
AcDbPolyline
 90
        2
 70
     0
 43
0.0
 10
-2363.3336336
 20
-3505.687873411764
 10
-2524.202952633333
 20
-3500.341230595097
  0
LWPOLYLINE
  5
116
330
1F
100
AcDbEntity
  8
0
  6
Continuous
370
    20
100
AcDbPolyline
 90
        2
 70
     0
 43
0.0
 10
-2524.202952633333
 20
-3500.341230595097
 10
-2658.750337800001
 20
-3495.875902528431
  0
LWPOLYLINE
  5
117
330
1F
100
AcDbEntity
  8
0
  6
Continuous
370
    20
100
AcDbPolyline
 90
        2
 70
     0
 43
0.0
 10
-2658.750337800001
 20
-3495.875902528431
 10
-2790.712533033333
 20
-3491.293065828431
  0
LWPOLYLINE
  5
118
330
1F
100
AcDbEntity
  8
0
  6
Continuous
370
    20
100
AcDbPolyline
 90
        2
 70
     0
 43
0.0
 10
-2790.712533033333
 20
-3491.293065828431
 10
-2794.061529083334
 20
-3505.805382045098
  0
LWPOLYLINE
  5
119
330
1F
100
AcDbEntity
  8
0
  6
Continuous
370
    20
100
AcDbPolyline
 90
        2
 70
     0
 43
0.0
 10
-2794.061529083334
 20
-3505.805382045098
 10
-2800.406995283333
 20
-3519.671400778431
  0
LWPOLYLINE
  5
11A
330
1F
100
AcDbEntity
  8
0
  6
Continuous
370
    20
100
AcDbPolyline
 90
        2
 70
     0
 43
0.0
 10
-2800.406995283333
 20
-3519.671400778431
 10
-2808.39758235
 20
-3531.833544328431
  0
LWPOLYLINE
  5
11B
330
1F
100
AcDbEntity
  8
0
  6
Continuous
370
    20
100
AcDbPolyline
 90
        2
 70
     0
 43
0.0
 10
-2808.39758235
 20
-3531.833544328431
 10
-2819.443393883333
 20
-3542.174304061764
  0
LWPOLYLINE
  5
11C
330
1F
100
AcDbEntity
  8
0
  6
Continuous
370
    20
100
AcDbPolyline
 90
        2
 70
     0
 43
0.0
 10
-2819.443393883333
 20
-3542.174304061764
 10
-2831.840554700001
 20
-3551.574994728431
  0
LWPOLYLINE
  5
11D
330
1F
100
AcDbEntity
  8
0
  6
Continuous
370
    20
100
AcDbPolyline
 90
        2
 70
     0
 43
0.0
 10
-2831.840554700001
 20
-3551.574994728431
 10
-2844.884013
 20
-3559.095547261764
  0
LWPOLYLINE
  5
11E
330
1F
100
AcDbEntity
  8
0
  6
Continuous
370
    20
100
AcDbPolyline
 90
        2
 70
     0
 43
0.0
 10
-2844.884013
 20
-3559.095547261764
 10
-2858.573768783333
 20
-3565.088487561764
  0
LWPOLYLINE
  5
11F
330
1F
100
AcDbEntity
  8
0
  6
Continuous
370
    20
100
AcDbPolyline
 90
        2
 70
     0
 43
0.0
 10
-2858.573768783333
 20
-3565.088487561764
 10
-2872.909822049999
 20
-3570.082604478431
  0
LWPOLYLINE
  5
120
330
1F
100
AcDbEntity
  8
0
  6
Continuous
370
    20
100
AcDbPolyline
 90
        2
 70
     0
 43
0.0
 10
-2872.909822049999
 20
-3570.082604478431
 10
-2887.422138266666
 20
-3573.784126428431
  0
LWPOLYLINE
  5
121
330
1F
100
AcDbEntity
  8
0
  6
Continuous
370
    20
100
AcDbPolyline
 90
        2
 70
     0
 43
0.0
 10
-2887.422138266666
 20
-3573.784126428431
 10
-2902.16947175
 20
-3577.250631111764
  0
LWPOLYLINE
  5
122
330
1F
100
AcDbEntity
  8
0
  6
Continuous
370
    20
100
AcDbPolyline
 90
        2
 70
     0
 43
0.0
 10
-2902.16947175
 20
-3577.250631111764
 10
-2916.916805233334
 20
-3579.718312411764
  0
LWPOLYLINE
  5
123
330
1F
100
AcDbEntity
  8
0
  6
Continuous
370
    20
100
AcDbPolyline
 90
        2
 70
     0
 43
0.0
 10
-2916.916805233334
 20
-3579.718312411764
 10
-2935.483169300001
 20
-3581.069661695097
  0
LWPOLYLINE
  5
124
330
1F
100
AcDbEntity
  8
0
  6
Continuous
370
    20
100
AcDbPolyline
 90
        2
 70
     0
 43
0.0
 10
-2935.483169300001
 20
-3581.069661695097
 10
-2954.225796316667
 20
-3581.363433278431
  0
LWPOLYLINE
  5
125
330
1F
100
AcDbEntity
  8
0
  6
Continuous
370
    20
100
AcDbPolyline
 90
        2
 70
     0
 43
0.0
 10
-2954.225796316667
 20
-3581.363433278431
 10
-2972.792160383333
 20
-3580.834644428431
  0
LWPOLYLINE
  5
126
330
1F
100
AcDbEntity
  8
0
  6
Continuous
370
    20
100
AcDbPolyline
 90
        2
 70
     0
 43
0.0
 10
-2972.792160383333
 20
-3580.834644428431
 10
-2991.5347874
 20
-3580.482118528431
  0
LWPOLYLINE
  5
127
330
1F
100
AcDbEntity
  8
0
  6
Continuous
370
    20
100
AcDbPolyline
 90
        2
 70
     0
 43
0.0
 10
-2991.5347874
 20
-3580.482118528431
 10
-3010.101151466667
 20
-3579.365786511764
  0
LWPOLYLINE
  5
128
330
1F
100
AcDbEntity
  8
0
  6
Continuous
370
    20
100
AcDbPolyline
 90
        2
 70
     0
 43
0.0
 10
-3010.101151466667
 20
-3579.365786511764
 10
-3028.667515533334
 20
-3577.368139745098
  0
LWPOLYLINE
  5
129
330
1F
100
AcDbEntity
  8
0
  6
Continuous
370
    20
100
AcDbPolyline
 90
        2
 70
     0
 43
0.0
 10
-3028.667515533334
 20
-3577.368139745098
 10
-3046.998862333334
 20
-3574.254160961764
  0
LWPOLYLINE
  5
12A
330
1F
100
AcDbEntity
  8
0
  6
Continuous
370
    20
100
AcDbPolyline
 90
        2
 70
     0
 43
0.0
 10
-3046.998862333334
 20
-3574.254160961764
 10
-3065.03643755
 20
-3569.553815628431
  0
LWPOLYLINE
  5
12B
330
1F
100
AcDbEntity
  8
0
  6
Continuous
370
    20
100
AcDbPolyline
 90
        2
 70
     0
 43
0.0
 10
-3065.03643755
 20
-3569.553815628431
 10
-3124.61331465
 20
-3714.324451895098
  0
LWPOLYLINE
  5
12C
330
1F
100
AcDbEntity
  8
0
  6
Continuous
370
    20
100
AcDbPolyline
 90
        2
 70
     0
 43
0.0
 10
-3124.61331465
 20
-3714.324451895098
 10
-3117.092762116667
 20
-3719.671094711764
  0
LWPOLYLINE
  5
12D
330
1F
100
AcDbEntity
  8
0
  6
Continuous
370
    20
100
AcDbPolyline
 90
        2
 70
     0
 43
0.0
 10
-3117.092762116667
 20
-3719.671094711764
 10
-3109.9834898
 20
-3725.429017745097
  0
LWPOLYLINE
  5
12E
330
1F
100
AcDbEntity
  8
0
  6
Continuous
370
    20
100
AcDbPolyline
 90
        2
 70
     0
 43
0.0
 10
-3109.9834898
 20
-3725.429017745097
 10
-3103.167989066667
 20
-3731.656975311764
  0
LWPOLYLINE
  5
12F
330
1F
100
AcDbEntity
  8
0
  6
Continuous
370
    20
100
AcDbPolyline
 90
        2
 70
     0
 43
0.0
 10
-3103.167989066667
 20
-3731.656975311764
 10
-3097.116294450001
 20
-3738.531230361764
  0
LWPOLYLINE
  5
130
330
1F
100
AcDbEntity
  8
0
  6
Continuous
370
    20
100
AcDbPolyline
 90
        2
 70
     0
 43
0.0
 10
-3097.116294450001
 20
-3738.531230361764
 10
-3091.593388683335
 20
-3745.875519945098
  0
LWPOLYLINE
  5
131
330
1F
100
AcDbEntity
  8
0
  6
Continuous
370
    20
100
AcDbPolyline
 90
        2
 70
     0
 43
0.0
 10
-3091.593388683335
 20
-3745.875519945098
 10
-3086.951797666667
 20
-3753.866107011764
  0
LWPOLYLINE
  5
132
330
1F
100
AcDbEntity
  8
0
  6
Continuous
370
    20
100
AcDbPolyline
 90
        2
 70
     0
 43
0.0
 10
-3086.951797666667
 20
-3753.866107011764
 10
-3083.074012766667
 20
-3762.150465661764
  0
LWPOLYLINE
  5
133
330
1F
100
AcDbEntity
  8
0
  6
Continuous
370
    20
100
AcDbPolyline
 90
        2
 70
     0
 43
0.0
 10
-3083.074012766667
 20
-3762.150465661764
 10
-3080.077542616667
 20
-3770.84610452843
  0
LWPOLYLINE
  5
134
330
1F
100
AcDbEntity
  8
0
  6
Continuous
370
    20
100
AcDbPolyline
 90
        2
 70
     0
 43
0.0
 10
-3080.077542616667
 20
-3770.84610452843
 10
-3077.786124266667
 20
-3779.718006345098
  0
LWPOLYLINE
  5
135
330
1F
100
AcDbEntity
  8
0
  6
Continuous
370
    20
100
AcDbPolyline
 90
        2
 70
     0
 43
0.0
 10
-3077.786124266667
 20
-3779.718006345098
 10
-3076.1410034
 20
-3788.766171111764
  0
LWPOLYLINE
  5
136
330
1F
100
AcDbEntity
  8
0
  6
Continuous
370
    20
100
AcDbPolyline
 90
        2
 70
     0
 43
0.0
 10
-3076.1410034
 20
-3788.766171111764
 10
-3074.848408433334
 20
-3797.873090195097
  0
LWPOLYLINE
  5
137
330
1F
100
AcDbEntity
  8
0
  6
Continuous
370
    20
100
AcDbPolyline
 90
        2
 70
     0
 43
0.0
 10
-3074.848408433334
 20
-3797.873090195097
 10
-3074.90716275
 20
-3825.781390611764
  0
LWPOLYLINE
  5
138
330
1F
100
AcDbEntity
  8
0
  6
Continuous
370
    20
100
AcDbPolyline
 90
        2
 70
     0
 43
0.0
 10
-3074.90716275
 20
-3825.781390611764
 10
-3074.848408433334
 20
-3853.689691028431
  0
LWPOLYLINE
  5
139
330
1F
100
AcDbEntity
  8
0
  6
Continuous
370
    20
100
AcDbPolyline
 90
        2
 70
     0
 43
0.0
 10
-3074.848408433334
 20
-3853.689691028431
 10
-3076.1410034
 20
-3862.796610111764
  0
LWPOLYLINE
  5
13A
330
1F
100
AcDbEntity
  8
0
  6
Continuous
370
    20
100
AcDbPolyline
 90
        2
 70
     0
 43
0.0
 10
-3076.1410034
 20
-3862.796610111764
 10
-3077.786124266667
 20
-3871.786020561764
  0
LWPOLYLINE
  5
13B
330
1F
100
AcDbEntity
  8
0
  6
Continuous
370
    20
100
AcDbPolyline
 90
        2
 70
     0
 43
0.0
 10
-3077.786124266667
 20
-3871.786020561764
 10
-3080.077542616667
 20
-3880.775431011764
  0
LWPOLYLINE
  5
13C
330
1F
100
AcDbEntity
  8
0
  6
Continuous
370
    20
100
AcDbPolyline
 90
        2
 70
     0
 43
0.0
 10
-3080.077542616667
 20
-3880.775431011764
 10
-3083.074012766667
 20
-3889.412315561764
  0
LWPOLYLINE
  5
13D
330
1F
100
AcDbEntity
  8
0
  6
Continuous
370
    20
100
AcDbPolyline
 90
        2
 70
     0
 43
0.0
 10
-3083.074012766667
 20
-3889.412315561764
 10
-3086.951797666667
 20
-3897.755428528431
  0
LWPOLYLINE
  5
13E
330
1F
100
AcDbEntity
  8
0
  6
Continuous
370
    20
100
AcDbPolyline
 90
        2
 70
     0
 43
0.0
 10
-3086.951797666667
 20
-3897.755428528431
 10
-3091.593388683335
 20
-3905.628506961764
  0
LWPOLYLINE
  5
13F
330
1F
100
AcDbEntity
  8
0
  6
Continuous
370
    20
100
AcDbPolyline
 90
        2
 70
     0
 43
0.0
 10
-3091.593388683335
 20
-3905.628506961764
 10
-3097.116294450001
 20
-3913.090305178431
  0
LWPOLYLINE
  5
140
330
1F
100
AcDbEntity
  8
0
  6
Continuous
370
    20
100
AcDbPolyline
 90
        2
 70
     0
 43
0.0
 10
-3097.116294450001
 20
-3913.090305178431
 10
-3103.167989066667
 20
-3919.905805911763
  0
LWPOLYLINE
  5
141
330
1F
100
AcDbEntity
  8
0
  6
Continuous
370
    20
100
AcDbPolyline
 90
        2
 70
     0
 43
0.0
 10
-3103.167989066667
 20
-3919.905805911763
 10
-3109.9834898
 20
-3926.192517795097
  0
LWPOLYLINE
  5
142
330
1F
100
AcDbEntity
  8
0
  6
Continuous
370
    20
100
AcDbPolyline
 90
        2
 70
     0
 43
0.0
 10
-3109.9834898
 20
-3926.192517795097
 10
-3117.092762116667
 20
-3931.950440828431
  0
LWPOLYLINE
  5
143
330
1F
100
AcDbEntity
  8
0
  6
Continuous
370
    20
100
AcDbPolyline
 90
        2
 70
     0
 43
0.0
 10
-3117.092762116667
 20
-3931.950440828431
 10
-3124.61331465
 20
-3937.297083645097
  0
LWPOLYLINE
  5
144
330
1F
100
AcDbEntity
  8
0
  6
Continuous
370
    20
100
AcDbPolyline
 90
        2
 70
     0
 43
0.0
 10
-3124.61331465
 20
-3937.297083645097
 10
-3065.03643755
 20
-4081.950211278431
  0
LWPOLYLINE
  5
145
330
1F
100
AcDbEntity
  8
0
  6
Continuous
370
    20
100
AcDbPolyline
 90
        2
 70
     0
 43
0.0
 10
-3065.03643755
 20
-4081.950211278431
 10
-3046.998862333334
 20
-4077.308620261764
  0
LWPOLYLINE
  5
146
330
1F
100
AcDbEntity
  8
0
  6
Continuous
370
    20
100
AcDbPolyline
 90
        2
 70
     0
 43
0.0
 10
-3046.998862333334
 20
-4077.308620261764
 10
-3028.667515533334
 20
-4074.19464147843
  0
LWPOLYLINE
  5
147
330
1F
100
AcDbEntity
  8
0
  6
Continuous
370
    20
100
AcDbPolyline
 90
        2
 70
     0
 43
0.0
 10
-3028.667515533334
 20
-4074.19464147843
 10
-3010.101151466667
 20
-4072.196994711765
  0
LWPOLYLINE
  5
148
330
1F
100
AcDbEntity
  8
0
  6
Continuous
370
    20
100
AcDbPolyline
 90
        2
 70
     0
 43
0.0
 10
-3010.101151466667
 20
-4072.196994711765
 10
-2991.5347874
 20
-4071.139417011764
  0
LWPOLYLINE
  5
149
330
1F
100
AcDbEntity
  8
0
  6
Continuous
370
    20
100
AcDbPolyline
 90
        2
 70
     0
 43
0.0
 10
-2991.5347874
 20
-4071.139417011764
 10
-2972.792160383333
 20
-4070.728136795097
  0
LWPOLYLINE
  5
14A
330
1F
100
AcDbEntity
  8
0
  6
Continuous
370
    20
100
AcDbPolyline
 90
        2
 70
     0
 43
0.0
 10
-2972.792160383333
 20
-4070.728136795097
 10
-2954.225796316667
 20
-4070.258102261764
  0
LWPOLYLINE
  5
14B
330
1F
100
AcDbEntity
  8
0
  6
Continuous
370
    20
100
AcDbPolyline
 90
        2
 70
     0
 43
0.0
 10
-2954.225796316667
 20
-4070.258102261764
 10
-2935.483169300001
 20
-4070.551873845097
  0
LWPOLYLINE
  5
14C
330
1F
100
AcDbEntity
  8
0
  6
Continuous
370
    20
100
AcDbPolyline
 90
        2
 70
     0
 43
0.0
 10
-2935.483169300001
 20
-4070.551873845097
 10
-2916.916805233334
 20
-4071.785714495097
  0
LWPOLYLINE
  5
14D
330
1F
100
AcDbEntity
  8
0
  6
Continuous
370
    20
100
AcDbPolyline
 90
        2
 70
     0
 43
0.0
 10
-2916.916805233334
 20
-4071.785714495097
 10
-2902.16947175
 20
-4074.253395795097
  0
LWPOLYLINE
  5
14E
330
1F
100
AcDbEntity
  8
0
  6
Continuous
370
    20
100
AcDbPolyline
 90
        2
 70
     0
 43
0.0
 10
-2902.16947175
 20
-4074.253395795097
 10
-2887.422138266666
 20
-4077.719900478431
  0
LWPOLYLINE
  5
14F
330
1F
100
AcDbEntity
  8
0
  6
Continuous
370
    20
100
AcDbPolyline
 90
        2
 70
     0
 43
0.0
 10
-2887.422138266666
 20
-4077.719900478431
 10
-2872.909822049999
 20
-4081.421422428431
  0
LWPOLYLINE
  5
150
330
1F
100
AcDbEntity
  8
0
  6
Continuous
370
    20
100
AcDbPolyline
 90
        2
 70
     0
 43
0.0
 10
-2872.909822049999
 20
-4081.421422428431
 10
-2858.573768783333
 20
-4086.415539345098
  0
LWPOLYLINE
  5
151
330
1F
100
AcDbEntity
  8
0
  6
Continuous
370
    20
100
AcDbPolyline
 90
        2
 70
     0
 43
0.0
 10
-2858.573768783333
 20
-4086.415539345098
 10
-2844.884013
 20
-4092.52598827843
  0
LWPOLYLINE
  5
152
330
1F
100
AcDbEntity
  8
0
  6
Continuous
370
    20
100
AcDbPolyline
 90
        2
 70
     0
 43
0.0
 10
-2844.884013
 20
-4092.52598827843
 10
-2831.840554700001
 20
-4100.046540811764
  0
LWPOLYLINE
  5
153
330
1F
100
AcDbEntity
  8
0
  6
Continuous
370
    20
100
AcDbPolyline
 90
        2
 70
     0
 43
0.0
 10
-2831.840554700001
 20
-4100.046540811764
 10
-2819.443393883333
 20
-4109.388477161764
  0
LWPOLYLINE
  5
154
330
1F
100
AcDbEntity
  8
0
  6
Continuous
370
    20
100
AcDbPolyline
 90
        2
 70
     0
 43
0.0
 10
-2819.443393883333
 20
-4109.388477161764
 10
-2808.39758235
 20
-4119.787991211764
  0
LWPOLYLINE
  5
155
330
1F
100
AcDbEntity
  8
0
  6
Continuous
370
    20
100
AcDbPolyline
 90
        2
 70
     0
 43
0.0
 10
-2808.39758235
 20
-4119.787991211764
 10
-2800.406995283333
 20
-4131.950134761765
  0
LWPOLYLINE
  5
156
330
1F
100
AcDbEntity
  8
0
  6
Continuous
370
    20
100
AcDbPolyline
 90
        2
 70
     0
 43
0.0
 10
-2800.406995283333
 20
-4131.950134761765
 10
-2794.061529083334
 20
-4145.757399178431
  0
LWPOLYLINE
  5
157
330
1F
100
AcDbEntity
  8
0
  6
Continuous
370
    20
100
AcDbPolyline
 90
        2
 70
     0
 43
0.0
 10
-2794.061529083334
 20
-4145.757399178431
 10
-2790.712533033333
 20
-4160.269715395098
  0
LWPOLYLINE
  5
158
330
1F
100
AcDbEntity
  8
0
  6
Continuous
370
    20
100
AcDbPolyline
 90
        2
 70
     0
 43
0.0
 10
-2790.712533033333
 20
-4160.269715395098
 10
-2658.750337800001
 20
-4155.745633011764
  0
LWPOLYLINE
  5
159
330
1F
100
AcDbEntity
  8
0
  6
Continuous
370
    20
100
AcDbPolyline
 90
        2
 70
     0
 43
0.0
 10
-2658.750337800001
 20
-4155.745633011764
 10
-2524.202952633333
 20
-4151.221550628431
  0
LWPOLYLINE
  5
15A
330
1F
100
AcDbEntity
  8
0
  6
Continuous
370
    20
100
AcDbPolyline
 90
        2
 70
     0
 43
0.0
 10
-2524.202952633333
 20
-4151.221550628431
 10
-2363.3336336
 20
-4145.816153495098
  0
LWPOLYLINE
  5
15B
330
1F
100
AcDbEntity
  8
0
  6
Continuous
370
    20
100
AcDbPolyline
 90
        2
 70
     0
 43
0.0
 10
-2363.3336336
 20
-4145.816153495098
 10
-2360.8659523
 20
-4126.368474678431
  0
LWPOLYLINE
  5
15C
330
1F
100
AcDbEntity
  8
0
  6
Continuous
370
    20
100
AcDbPolyline
 90
        2
 70
     0
 43
0.0
 10
-2360.8659523
 20
-4126.368474678431
 10
-2356.224361283333
 20
-4107.155813128431
  0
LWPOLYLINE
  5
15D
330
1F
100
AcDbEntity
  8
0
  6
Continuous
370
    20
100
AcDbPolyline
 90
        2
 70
     0
 43
0.0
 10
-2356.224361283333
 20
-4107.155813128431
 10
-2349.76138645
 20
-4088.530694745098
  0
LWPOLYLINE
  5
15E
330
1F
100
AcDbEntity
  8
0
  6
Continuous
370
    20
100
AcDbPolyline
 90
        2
 70
     0
 43
0.0
 10
-2349.76138645
 20
-4088.530694745098
 10
-2342.828377083334
 20
-4070.081839311764
  0
LWPOLYLINE
  5
15F
330
1F
100
AcDbEntity
  8
0
  6
Continuous
370
    20
100
AcDbPolyline
 90
        2
 70
     0
 43
0.0
 10
-2342.828377083334
 20
-4070.081839311764
 10
-2336.71792815
 20
-4051.397966611764
  0
LWPOLYLINE
  5
160
330
1F
100
AcDbEntity
  8
0
  6
Continuous
370
    20
100
AcDbPolyline
 90
        2
 70
     0
 43
0.0
 10
-2336.71792815
 20
-4051.397966611764
 10
-2331.488793966667
 20
-4032.361568011764
  0
LWPOLYLINE
  5
161
330
1F
100
AcDbEntity
  8
0
  6
Continuous
370
    20
100
AcDbPolyline
 90
        2
 70
     0
 43
0.0
 10
-2331.488793966667
 20
-4032.361568011764
 10
-2327.258483166667
 20
-4013.148906461764
  0
LWPOLYLINE
  5
162
330
1F
100
AcDbEntity
  8
0
  6
Continuous
370
    20
100
AcDbPolyline
 90
        2
 70
     0
 43
0.0
 10
-2327.258483166667
 20
-4013.148906461764
 10
-2323.968241433334
 20
-3993.701227645098
  0
LWPOLYLINE
  5
163
330
1F
100
AcDbEntity
  8
0
  6
Continuous
370
    20
100
AcDbPolyline
 90
        2
 70
     0
 43
0.0
 10
-2323.968241433334
 20
-3993.701227645098
 10
-2322.558137833334
 20
-3982.185381578431
  0
LWPOLYLINE
  5
164
330
1F
100
AcDbEntity
  8
0
  6
Continuous
370
    20
100
AcDbPolyline
 90
        2
 70
     0
 43
0.0
 10
-2322.558137833334
 20
-3982.185381578431
 10
-2321.324297183334
 20
-3974.136040195098
  0
LWPOLYLINE
  5
165
330
1F
100
AcDbEntity
  8
0
  6
Continuous
370
    20
100
AcDbPolyline
 90
        2
 70
     0
 43
0.0
 10
-2321.324297183334
 20
-3974.136040195098
 10
-2319.032878833333
 20
-3954.51209842843
  0
LWPOLYLINE
  5
166
330
1F
100
AcDbEntity
  8
0
  6
Continuous
370
    20
100
AcDbPolyline
 90
        2
 70
     0
 43
0.0
 10
-2319.032878833333
 20
-3954.51209842843
 10
-2317.211495016667
 20
-3934.888156661764
  0
LWPOLYLINE
  5
167
330
1F
100
AcDbEntity
  8
0
  6
Continuous
370
    20
100
AcDbPolyline
 90
        2
 70
     0
 43
0.0
 10
-2317.211495016667
 20
-3934.888156661764
 10
-2315.507619833333
 20
-3915.20546057843
  0
LWPOLYLINE
  5
168
330
1F
100
AcDbEntity
  8
0
  6
Continuous
370
    20
100
AcDbPolyline
 90
        2
 70
     0
 43
0.0
 10
-2315.507619833333
 20
-3915.20546057843
 10
-2315.507619833333
 20
-3825.781390611764
  0
LWPOLYLINE
  5
169
330
1F
100
AcDbEntity
  8
0
  6
Continuous
370
    20
100
AcDbPolyline
 90
        2
 70
     0
 43
0.0
 10
-2305.519386
 20
-3825.781390611764
 10
-2305.519386
 20
-3825.781390611764
  0
LWPOLYLINE
  5
16A
330
1F
100
AcDbEntity
  8
0
  6
Continuous
370
    20
100
AcDbPolyline
 90
        2
 70
     0
 43
0.0
 10
-2305.519386
 20
-3825.781390611764
 10
-2305.519386
 20
-3735.887286111764
  0
LWPOLYLINE
  5
16B
330
1F
100
AcDbEntity
  8
0
  6
Continuous
370
    20
100
AcDbPolyline
 90
        2
 70
     0
 43
0.0
 10
-2305.519386
 20
-3735.887286111764
 10
-2305.519386
 20
-3735.887286111764
  0
LWPOLYLINE
  5
16C
330
1F
100
AcDbEntity
  8
0
  6
Continuous
370
    20
100
AcDbPolyline
 90
        2
 70
     0
 43
0.0
 10
-2305.519386
 20
-3735.887286111764
 10
-2307.282015500001
 20
-3715.793309811764
  0
LWPOLYLINE
  5
16D
330
1F
100
AcDbEntity
  8
0
  6
Continuous
370
    20
100
AcDbPolyline
 90
        2
 70
     0
 43
0.0
 10
-2307.282015500001
 20
-3715.793309811764
 10
-2309.162153633333
 20
-3695.993105095098
  0
LWPOLYLINE
  5
16E
330
1F
100
AcDbEntity
  8
0
  6
Continuous
370
    20
100
AcDbPolyline
 90
        2
 70
     0
 43
0.0
 10
-2309.162153633333
 20
-3695.993105095098
 10
-2311.453571983333
 20
-3676.075391745097
  0
LWPOLYLINE
  5
16F
330
1F
100
AcDbEntity
  8
0
  6
Continuous
370
    20
100
AcDbPolyline
 90
        2
 70
     0
 43
0.0
 10
-2311.453571983333
 20
-3676.075391745097
 10
-2312.628658316667
 20
-3668.143558995097
  0
LWPOLYLINE
  5
170
330
1F
100
AcDbEntity
  8
0
  6
Continuous
370
    20
100
AcDbPolyline
 90
        2
 70
     0
 43
0.0
 10
-2312.628658316667
 20
-3668.143558995097
 10
-2312.628658316667
 20
-3668.143558995097
  0
LWPOLYLINE
  5
171
330
1F
100
AcDbEntity
  8
0
  6
Continuous
370
    20
100
AcDbPolyline
 90
        2
 70
     0
 43
0.0
 10
-2312.628658316667
 20
-3668.143558995097
 10
-2314.097516233334
 20
-3656.392695661764
  0
LWPOLYLINE
  5
172
330
1F
100
AcDbEntity
  8
0
  6
Continuous
370
    20
100
AcDbPolyline
 90
        2
 70
     0
 43
0.0
 10
-2314.097516233334
 20
-3656.392695661764
 10
-2317.446512283333
 20
-3636.474982311765
  0
LWPOLYLINE
  5
173
330
1F
100
AcDbEntity
  8
0
  6
Continuous
370
    20
100
AcDbPolyline
 90
        2
 70
     0
 43
0.0
 10
-2317.446512283333
 20
-3636.474982311765
 10
-2321.794331716667
 20
-3616.792286228431
  0
LWPOLYLINE
  5
174
330
1F
100
AcDbEntity
  8
0
  6
Continuous
370
    20
100
AcDbPolyline
 90
        2
 70
     0
 43
0.0
 10
-2321.794331716667
 20
-3616.792286228431
 10
-2327.199728850001
 20
-3597.344607411764
  0
LWPOLYLINE
  5
175
330
1F
100
AcDbEntity
  8
0
  6
Continuous
370
    20
100
AcDbPolyline
 90
        2
 70
     0
 43
0.0
 10
-2327.199728850001
 20
-3597.344607411764
 10
-2333.427686416667
 20
-3578.190700178431
  0
LWPOLYLINE
  5
176
330
1F
100
AcDbEntity
  8
0
  6
Continuous
370
    20
100
AcDbPolyline
 90
        2
 70
     0
 43
0.0
 10
-2333.427686416667
 20
-3578.190700178431
 10
-2340.301941466667
 20
-3559.683090428431
  0
LWPOLYLINE
  5
177
330
1F
100
AcDbEntity
  8
0
  6
Continuous
370
    20
100
AcDbPolyline
 90
        2
 70
     0
 43
0.0
 10
-2340.301941466667
 20
-3559.683090428431
 10
-2346.529899033334
 20
-3541.586760895098
  0
LWPOLYLINE
  5
178
330
1F
100
AcDbEntity
  8
0
  6
Continuous
370
    20
100
AcDbPolyline
 90
        2
 70
     0
 43
0.0
 10
-2346.529899033334
 20
-3541.586760895098
 10
-2349.115088966667
 20
-3532.538596128431
  0
LWPOLYLINE
  5
179
330
1F
100
AcDbEntity
  8
0
  6
Continuous
370
    20
100
AcDbPolyline
 90
        2
 70
     0
 43
0.0
 10
-2349.115088966667
 20
-3532.538596128431
 10
-2350.936472783334
 20
-3523.372922728431
  0
LWPOLYLINE
  5
17A
330
1F
100
AcDbEntity
  8
0
  6
Continuous
370
    20
100
AcDbPolyline
 90
        2
 70
     0
 43
0.0
 10
-2350.936472783334
 20
-3523.372922728431
 10
-2353.227891133334
 20
-3506.040399311764
  0
LWPOLYLINE
  5
17B
330
1F
100
AcDbEntity
  8
0
  6
Continuous
370
    20
100
AcDbPolyline
 90
        2
 70
     0
 43
0.0
 10
-2353.227891133334
 20
-3506.040399311764
 10
-2353.227891133334
 20
-3506.040399311764
  0
LWPOLYLINE
  5
17C
330
1F
100
AcDbEntity
  8
0
  6
Continuous
370
    20
100
AcDbPolyline
 90
        2
 70
     0
 43
0.0
 10
-2353.227891133334
 20
-3506.040399311764
 10
-2352.875365233333
 20
-3496.052165478431
  0
LWPOLYLINE
  5
17D
330
1F
100
AcDbEntity
  8
0
  6
Continuous
370
    20
100
AcDbPolyline
 90
        2
 70
     0
 43
0.0
 10
-2352.875365233333
 20
-3496.052165478431
 10
-2352.875365233333
 20
-3496.052165478431
  0
LWPOLYLINE
  5
17E
330
1F
100
AcDbEntity
  8
0
  6
Continuous
370
    20
100
AcDbPolyline
 90
        2
 70
     0
 43
0.0
 10
-2352.875365233333
 20
-3496.052165478431
 10
-2523.909181050001
 20
-3490.411751078431
  0
LWPOLYLINE
  5
17F
330
1F
100
AcDbEntity
  8
0
  6
Continuous
370
    20
100
AcDbPolyline
 90
        2
 70
     0
 43
0.0
 10
-2523.909181050001
 20
-3490.411751078431
 10
-2523.909181050001
 20
-3490.411751078431
  0
LWPOLYLINE
  5
180
330
1F
100
AcDbEntity
  8
0
  6
Continuous
370
    20
100
AcDbPolyline
 90
        2
 70
     0
 43
0.0
 10
-2523.909181050001
 20
-3490.411751078431
 10
-2658.3978119
 20
-3485.828914378431
  0
LWPOLYLINE
  5
181
330
1F
100
AcDbEntity
  8
0
  6
Continuous
370
    20
100
AcDbPolyline
 90
        2
 70
     0
 43
0.0
 10
-2658.3978119
 20
-3485.828914378431
 10
-2658.3978119
 20
-3485.828914378431
  0
LWPOLYLINE
  5
182
330
1F
100
AcDbEntity
  8
0
  6
Continuous
370
    20
100
AcDbPolyline
 90
        2
 70
     0
 43
0.0
 10
-2658.3978119
 20
-3485.828914378431
 10
-2798.7031201
 20
-3481.011060411765
  0
LWPOLYLINE
  5
183
330
1F
100
AcDbEntity
  8
0
  6
Continuous
370
    20
100
AcDbPolyline
 90
        2
 70
     0
 43
0.0
 10
-2798.7031201
 20
-3481.011060411765
 10
-2798.7031201
 20
-3481.011060411765
  0
LWPOLYLINE
  5
184
330
1F
100
AcDbEntity
  8
0
  6
Continuous
370
    20
100
AcDbPolyline
 90
        2
 70
     0
 43
0.0
 10
-2798.7031201
 20
-3481.011060411765
 10
-2800.642012550001
 20
-3491.880608995098
  0
LWPOLYLINE
  5
185
330
1F
100
AcDbEntity
  8
0
  6
Continuous
370
    20
100
AcDbPolyline
 90
        2
 70
     0
 43
0.0
 10
-2800.642012550001
 20
-3491.880608995098
 10
-2803.579728383333
 20
-3502.573894628431
  0
LWPOLYLINE
  5
186
330
1F
100
AcDbEntity
  8
0
  6
Continuous
370
    20
100
AcDbPolyline
 90
        2
 70
     0
 43
0.0
 10
-2803.579728383333
 20
-3502.573894628431
 10
-2806.164918316667
 20
-3508.743097878431
  0
LWPOLYLINE
  5
187
330
1F
100
AcDbEntity
  8
0
  6
Continuous
370
    20
100
AcDbPolyline
 90
        2
 70
     0
 43
0.0
 10
-2806.164918316667
 20
-3508.743097878431
 10
-2809.161388466667
 20
-3514.853546811764
  0
LWPOLYLINE
  5
188
330
1F
100
AcDbEntity
  8
0
  6
Continuous
370
    20
100
AcDbPolyline
 90
        2
 70
     0
 43
0.0
 10
-2809.161388466667
 20
-3514.853546811764
 10
-2812.392875883334
 20
-3520.258943945097
  0
LWPOLYLINE
  5
189
330
1F
100
AcDbEntity
  8
0
  6
Continuous
370
    20
100
AcDbPolyline
 90
        2
 70
     0
 43
0.0
 10
-2812.392875883334
 20
-3520.258943945097
 10
-2816.094397833333
 20
-3525.311815178431
  0
LWPOLYLINE
  5
18A
330
1F
100
AcDbEntity
  8
0
  6
Continuous
370
    20
100
AcDbPolyline
 90
        2
 70
     0
 43
0.0
 10
-2816.094397833333
 20
-3525.311815178431
 10
-2820.794743166667
 20
-3530.129669145098
  0
LWPOLYLINE
  5
18B
330
1F
100
AcDbEntity
  8
0
  6
Continuous
370
    20
100
AcDbPolyline
 90
        2
 70
     0
 43
0.0
 10
-2820.794743166667
 20
-3530.129669145098
 10
-2825.847614400001
 20
-3534.536242895097
  0
LWPOLYLINE
  5
18C
330
1F
100
AcDbEntity
  8
0
  6
Continuous
370
    20
100
AcDbPolyline
 90
        2
 70
     0
 43
0.0
 10
-2825.847614400001
 20
-3534.536242895097
 10
-2837.422214783333
 20
-3543.173127445097
  0
LWPOLYLINE
  5
18D
330
1F
100
AcDbEntity
  8
0
  6
Continuous
370
    20
100
AcDbPolyline
 90
        2
 70
     0
 43
0.0
 10
-2837.422214783333
 20
-3543.173127445097
 10
-2849.349341066666
 20
-3550.106136811765
  0
LWPOLYLINE
  5
18E
330
1F
100
AcDbEntity
  8
0
  6
Continuous
370
    20
100
AcDbPolyline
 90
        2
 70
     0
 43
0.0
 10
-2849.349341066666
 20
-3550.106136811765
 10
-2862.216536416667
 20
-3555.805305528431
  0
LWPOLYLINE
  5
18F
330
1F
100
AcDbEntity
  8
0
  6
Continuous
370
    20
100
AcDbPolyline
 90
        2
 70
     0
 43
0.0
 10
-2862.216536416667
 20
-3555.805305528431
 10
-2875.788783566667
 20
-3560.505650861764
  0
LWPOLYLINE
  5
190
330
1F
100
AcDbEntity
  8
0
  6
Continuous
370
    20
100
AcDbPolyline
 90
        2
 70
     0
 43
0.0
 10
-2875.788783566667
 20
-3560.505650861764
 10
-2889.713556616667
 20
-3564.08966417843
  0
LWPOLYLINE
  5
191
330
1F
100
AcDbEntity
  8
0
  6
Continuous
370
    20
100
AcDbPolyline
 90
        2
 70
     0
 43
0.0
 10
-2889.713556616667
 20
-3564.08966417843
 10
-2904.1083642
 20
-3567.438660228431
  0
LWPOLYLINE
  5
192
330
1F
100
AcDbEntity
  8
0
  6
Continuous
370
    20
100
AcDbPolyline
 90
        2
 70
     0
 43
0.0
 10
-2904.1083642
 20
-3567.438660228431
 10
-2918.091891566668
 20
-3569.73007857843
  0
LWPOLYLINE
  5
193
330
1F
100
AcDbEntity
  8
0
  6
Continuous
370
    20
100
AcDbPolyline
 90
        2
 70
     0
 43
0.0
 10
-2918.091891566668
 20
-3569.73007857843
 10
-2918.091891566668
 20
-3569.73007857843
  0
LWPOLYLINE
  5
194
330
1F
100
AcDbEntity
  8
0
  6
Continuous
370
    20
100
AcDbPolyline
 90
        2
 70
     0
 43
0.0
 10
-2918.091891566668
 20
-3569.73007857843
 10
-2935.953203833334
 20
-3571.081427861765
  0
LWPOLYLINE
  5
195
330
1F
100
AcDbEntity
  8
0
  6
Continuous
370
    20
100
AcDbPolyline
 90
        2
 70
     0
 43
0.0
 10
-2935.953203833334
 20
-3571.081427861765
 10
-2954.108287683334
 20
-3571.257690811764
  0
LWPOLYLINE
  5
196
330
1F
100
AcDbEntity
  8
0
  6
Continuous
370
    20
100
AcDbPolyline
 90
        2
 70
     0
 43
0.0
 10
-2954.108287683334
 20
-3571.257690811764
 10
-2972.557143116667
 20
-3570.846410595098
  0
LWPOLYLINE
  5
197
330
1F
100
AcDbEntity
  8
0
  6
Continuous
370
    20
100
AcDbPolyline
 90
        2
 70
     0
 43
0.0
 10
-2972.557143116667
 20
-3570.846410595098
 10
-2991.064752866666
 20
-3570.493884695098
  0
LWPOLYLINE
  5
198
330
1F
100
AcDbEntity
  8
0
  6
Continuous
370
    20
100
AcDbPolyline
 90
        2
 70
     0
 43
0.0
 10
-2991.064752866666
 20
-3570.493884695098
 10
-3009.278591033334
 20
-3569.436306995098
  0
LWPOLYLINE
  5
199
330
1F
100
AcDbEntity
  8
0
  6
Continuous
370
    20
100
AcDbPolyline
 90
        2
 70
     0
 43
0.0
 10
-3009.278591033334
 20
-3569.436306995098
 10
-3027.198657616667
 20
-3567.438660228431
  0
LWPOLYLINE
  5
19A
330
1F
100
AcDbEntity
  8
0
  6
Continuous
370
    20
100
AcDbPolyline
 90
        2
 70
     0
 43
0.0
 10
-3027.198657616667
 20
-3567.438660228431
 10
-3044.883706933333
 20
-3564.500944395097
  0
LWPOLYLINE
  5
19B
330
1F
100
AcDbEntity
  8
0
  6
Continuous
370
    20
100
AcDbPolyline
 90
        2
 70
     0
 43
0.0
 10
-3044.883706933333
 20
-3564.500944395097
 10
-3061.217406966667
 20
-3560.270633595097
  0
LWPOLYLINE
  5
19C
330
1F
100
AcDbEntity
  8
0
  6
Continuous
370
    20
100
AcDbPolyline
 90
        2
 70
     0
 43
0.0
 10
-3061.217406966667
 20
-3560.270633595097
 10
-3061.217406966667
 20
-3560.270633595097
  0
LWPOLYLINE
  5
19D
330
1F
100
AcDbEntity
  8
0
  6
Continuous
370
    20
100
AcDbPolyline
 90
        2
 70
     0
 43
0.0
 10
-3061.217406966667
 20
-3560.270633595097
 10
-3070.441834683333
 20
-3556.451603011764
  0
LWPOLYLINE
  5
19E
330
1F
100
AcDbEntity
  8
0
  6
Continuous
370
    20
100
AcDbPolyline
 90
        2
 70
     0
 43
0.0
 10
-3070.441834683333
 20
-3556.451603011764
 10
-3070.441834683333
 20
-3556.451603011764
  0
LWPOLYLINE
  5
19F
330
1F
100
AcDbEntity
  8
0
  6
Continuous
370
    20
100
AcDbPolyline
 90
        2
 70
     0
 43
0.0
 10
-3070.441834683333
 20
-3556.451603011764
 10
-3137.65677295
 20
-3720.023620611765
  0
LWPOLYLINE
  5
1A0
330
1F
100
AcDbEntity
  8
0
  6
Continuous
370
    20
100
AcDbPolyline
 90
        2
 70
     0
 43
0.0
 10
-3137.65677295
 20
-3720.023620611765
 10
-3137.65677295
 20
-3720.023620611765
  0
LWPOLYLINE
  5
1A1
330
1F
100
AcDbEntity
  8
0
  6
Continuous
370
    20
100
AcDbPolyline
 90
        2
 70
     0
 43
0.0
 10
-3137.65677295
 20
-3720.023620611765
 10
-3128.49109955
 20
-3723.842651195098
  0
LWPOLYLINE
  5
1A2
330
1F
100
AcDbEntity
  8
0
  6
Continuous
370
    20
100
AcDbPolyline
 90
        2
 70
     0
 43
0.0
 10
-3128.49109955
 20
-3723.842651195098
 10
-3128.49109955
 20
-3723.842651195098
  0
LWPOLYLINE
  5
1A3
330
1F
100
AcDbEntity
  8
0
  6
Continuous
370
    20
100
AcDbPolyline
 90
        2
 70
     0
 43
0.0
 10
-3128.49109955
 20
-3723.842651195098
 10
-3123.144456733334
 20
-3727.602927461765
  0
LWPOLYLINE
  5
1A4
330
1F
100
AcDbEntity
  8
0
  6
Continuous
370
    20
100
AcDbPolyline
 90
        2
 70
     0
 43
0.0
 10
-3123.144456733334
 20
-3727.602927461765
 10
-3116.446464633333
 20
-3732.949570278431
  0
LWPOLYLINE
  5
1A5
330
1F
100
AcDbEntity
  8
0
  6
Continuous
370
    20
100
AcDbPolyline
 90
        2
 70
     0
 43
0.0
 10
-3116.446464633333
 20
-3732.949570278431
 10
-3110.277261383334
 20
-3738.648738995097
  0
LWPOLYLINE
  5
1A6
330
1F
100
AcDbEntity
  8
0
  6
Continuous
370
    20
100
AcDbPolyline
 90
        2
 70
     0
 43
0.0
 10
-3110.277261383334
 20
-3738.648738995097
 10
-3104.813109933333
 20
-3744.817942245098
  0
LWPOLYLINE
  5
1A7
330
1F
100
AcDbEntity
  8
0
  6
Continuous
370
    20
100
AcDbPolyline
 90
        2
 70
     0
 43
0.0
 10
-3104.813109933333
 20
-3744.817942245098
 10
-3099.995255966667
 20
-3751.398425711764
  0
LWPOLYLINE
  5
1A8
330
1F
100
AcDbEntity
  8
0
  6
Continuous
370
    20
100
AcDbPolyline
 90
        2
 70
     0
 43
0.0
 10
-3099.995255966667
 20
-3751.398425711764
 10
-3095.823699483334
 20
-3758.507698028431
  0
LWPOLYLINE
  5
1A9
330
1F
100
AcDbEntity
  8
0
  6
Continuous
370
    20
100
AcDbPolyline
 90
        2
 70
     0
 43
0.0
 10
-3095.823699483334
 20
-3758.507698028431
 10
-3092.357194800001
 20
-3765.851987611764
  0
LWPOLYLINE
  5
1AA
330
1F
100
AcDbEntity
  8
0
  6
Continuous
370
    20
100
AcDbPolyline
 90
        2
 70
     0
 43
0.0
 10
-3092.357194800001
 20
-3765.851987611764
 10
-3089.654496233333
 20
-3773.725066045097
  0
LWPOLYLINE
  5
1AB
330
1F
100
AcDbEntity
  8
0
  6
Continuous
370
    20
100
AcDbPolyline
 90
        2
 70
     0
 43
0.0
 10
-3089.654496233333
 20
-3773.725066045097
 10
-3087.59809515
 20
-3781.950670378431
  0
LWPOLYLINE
  5
1AC
330
1F
100
AcDbEntity
  8
0
  6
Continuous
370
    20
100
AcDbPolyline
 90
        2
 70
     0
 43
0.0
 10
-3087.59809515
 20
-3781.950670378431
 10
-3086.0117286
 20
-3790.411291978431
  0
LWPOLYLINE
  5
1AD
330
1F
100
AcDbEntity
  8
0
  6
Continuous
370
    20
100
AcDbPolyline
 90
        2
 70
     0
 43
0.0
 10
-3086.0117286
 20
-3790.411291978431
 10
-3084.836642266667
 20
-3798.578141995098
  0
LWPOLYLINE
  5
1AE
330
1F
100
AcDbEntity
  8
0
  6
Continuous
370
    20
100
AcDbPolyline
 90
        2
 70
     0
 43
0.0
 10
-3084.836642266667
 20
-3798.578141995098
 10
-3084.836642266667
 20
-3798.578141995098
  0
LWPOLYLINE
  5
1AF
330
1F
100
AcDbEntity
  8
0
  6
Continuous
370
    20
100
AcDbPolyline
 90
        2
 70
     0
 43
0.0
 10
-3084.836642266667
 20
-3798.578141995098
 10
-3084.895396583334
 20
-3825.840144928431
  0
LWPOLYLINE
  5
1B0
330
1F
100
AcDbEntity
  8
0
  6
Continuous
370
    20
100
AcDbPolyline
 90
        2
 70
     0
 43
0.0
 10
-3084.895396583334
 20
-3825.840144928431
 10
-3084.895396583334
 20
-3825.840144928431
  0
LWPOLYLINE
  5
1B1
330
1F
100
AcDbEntity
  8
0
  6
Continuous
370
    20
100
AcDbPolyline
 90
        2
 70
     0
 43
0.0
 10
-3084.895396583334
 20
-3825.840144928431
 10
-3084.836642266667
 20
-3852.984639228431
  0
LWPOLYLINE
  5
1B2
330
1F
100
AcDbEntity
  8
0
  6
Continuous
370
    20
100
AcDbPolyline
 90
        2
 70
     0
 43
0.0
 10
-3084.836642266667
 20
-3852.984639228431
 10
-3084.836642266667
 20
-3852.984639228431
  0
LWPOLYLINE
  5
1B3
330
1F
100
AcDbEntity
  8
0
  6
Continuous
370
    20
100
AcDbPolyline
 90
        2
 70
     0
 43
0.0
 10
-3084.836642266667
 20
-3852.984639228431
 10
-3086.0117286
 20
-3861.151489245097
  0
LWPOLYLINE
  5
1B4
330
1F
100
AcDbEntity
  8
0
  6
Continuous
370
    20
100
AcDbPolyline
 90
        2
 70
     0
 43
0.0
 10
-3086.0117286
 20
-3861.151489245097
 10
-3087.59809515
 20
-3869.670865161765
  0
LWPOLYLINE
  5
1B5
330
1F
100
AcDbEntity
  8
0
  6
Continuous
370
    20
100
AcDbPolyline
 90
        2
 70
     0
 43
0.0
 10
-3087.59809515
 20
-3869.670865161765
 10
-3089.654496233333
 20
-3877.896469495098
  0
LWPOLYLINE
  5
1B6
330
1F
100
AcDbEntity
  8
0
  6
Continuous
370
    20
100
AcDbPolyline
 90
        2
 70
     0
 43
0.0
 10
-3089.654496233333
 20
-3877.896469495098
 10
-3092.357194800001
 20
-3885.652039295097
  0
LWPOLYLINE
  5
1B7
330
1F
100
AcDbEntity
  8
0
  6
Continuous
370
    20
100
AcDbPolyline
 90
        2
 70
     0
 43
0.0
 10
-3092.357194800001
 20
-3885.652039295097
 10
-3095.823699483334
 20
-3893.113837511764
  0
LWPOLYLINE
  5
1B8
330
1F
100
AcDbEntity
  8
0
  6
Continuous
370
    20
100
AcDbPolyline
 90
        2
 70
     0
 43
0.0
 10
-3095.823699483334
 20
-3893.113837511764
 10
-3099.995255966667
 20
-3900.105601195098
  0
LWPOLYLINE
  5
1B9
330
1F
100
AcDbEntity
  8
0
  6
Continuous
370
    20
100
AcDbPolyline
 90
        2
 70
     0
 43
0.0
 10
-3099.995255966667
 20
-3900.105601195098
 10
-3104.813109933333
 20
-3906.744838978431
  0
LWPOLYLINE
  5
1BA
330
1F
100
AcDbEntity
  8
0
  6
Continuous
370
    20
100
AcDbPolyline
 90
        2
 70
     0
 43
0.0
 10
-3104.813109933333
 20
-3906.744838978431
 10
-3110.277261383334
 20
-3912.914042228431
  0
LWPOLYLINE
  5
1BB
330
1F
100
AcDbEntity
  8
0
  6
Continuous
370
    20
100
AcDbPolyline
 90
        2
 70
     0
 43
0.0
 10
-3110.277261383334
 20
-3912.914042228431
 10
-3116.446464633333
 20
-3918.554456628431
  0
LWPOLYLINE
  5
1BC
330
1F
100
AcDbEntity
  8
0
  6
Continuous
370
    20
100
AcDbPolyline
 90
        2
 70
     0
 43
0.0
 10
-3116.446464633333
 20
-3918.554456628431
 10
-3123.144456733334
 20
-3924.018608078431
  0
LWPOLYLINE
  5
1BD
330
1F
100
AcDbEntity
  8
0
  6
Continuous
370
    20
100
AcDbPolyline
 90
        2
 70
     0
 43
0.0
 10
-3123.144456733334
 20
-3924.018608078431
 10
-3128.49109955
 20
-3927.778884345098
  0
LWPOLYLINE
  5
1BE
330
1F
100
AcDbEntity
  8
0
  6
Continuous
370
    20
100
AcDbPolyline
 90
        2
 70
     0
 43
0.0
 10
-3128.49109955
 20
-3927.778884345098
 10
-3128.49109955
 20
-3927.778884345098
  0
LWPOLYLINE
  5
1BF
330
1F
100
AcDbEntity
  8
0
  6
Continuous
370
    20
100
AcDbPolyline
 90
        2
 70
     0
 43
0.0
 10
-3128.49109955
 20
-3927.778884345098
 10
-3137.65677295
 20
-3931.597914928431
  0
LWPOLYLINE
  5
1C0
330
1F
100
AcDbEntity
  8
0
  6
Continuous
370
    20
100
AcDbPolyline
 90
        2
 70
     0
 43
0.0
 10
-3137.65677295
 20
-3931.597914928431
 10
-3137.65677295
 20
-3931.597914928431
  0
LWPOLYLINE
  5
1C1
330
1F
100
AcDbEntity
  8
0
  6
Continuous
370
    20
100
AcDbPolyline
 90
        2
 70
     0
 43
0.0
 10
-3137.65677295
 20
-3931.597914928431
 10
-3070.441834683333
 20
-4095.052423895098
  0
LWPOLYLINE
  5
1C2
330
1F
100
AcDbEntity
  8
0
  6
Continuous
370
    20
100
AcDbPolyline
 90
        2
 70
     0
 43
0.0
 10
-3070.441834683333
 20
-4095.052423895098
 10
-3070.441834683333
 20
-4095.052423895098
  0
LWPOLYLINE
  5
1C3
330
1F
100
AcDbEntity
  8
0
  6
Continuous
370
    20
100
AcDbPolyline
 90
        2
 70
     0
 43
0.0
 10
-3070.441834683333
 20
-4095.052423895098
 10
-3061.217406966667
 20
-4091.350901945097
  0
LWPOLYLINE
  5
1C4
330
1F
100
AcDbEntity
  8
0
  6
Continuous
370
    20
100
AcDbPolyline
 90
        2
 70
     0
 43
0.0
 10
-3061.217406966667
 20
-4091.350901945097
 10
-3061.217406966667
 20
-4091.350901945097
  0
LWPOLYLINE
  5
1C5
330
1F
100
AcDbEntity
  8
0
  6
Continuous
370
    20
100
AcDbPolyline
 90
        2
 70
     0
 43
0.0
 10
-3061.217406966667
 20
-4091.350901945097
 10
-3044.883706933333
 20
-4087.120591145097
  0
LWPOLYLINE
  5
1C6
330
1F
100
AcDbEntity
  8
0
  6
Continuous
370
    20
100
AcDbPolyline
 90
        2
 70
     0
 43
0.0
 10
-3044.883706933333
 20
-4087.120591145097
 10
-3027.198657616667
 20
-4084.065366678431
  0
LWPOLYLINE
  5
1C7
330
1F
100
AcDbEntity
  8
0
  6
Continuous
370
    20
100
AcDbPolyline
 90
        2
 70
     0
 43
0.0
 10
-3027.198657616667
 20
-4084.065366678431
 10
-3009.278591033334
 20
-4082.126474228431
  0
LWPOLYLINE
  5
1C8
330
1F
100
AcDbEntity
  8
0
  6
Continuous
370
    20
100
AcDbPolyline
 90
        2
 70
     0
 43
0.0
 10
-3009.278591033334
 20
-4082.126474228431
 10
-2991.064752866666
 20
-4081.127650845098
  0
LWPOLYLINE
  5
1C9
330
1F
100
AcDbEntity
  8
0
  6
Continuous
370
    20
100
AcDbPolyline
 90
        2
 70
     0
 43
0.0
 10
-2991.064752866666
 20
-4081.127650845098
 10
-2972.557143116667
 20
-4080.657616311764
  0
LWPOLYLINE
  5
1CA
330
1F
100
AcDbEntity
  8
0
  6
Continuous
370
    20
100
AcDbPolyline
 90
        2
 70
     0
 43
0.0
 10
-2972.557143116667
 20
-4080.657616311764
 10
-2954.108287683334
 20
-4080.246336095098
  0
LWPOLYLINE
  5
1CB
330
1F
100
AcDbEntity
  8
0
  6
Continuous
370
    20
100
AcDbPolyline
 90
        2
 70
     0
 43
0.0
 10
-2954.108287683334
 20
-4080.246336095098
 10
-2935.953203833334
 20
-4080.540107678431
  0
LWPOLYLINE
  5
1CC
330
1F
100
AcDbEntity
  8
0
  6
Continuous
370
    20
100
AcDbPolyline
 90
        2
 70
     0
 43
0.0
 10
-2935.953203833334
 20
-4080.540107678431
 10
-2918.091891566668
 20
-4081.773948328431
  0
LWPOLYLINE
  5
1CD
330
1F
100
AcDbEntity
  8
0
  6
Continuous
370
    20
100
AcDbPolyline
 90
        2
 70
     0
 43
0.0
 10
-2918.091891566668
 20
-4081.773948328431
 10
-2918.091891566668
 20
-4081.773948328431
  0
LWPOLYLINE
  5
1CE
330
1F
100
AcDbEntity
  8
0
  6
Continuous
370
    20
100
AcDbPolyline
 90
        2
 70
     0
 43
0.0
 10
-2918.091891566668
 20
-4081.773948328431
 10
-2904.1083642
 20
-4084.065366678431
  0
LWPOLYLINE
  5
1CF
330
1F
100
AcDbEntity
  8
0
  6
Continuous
370
    20
100
AcDbPolyline
 90
        2
 70
     0
 43
0.0
 10
-2904.1083642
 20
-4084.065366678431
 10
-2889.889819566667
 20
-4087.473117045098
  0
LWPOLYLINE
  5
1D0
330
1F
100
AcDbEntity
  8
0
  6
Continuous
370
    20
100
AcDbPolyline
 90
        2
 70
     0
 43
0.0
 10
-2889.889819566667
 20
-4087.473117045098
 10
-2875.788783566667
 20
-4091.115884678431
  0
LWPOLYLINE
  5
1D1
330
1F
100
AcDbEntity
  8
0
  6
Continuous
370
    20
100
AcDbPolyline
 90
        2
 70
     0
 43
0.0
 10
-2875.788783566667
 20
-4091.115884678431
 10
-2862.216536416667
 20
-4095.757475695097
  0
LWPOLYLINE
  5
1D2
330
1F
100
AcDbEntity
  8
0
  6
Continuous
370
    20
100
AcDbPolyline
 90
        2
 70
     0
 43
0.0
 10
-2862.216536416667
 20
-4095.757475695097
 10
-2849.349341066666
 20
-4101.397890095098
  0
LWPOLYLINE
  5
1D3
330
1F
100
AcDbEntity
  8
0
  6
Continuous
370
    20
100
AcDbPolyline
 90
        2
 70
     0
 43
0.0
 10
-2849.349341066666
 20
-4101.397890095098
 10
-2837.422214783333
 20
-4108.330899461765
  0
LWPOLYLINE
  5
1D4
330
1F
100
AcDbEntity
  8
0
  6
Continuous
370
    20
100
AcDbPolyline
 90
        2
 70
     0
 43
0.0
 10
-2837.422214783333
 20
-4108.330899461765
 10
-2825.847614400001
 20
-4117.085292645098
  0
LWPOLYLINE
  5
1D5
330
1F
100
AcDbEntity
  8
0
  6
Continuous
370
    20
100
AcDbPolyline
 90
        2
 70
     0
 43
0.0
 10
-2825.847614400001
 20
-4117.085292645098
 10
-2820.794743166667
 20
-4121.374357761764
  0
LWPOLYLINE
  5
1D6
330
1F
100
AcDbEntity
  8
0
  6
Continuous
370
    20
100
AcDbPolyline
 90
        2
 70
     0
 43
0.0
 10
-2820.794743166667
 20
-4121.374357761764
 10
-2816.094397833333
 20
-4126.192211728431
  0
LWPOLYLINE
  5
1D7
330
1F
100
AcDbEntity
  8
0
  6
Continuous
370
    20
100
AcDbPolyline
 90
        2
 70
     0
 43
0.0
 10
-2816.094397833333
 20
-4126.192211728431
 10
-2812.392875883334
 20
-4131.303837278431
  0
LWPOLYLINE
  5
1D8
330
1F
100
AcDbEntity
  8
0
  6
Continuous
370
    20
100
AcDbPolyline
 90
        2
 70
     0
 43
0.0
 10
-2812.392875883334
 20
-4131.303837278431
 10
-2809.161388466667
 20
-4136.767988728431
  0
LWPOLYLINE
  5
1D9
330
1F
100
AcDbEntity
  8
0
  6
Continuous
370
    20
100
AcDbPolyline
 90
        2
 70
     0
 43
0.0
 10
-2809.161388466667
 20
-4136.767988728431
 10
-2806.164918316667
 20
-4142.760929028431
  0
LWPOLYLINE
  5
1DA
330
1F
100
AcDbEntity
  8
0
  6
Continuous
370
    20
100
AcDbPolyline
 90
        2
 70
     0
 43
0.0
 10
-2806.164918316667
 20
-4142.760929028431
 10
-2803.579728383333
 20
-4148.988886595097
  0
LWPOLYLINE
  5
1DB
330
1F
100
AcDbEntity
  8
0
  6
Continuous
370
    20
100
AcDbPolyline
 90
        2
 70
     0
 43
0.0
 10
-2803.579728383333
 20
-4148.988886595097
 10
-2801.464572983333
 20
-4156.039404595097
  0
LWPOLYLINE
  5
1DC
330
1F
100
AcDbEntity
  8
0
  6
Continuous
370
    20
100
AcDbPolyline
 90
        2
 70
     0
 43
0.0
 10
-2801.464572983333
 20
-4156.039404595097
 10
-2799.93696075
 20
-4163.266185545097
  0
LWPOLYLINE
  5
1DD
330
1F
100
AcDbEntity
  8
0
  6
Continuous
370
    20
100
AcDbPolyline
 90
        2
 70
     0
 43
0.0
 10
-2799.93696075
 20
-4163.266185545097
 10
-2798.7031201
 20
-4170.551720811764
  0
LWPOLYLINE
  5
1DE
330
1F
100
AcDbEntity
  8
0
  6
Continuous
370
    20
100
AcDbPolyline
 90
        2
 70
     0
 43
0.0
 10
-2798.7031201
 20
-4170.551720811764
 10
-2798.7031201
 20
-4170.551720811764
  0
LWPOLYLINE
  5
1DF
330
1F
100
AcDbEntity
  8
0
  6
Continuous
370
    20
100
AcDbPolyline
 90
        2
 70
     0
 43
0.0
 10
-2798.7031201
 20
-4170.551720811764
 10
-2658.3978119
 20
-4165.733866845097
  0
LWPOLYLINE
  5
1E0
330
1F
100
AcDbEntity
  8
0
  6
Continuous
370
    20
100
AcDbPolyline
 90
        2
 70
     0
 43
0.0
 10
-2658.3978119
 20
-4165.733866845097
 10
-2658.3978119
 20
-4165.733866845097
  0
LWPOLYLINE
  5
1E1
330
1F
100
AcDbEntity
  8
0
  6
Continuous
370
    20
100
AcDbPolyline
 90
        2
 70
     0
 43
0.0
 10
-2658.3978119
 20
-4165.733866845097
 10
-2523.909181050001
 20
-4161.209784461765
  0
LWPOLYLINE
  5
1E2
330
1F
100
AcDbEntity
  8
0
  6
Continuous
370
    20
100
AcDbPolyline
 90
        2
 70
     0
 43
0.0
 10
-2523.909181050001
 20
-4161.209784461765
 10
-2523.909181050001
 20
-4161.209784461765
  0
LWPOLYLINE
  5
1E3
330
1F
100
AcDbEntity
  8
0
  6
Continuous
370
    20
100
AcDbPolyline
 90
        2
 70
     0
 43
0.0
 10
-2523.909181050001
 20
-4161.209784461765
 10
-2352.875365233333
 20
-4155.451861428431
  0
LWPOLYLINE
  5
1E4
330
1F
100
AcDbEntity
  8
0
  6
Continuous
370
    20
100
AcDbPolyline
 90
        2
 70
     0
 43
0.0
 10
-2352.875365233333
 20
-4155.451861428431
 10
-2352.875365233333
 20
-4155.451861428431
  0
LWPOLYLINE
  5
1E5
330
1F
100
AcDbEntity
  8
0
  6
Continuous
370
    20
100
AcDbPolyline
 90
        2
 70
     0
 43
0.0
 10
-2352.875365233333
 20
-4155.451861428431
 10
-2353.227891133334
 20
-4145.463627595098
  0
LWPOLYLINE
  5
1E6
330
1F
100
AcDbEntity
  8
0
  6
Continuous
370
    20
100
AcDbPolyline
 90
        2
 70
     0
 43
0.0
 10
-2353.227891133334
 20
-4145.463627595098
 10
-2353.227891133334
 20
-4145.463627595098
  0
LWPOLYLINE
  5
1E7
330
1F
100
AcDbEntity
  8
0
  6
Continuous
370
    20
100
AcDbPolyline
 90
        2
 70
     0
 43
0.0
 10
-2353.227891133334
 20
-4145.463627595098
 10
-2350.936472783334
 20
-4128.131104178431
  0
LWPOLYLINE
  5
1E8
330
1F
100
AcDbEntity
  8
0
  6
Continuous
370
    20
100
AcDbPolyline
 90
        2
 70
     0
 43
0.0
 10
-2350.936472783334
 20
-4128.131104178431
 10
-2349.115088966667
 20
-4119.024185095098
  0
LWPOLYLINE
  5
1E9
330
1F
100
AcDbEntity
  8
0
  6
Continuous
370
    20
100
AcDbPolyline
 90
        2
 70
     0
 43
0.0
 10
-2349.115088966667
 20
-4119.024185095098
 10
-2346.529899033334
 20
-4109.976020328431
  0
LWPOLYLINE
  5
1EA
330
1F
100
AcDbEntity
  8
0
  6
Continuous
370
    20
100
AcDbPolyline
 90
        2
 70
     0
 43
0.0
 10
-2346.529899033334
 20
-4109.976020328431
 10
-2340.301941466667
 20
-4091.938445111764
  0
LWPOLYLINE
  5
1EB
330
1F
100
AcDbEntity
  8
0
  6
Continuous
370
    20
100
AcDbPolyline
 90
        2
 70
     0
 43
0.0
 10
-2340.301941466667
 20
-4091.938445111764
 10
-2333.427686416667
 20
-4073.430835361764
  0
LWPOLYLINE
  5
1EC
330
1F
100
AcDbEntity
  8
0
  6
Continuous
370
    20
100
AcDbPolyline
 90
        2
 70
     0
 43
0.0
 10
-2333.427686416667
 20
-4073.430835361764
 10
-2327.199728850001
 20
-4054.27692812843
  0
LWPOLYLINE
  5
1ED
330
1F
100
AcDbEntity
  8
0
  6
Continuous
370
    20
100
AcDbPolyline
 90
        2
 70
     0
 43
0.0
 10
-2327.199728850001
 20
-4054.27692812843
 10
-2321.794331716667
 20
-4034.770494995097
  0
LWPOLYLINE
  5
1EE
330
1F
100
AcDbEntity
  8
0
  6
Continuous
370
    20
100
AcDbPolyline
 90
        2
 70
     0
 43
0.0
 10
-2321.794331716667
 20
-4034.770494995097
 10
-2317.446512283333
 20
-4015.029044595098
  0
LWPOLYLINE
  5
1EF
330
1F
100
AcDbEntity
  8
0
  6
Continuous
370
    20
100
AcDbPolyline
 90
        2
 70
     0
 43
0.0
 10
-2317.446512283333
 20
-4015.029044595098
 10
-2314.097516233334
 20
-3995.170085561764
  0
LWPOLYLINE
  5
1F0
330
1F
100
AcDbEntity
  8
0
  6
Continuous
370
    20
100
AcDbPolyline
 90
        2
 70
     0
 43
0.0
 10
-2314.097516233334
 20
-3995.170085561764
 10
-2312.628658316667
 20
-3983.654239495097
  0
LWPOLYLINE
  5
1F1
330
1F
100
AcDbEntity
  8
0
  6
Continuous
370
    20
100
AcDbPolyline
 90
        2
 70
     0
 43
0.0
 10
-2312.628658316667
 20
-3983.654239495097
 10
-2312.628658316667
 20
-3983.654239495097
  0
LWPOLYLINE
  5
1F2
330
1F
100
AcDbEntity
  8
0
  6
Continuous
370
    20
100
AcDbPolyline
 90
        2
 70
     0
 43
0.0
 10
-2312.628658316667
 20
-3983.654239495097
 10
-2311.453571983333
 20
-3975.369880845097
  0
LWPOLYLINE
  5
1F3
330
1F
100
AcDbEntity
  8
0
  6
Continuous
370
    20
100
AcDbPolyline
 90
        2
 70
     0
 43
0.0
 10
-2311.453571983333
 20
-3975.369880845097
 10
-2309.162153633333
 20
-3955.569676128431
  0
LWPOLYLINE
  5
1F4
330
1F
100
AcDbEntity
  8
0
  6
Continuous
370
    20
100
AcDbPolyline
 90
        2
 70
     0
 43
0.0
 10
-2309.162153633333
 20
-3955.569676128431
 10
-2307.223261183333
 20
-3935.769471411764
  0
LWPOLYLINE
  5
1F5
330
1F
100
AcDbEntity
  8
0
  6
Continuous
370
    20
100
AcDbPolyline
 90
        2
 70
     0
 43
0.0
 10
-2307.223261183333
 20
-3935.769471411764
 10
-2305.519386
 20
-3915.616740795098
  0
LWPOLYLINE
  5
1F6
330
1F
100
AcDbEntity
  8
0
  6
Continuous
370
    20
100
AcDbPolyline
 90
        2
 70
     0
 43
0.0
 10
-2305.519386
 20
-3915.616740795098
 10
-2305.519386
 20
-3915.616740795098
  0
LWPOLYLINE
  5
1F7
330
1F
100
AcDbEntity
  8
0
  6
Continuous
370
    20
100
AcDbPolyline
 90
        2
 70
     0
 43
0.0
 10
-2305.519386
 20
-3915.616740795098
 10
-2305.519386
 20
-3825.781390611764
  0
LWPOLYLINE
  5
1F8
330
1F
100
AcDbEntity
  8
0
  6
Continuous
370
    20
100
AcDbPolyline
 90
        2
 70
     0
 43
0.0
 10
-2917.32808545
 20
-3579.130769245097
 10
-2917.32808545
 20
-3579.130769245097
  0
LWPOLYLINE
  5
1F9
330
1F
100
AcDbEntity
  8
0
  6
Continuous
370
    20
100
AcDbPolyline
 90
        2
 70
     0
 43
0.0
 10
-2917.32808545
 20
-3579.130769245097
 10
-2917.32808545
 20
-3825.781390611764
  0
LWPOLYLINE
  5
1FA
330
1F
100
AcDbEntity
  8
0
  6
Continuous
370
    20
100
AcDbPolyline
 90
        2
 70
     0
 43
0.0
 10
-2792.53391685
 20
-3490.411751078431
 10
-2792.53391685
 20
-3490.411751078431
  0
LWPOLYLINE
  5
1FB
330
1F
100
AcDbEntity
  8
0
  6
Continuous
370
    20
100
AcDbPolyline
 90
        2
 70
     0
 43
0.0
 10
-2792.53391685
 20
-3490.411751078431
 10
-2792.53391685
 20
-3825.781390611764
  0
LWPOLYLINE
  5
1FC
330
1F
100
AcDbEntity
  8
0
  6
Continuous
370
    20
100
AcDbPolyline
 90
        2
 70
     0
 43
0.0
 10
-2658.515320533334
 20
-3496.22842842843
 10
-2658.515320533334
 20
-3496.22842842843
  0
LWPOLYLINE
  5
1FD
330
1F
100
AcDbEntity
  8
0
  6
Continuous
370
    20
100
AcDbPolyline
 90
        2
 70
     0
 43
0.0
 10
-2658.515320533334
 20
-3496.22842842843
 10
-2658.515320533334
 20
-3825.781390611764
  0
LWPOLYLINE
  5
1FE
330
1F
100
AcDbEntity
  8
0
  6
Continuous
370
    20
100
AcDbPolyline
 90
        2
 70
     0
 43
0.0
 10
-2523.967935366667
 20
-3500.635002178431
 10
-2523.967935366667
 20
-3500.635002178431
  0
LWPOLYLINE
  5
1FF
330
1F
100
AcDbEntity
  8
0
  6
Continuous
370
    20
100
AcDbPolyline
 90
        2
 70
     0
 43
0.0
 10
-2523.967935366667
 20
-3500.635002178431
 10
-2523.967935366667
 20
-3825.781390611764
  0
LWPOLYLINE
  5
200
330
1F
100
AcDbEntity
  8
0
  6
Continuous
370
    20
100
AcDbPolyline
 90
        2
 70
     0
 43
0.0
 10
-3064.977683233334
 20
-3825.781390611764
 10
-3064.977683233334
 20
-3825.781390611764
  0
LWPOLYLINE
  5
201
330
1F
100
AcDbEntity
  8
0
  6
Continuous
370
    20
100
AcDbPolyline
 90
        2
 70
     0
 43
0.0
 10
-3064.977683233334
 20
-3825.781390611764
 10
-2355.460555166667
 20
-3825.781390611764
  0
LWPOLYLINE
  5
202
330
1F
100
AcDbEntity
  8
0
  6
Continuous
370
    20
100
AcDbPolyline
 90
        2
 70
     0
 43
0.0
 10
-2917.32808545
 20
-3825.781390611764
 10
-2917.32808545
 20
-3825.781390611764
  0
LWPOLYLINE
  5
203
330
1F
100
AcDbEntity
  8
0
  6
Continuous
370
    20
100
AcDbPolyline
 90
        2
 70
     0
 43
0.0
 10
-2917.32808545
 20
-3825.781390611764
 10
-2917.32808545
 20
-4072.373257661764
  0
LWPOLYLINE
  5
204
330
1F
100
AcDbEntity
  8
0
  6
Continuous
370
    20
100
AcDbPolyline
 90
        2
 70
     0
 43
0.0
 10
-2792.53391685
 20
-3825.781390611764
 10
-2792.53391685
 20
-3825.781390611764
  0
LWPOLYLINE
  5
205
330
1F
100
AcDbEntity
  8
0
  6
Continuous
370
    20
100
AcDbPolyline
 90
        2
 70
     0
 43
0.0
 10
-2792.53391685
 20
-3825.781390611764
 10
-2792.53391685
 20
-4161.151030145098
  0
LWPOLYLINE
  5
206
330
1F
100
AcDbEntity
  8
0
  6
Continuous
370
    20
100
AcDbPolyline
 90
        2
 70
     0
 43
0.0
 10
-2658.515320533334
 20
-3825.781390611764
 10
-2658.515320533334
 20
-3825.781390611764
  0
LWPOLYLINE
  5
207
330
1F
100
AcDbEntity
  8
0
  6
Continuous
370
    20
100
AcDbPolyline
 90
        2
 70
     0
 43
0.0
 10
-2658.515320533334
 20
-3825.781390611764
 10
-2658.515320533334
 20
-4155.393107111764
  0
LWPOLYLINE
  5
208
330
1F
100
AcDbEntity
  8
0
  6
Continuous
370
    20
100
AcDbPolyline
 90
        2
 70
     0
 43
0.0
 10
-2523.967935366667
 20
-3825.781390611764
 10
-2523.967935366667
 20
-3825.781390611764
  0
LWPOLYLINE
  5
209
330
1F
100
AcDbEntity
  8
0
  6
Continuous
370
    20
100
AcDbPolyline
 90
        2
 70
     0
 43
0.0
 10
-2523.967935366667
 20
-3825.781390611764
 10
-2523.967935366667
 20
-4150.986533361765
  0
LWPOLYLINE
  5
20A
330
1F
100
AcDbEntity
  8
0
  6
Continuous
370
    20
100
AcDbPolyline
 90
        2
 70
     0
 43
0.0
 10
-2355.460555166667
 20
-3825.781390611764
 10
-2355.460555166667
 20
-3825.781390611764
  0
LWPOLYLINE
  5
20B
330
1F
100
AcDbEntity
  8
0
  6
Continuous
370
    20
100
AcDbPolyline
 90
        2
 70
     0
 43
0.0
 10
-2355.460555166667
 20
-3825.781390611764
 10
-3064.977683233334
 20
-3825.781390611764
  0
LWPOLYLINE
  5
20C
330
1F
100
AcDbEntity
  8
0
  6
Continuous
370
    20
100
AcDbPolyline
 90
        2
 70
     0
 43
0.0
 10
-2305.519386
 20
-3825.781390611764
 10
-2315.507619833333
 20
-3825.781390611764
  0
LWPOLYLINE
  5
20D
330
1F
100
AcDbEntity
  8
0
  6
Continuous
370
    20
100
AcDbPolyline
 90
        2
 70
     0
 43
0.0
 10
-2315.507619833333
 20
-3830.775507528431
 10
-2315.507619833333
 20
-3820.787273695098
  0
LWPOLYLINE
  5
20E
330
1F
100
AcDbEntity
  8
0
  6
Continuous
370
    20
100
AcDbPolyline
 90
        2
 70
     0
 43
0.0
 10
-2312.628658316667
 20
-3668.143558995097
 10
-2322.558137833334
 20
-3669.494908278431
  0
LWPOLYLINE
  5
20F
330
1F
100
AcDbEntity
  8
0
  6
Continuous
370
    20
100
AcDbPolyline
 90
        2
 70
     0
 43
0.0
 10
-2321.853086033334
 20
-3674.430270878431
 10
-2323.204435316667
 20
-3664.500791361763
  0
LWPOLYLINE
  5
210
330
1F
100
AcDbEntity
  8
0
  6
Continuous
370
    20
100
AcDbPolyline
 90
        2
 70
     0
 43
0.0
 10
-2523.909181050001
 20
-3490.411751078431
 10
-2524.202952633333
 20
-3500.341230595097
  0
LWPOLYLINE
  5
211
330
1F
100
AcDbEntity
  8
0
  6
Continuous
370
    20
100
AcDbPolyline
 90
        2
 70
     0
 43
0.0
 10
-2519.267590033333
 20
-3500.517493545098
 10
-2529.197069550001
 20
-3500.223721961765
  0
LWPOLYLINE
  5
212
330
1F
100
AcDbEntity
  8
0
  6
Continuous
370
    20
100
AcDbPolyline
 90
        2
 70
     0
 43
0.0
 10
-2658.3978119
 20
-3485.828914378431
 10
-2658.750337800001
 20
-3495.875902528431
  0
LWPOLYLINE
  5
213
330
1F
100
AcDbEntity
  8
0
  6
Continuous
370
    20
100
AcDbPolyline
 90
        2
 70
     0
 43
0.0
 10
-2653.756220883334
 20
-3496.052165478431
 10
-2663.744454716667
 20
-3495.699639578431
  0
LWPOLYLINE
  5
214
330
1F
100
AcDbEntity
  8
0
  6
Continuous
370
    20
100
AcDbPolyline
 90
        2
 70
     0
 43
0.0
 10
-2918.091891566668
 20
-3569.73007857843
 10
-2916.97555955
 20
-3579.718312411764
  0
LWPOLYLINE
  5
215
330
1F
100
AcDbEntity
  8
0
  6
Continuous
370
    20
100
AcDbPolyline
 90
        2
 70
     0
 43
0.0
 10
-2911.981442633333
 20
-3579.130769245097
 10
-2921.852167833333
 20
-3580.305855578431
  0
LWPOLYLINE
  5
216
330
1F
100
AcDbEntity
  8
0
  6
Continuous
370
    20
100
AcDbPolyline
 90
        2
 70
     0
 43
0.0
 10
-3084.895396583334
 20
-3825.840144928431
 10
-3074.90716275
 20
-3825.840144928431
  0
LWPOLYLINE
  5
217
330
1F
100
AcDbEntity
  8
0
  6
Continuous
370
    20
100
AcDbPolyline
 90
        2
 70
     0
 43
0.0
 10
-3074.90716275
 20
-3820.846028011764
 10
-3074.90716275
 20
-3830.834261845097
  0
LWPOLYLINE
  5
218
330
1F
100
AcDbEntity
  8
0
  6
Continuous
370
    20
100
AcDbPolyline
 90
        2
 70
     0
 43
0.0
 10
-2918.091891566668
 20
-4081.773948328431
 10
-2916.97555955
 20
-4071.903223128431
  0
LWPOLYLINE
  5
219
330
1F
100
AcDbEntity
  8
0
  6
Continuous
370
    20
100
AcDbPolyline
 90
        2
 70
     0
 43
0.0
 10
-2921.852167833333
 20
-4071.315679961764
 10
-2911.981442633333
 20
-4072.490766295097
  0
LWPOLYLINE
  5
21A
330
1F
100
AcDbEntity
  8
0
  6
Continuous
370
    20
100
AcDbPolyline
 90
        2
 70
     0
 43
0.0
 10
-2658.3978119
 20
-4165.733866845097
 10
-2658.750337800001
 20
-4155.745633011764
  0
LWPOLYLINE
  5
21B
330
1F
100
AcDbEntity
  8
0
  6
Continuous
370
    20
100
AcDbPolyline
 90
        2
 70
     0
 43
0.0
 10
-2663.744454716667
 20
-4155.921895961764
 10
-2653.756220883334
 20
-4155.569370061765
  0
LWPOLYLINE
  5
21C
330
1F
100
AcDbEntity
  8
0
  6
Continuous
370
    20
100
AcDbPolyline
 90
        2
 70
     0
 43
0.0
 10
-2523.909181050001
 20
-4161.209784461765
 10
-2524.202952633333
 20
-4151.221550628431
  0
LWPOLYLINE
  5
21D
330
1F
100
AcDbEntity
  8
0
  6
Continuous
370
    20
100
AcDbPolyline
 90
        2
 70
     0
 43
0.0
 10
-2529.197069550001
 20
-4151.397813578431
 10
-2519.267590033333
 20
-4151.104041995098
  0
LWPOLYLINE
  5
21E
330
1F
100
AcDbEntity
  8
0
  6
Continuous
370
    20
100
AcDbPolyline
 90
        2
 70
     0
 43
0.0
 10
-2312.628658316667
 20
-3983.654239495097
 10
-2322.558137833334
 20
-3982.302890211764
  0
LWPOLYLINE
  5
21F
330
1F
100
AcDbEntity
  8
0
  6
Continuous
370
    20
100
AcDbPolyline
 90
        2
 70
     0
 43
0.0
 10
-2323.204435316667
 20
-3987.297007128431
 10
-2321.853086033334
 20
-3977.367527611764
  0
LWPOLYLINE
  5
220
330
1F
100
AcDbEntity
  8
0
  6
Continuous
370
    20
100
AcDbPolyline
 90
        2
 70
     0
 43
0.0
 10
-2305.519386
 20
-3825.781390611764
 10
-2315.507619833333
 20
-3825.781390611764
  0
LWPOLYLINE
  5
221
330
1F
100
AcDbEntity
  8
0
  6
Continuous
370
    20
100
AcDbPolyline
 90
        2
 70
     0
 43
0.0
 10
-2315.507619833333
 20
-3830.775507528431
 10
-2315.507619833333
 20
-3820.787273695098
  0
LWPOLYLINE
  5
222
330
1F
100
AcDbEntity
  8
0
  6
Continuous
370
    20
100
AcDbPolyline
 90
        2
 70
     0
 43
0.0
 10
-1575.379492783334
 20
-4360.386917961764
 10
-1579.257277683334
 20
-4289.059177528431
  0
LWPOLYLINE
  5
223
330
1F
100
AcDbEntity
  8
0
  6
Continuous
370
    20
100
AcDbPolyline
 90
        2
 70
     0
 43
0.0
 10
-1579.257277683334
 20
-4289.059177528431
 10
-1582.253747833333
 20
-4205.921819445097
  0
LWPOLYLINE
  5
224
330
1F
100
AcDbEntity
  8
0
  6
Continuous
370
    20
100
AcDbPolyline
 90
        2
 70
     0
 43
0.0
 10
-1582.253747833333
 20
-4205.921819445097
 10
-1583.840114383334
 20
-4122.666952728431
  0
LWPOLYLINE
  5
225
330
1F
100
AcDbEntity
  8
0
  6
Continuous
370
    20
100
AcDbPolyline
 90
        2
 70
     0
 43
0.0
 10
-1583.840114383334
 20
-4122.666952728431
 10
-1583.72260575
 20
-4050.57540617843
  0
LWPOLYLINE
  5
226
330
1F
100
AcDbEntity
  8
0
  6
Continuous
370
    20
100
AcDbPolyline
 90
        2
 70
     0
 43
0.0
 10
-1583.72260575
 20
-4050.57540617843
 10
-1608.693190333334
 20
-4050.57540617843
  0
LWPOLYLINE
  5
227
330
1F
100
AcDbEntity
  8
0
  6
Continuous
370
    20
100
AcDbPolyline
 90
        2
 70
     0
 43
0.0
 10
-1608.693190333334
 20
-4050.57540617843
 10
-1735.896285916667
 20
-4050.57540617843
  0
LWPOLYLINE
  5
228
330
1F
100
AcDbEntity
  8
0
  6
Continuous
370
    20
100
AcDbPolyline
 90
        2
 70
     0
 43
0.0
 10
-1735.896285916667
 20
-4050.57540617843
 10
-1870.5024254
 20
-4050.57540617843
  0
LWPOLYLINE
  5
229
330
1F
100
AcDbEntity
  8
0
  6
Continuous
370
    20
100
AcDbPolyline
 90
        2
 70
     0
 43
0.0
 10
-1870.5024254
 20
-4050.57540617843
 10
-2004.050987183334
 20
-4050.57540617843
  0
LWPOLYLINE
  5
22A
330
1F
100
AcDbEntity
  8
0
  6
Continuous
370
    20
100
AcDbPolyline
 90
        2
 70
     0
 43
0.0
 10
-2004.050987183334
 20
-4050.57540617843
 10
-2133.369238166667
 20
-4050.57540617843
  0
LWPOLYLINE
  5
22B
330
1F
100
AcDbEntity
  8
0
  6
Continuous
370
    20
100
AcDbPolyline
 90
        2
 70
     0
 43
0.0
 10
-2133.369238166667
 20
-4050.57540617843
 10
-2213.1576002
 20
-4050.57540617843
  0
LWPOLYLINE
  5
22C
330
1F
100
AcDbEntity
  8
0
  6
Continuous
370
    20
100
AcDbPolyline
 90
        2
 70
     0
 43
0.0
 10
-2213.1576002
 20
-4050.57540617843
 10
-2213.627634733333
 20
-4063.325092895097
  0
LWPOLYLINE
  5
22D
330
1F
100
AcDbEntity
  8
0
  6
Continuous
370
    20
100
AcDbPolyline
 90
        2
 70
     0
 43
0.0
 10
-2213.627634733333
 20
-4063.325092895097
 10
-2216.6828592
 20
-4075.781008028431
  0
LWPOLYLINE
  5
22E
330
1F
100
AcDbEntity
  8
0
  6
Continuous
370
    20
100
AcDbPolyline
 90
        2
 70
     0
 43
0.0
 10
-2216.6828592
 20
-4075.781008028431
 10
-2221.265695900001
 20
-4087.884397261764
  0
LWPOLYLINE
  5
22F
330
1F
100
AcDbEntity
  8
0
  6
Continuous
370
    20
100
AcDbPolyline
 90
        2
 70
     0
 43
0.0
 10
-2221.265695900001
 20
-4087.884397261764
 10
-2228.022442316667
 20
-4099.400243328431
  0
LWPOLYLINE
  5
230
330
1F
100
AcDbEntity
  8
0
  6
Continuous
370
    20
100
AcDbPolyline
 90
        2
 70
     0
 43
0.0
 10
-2228.022442316667
 20
-4099.400243328431
 10
-2235.954275066667
 20
-4110.034774645098
  0
LWPOLYLINE
  5
231
330
1F
100
AcDbEntity
  8
0
  6
Continuous
370
    20
100
AcDbPolyline
 90
        2
 70
     0
 43
0.0
 10
-2235.954275066667
 20
-4110.034774645098
 10
-2245.002439833334
 20
-4119.67048257843
  0
LWPOLYLINE
  5
232
330
1F
100
AcDbEntity
  8
0
  6
Continuous
370
    20
100
AcDbPolyline
 90
        2
 70
     0
 43
0.0
 10
-2245.002439833334
 20
-4119.67048257843
 10
-2258.45717835
 20
-4129.658716411764
  0
LWPOLYLINE
  5
233
330
1F
100
AcDbEntity
  8
0
  6
Continuous
370
    20
100
AcDbPolyline
 90
        2
 70
     0
 43
0.0
 10
-2258.45717835
 20
-4129.658716411764
 10
-2273.028248883334
 20
-4138.060583695098
  0
LWPOLYLINE
  5
234
330
1F
100
AcDbEntity
  8
0
  6
Continuous
370
    20
100
AcDbPolyline
 90
        2
 70
     0
 43
0.0
 10
-2273.028248883334
 20
-4138.060583695098
 10
-2288.363125533333
 20
-4144.817330111764
  0
LWPOLYLINE
  5
235
330
1F
100
AcDbEntity
  8
0
  6
Continuous
370
    20
100
AcDbPolyline
 90
        2
 70
     0
 43
0.0
 10
-2288.363125533333
 20
-4144.817330111764
 10
-2304.226791033333
 20
-4149.987709978431
  0
LWPOLYLINE
  5
236
330
1F
100
AcDbEntity
  8
0
  6
Continuous
370
    20
100
AcDbPolyline
 90
        2
 70
     0
 43
0.0
 10
-2304.226791033333
 20
-4149.987709978431
 10
-2320.736754016667
 20
-4153.042934445098
  0
LWPOLYLINE
  5
237
330
1F
100
AcDbEntity
  8
0
  6
Continuous
370
    20
100
AcDbPolyline
 90
        2
 70
     0
 43
0.0
 10
-2320.736754016667
 20
-4153.042934445098
 10
-2258.045898133334
 20
-4297.167273228431
  0
LWPOLYLINE
  5
238
330
1F
100
AcDbEntity
  8
0
  6
Continuous
370
    20
100
AcDbPolyline
 90
        2
 70
     0
 43
0.0
 10
-2258.045898133334
 20
-4297.167273228431
 10
-2244.943685516667
 20
-4291.761876095097
  0
LWPOLYLINE
  5
239
330
1F
100
AcDbEntity
  8
0
  6
Continuous
370
    20
100
AcDbPolyline
 90
        2
 70
     0
 43
0.0
 10
-2244.943685516667
 20
-4291.761876095097
 10
-2231.606455633333
 20
-4287.120285078431
  0
LWPOLYLINE
  5
23A
330
1F
100
AcDbEntity
  8
0
  6
Continuous
370
    20
100
AcDbPolyline
 90
        2
 70
     0
 43
0.0
 10
-2231.606455633333
 20
-4287.120285078431
 10
-2218.034208483333
 20
-4282.948728595098
  0
LWPOLYLINE
  5
23B
330
1F
100
AcDbEntity
  8
0
  6
Continuous
370
    20
100
AcDbPolyline
 90
        2
 70
     0
 43
0.0
 10
-2218.034208483333
 20
-4282.948728595098
 10
-2204.226944066667
 20
-4279.599732545098
  0
LWPOLYLINE
  5
23C
330
1F
100
AcDbEntity
  8
0
  6
Continuous
370
    20
100
AcDbPolyline
 90
        2
 70
     0
 43
0.0
 10
-2204.226944066667
 20
-4279.599732545098
 10
-2190.302171016667
 20
-4277.249559878431
  0
LWPOLYLINE
  5
23D
330
1F
100
AcDbEntity
  8
0
  6
Continuous
370
    20
100
AcDbPolyline
 90
        2
 70
     0
 43
0.0
 10
-2190.302171016667
 20
-4277.249559878431
 10
-2176.083626383334
 20
-4275.545684695098
  0
LWPOLYLINE
  5
23E
330
1F
100
AcDbEntity
  8
0
  6
Continuous
370
    20
100
AcDbPolyline
 90
        2
 70
     0
 43
0.0
 10
-2176.083626383334
 20
-4275.545684695098
 10
-2161.86508175
 20
-4274.664369945098
  0
LWPOLYLINE
  5
23F
330
1F
100
AcDbEntity
  8
0
  6
Continuous
370
    20
100
AcDbPolyline
 90
        2
 70
     0
 43
0.0
 10
-2161.86508175
 20
-4274.664369945098
 10
-2147.646537116667
 20
-4274.488106995097
  0
LWPOLYLINE
  5
240
330
1F
100
AcDbEntity
  8
0
  6
Continuous
370
    20
100
AcDbPolyline
 90
        2
 70
     0
 43
0.0
 10
-2147.646537116667
 20
-4274.488106995097
 10
-2133.369238166667
 20
-4274.781878578431
  0
LWPOLYLINE
  5
241
330
1F
100
AcDbEntity
  8
0
  6
Continuous
370
    20
100
AcDbPolyline
 90
        2
 70
     0
 43
0.0
 10
-2133.369238166667
 20
-4274.781878578431
 10
-2120.913323033333
 20
-4276.133227861765
  0
LWPOLYLINE
  5
242
330
1F
100
AcDbEntity
  8
0
  6
Continuous
370
    20
100
AcDbPolyline
 90
        2
 70
     0
 43
0.0
 10
-2120.913323033333
 20
-4276.133227861765
 10
-2108.457407900001
 20
-4277.837103045098
  0
LWPOLYLINE
  5
243
330
1F
100
AcDbEntity
  8
0
  6
Continuous
370
    20
100
AcDbPolyline
 90
        2
 70
     0
 43
0.0
 10
-2108.457407900001
 20
-4277.837103045098
 10
-2096.119001399999
 20
-4280.011012761764
  0
LWPOLYLINE
  5
244
330
1F
100
AcDbEntity
  8
0
  6
Continuous
370
    20
100
AcDbPolyline
 90
        2
 70
     0
 43
0.0
 10
-2096.119001399999
 20
-4280.011012761764
 10
-2083.839349216666
 20
-4282.654957011764
  0
LWPOLYLINE
  5
245
330
1F
100
AcDbEntity
  8
0
  6
Continuous
370
    20
100
AcDbPolyline
 90
        2
 70
     0
 43
0.0
 10
-2083.839349216666
 20
-4282.654957011764
 10
-2071.735959983333
 20
-4285.827690111764
  0
LWPOLYLINE
  5
246
330
1F
100
AcDbEntity
  8
0
  6
Continuous
370
    20
100
AcDbPolyline
 90
        2
 70
     0
 43
0.0
 10
-2071.735959983333
 20
-4285.827690111764
 10
-2059.8088337
 20
-4289.822983645097
  0
LWPOLYLINE
  5
247
330
1F
100
AcDbEntity
  8
0
  6
Continuous
370
    20
100
AcDbPolyline
 90
        2
 70
     0
 43
0.0
 10
-2059.8088337
 20
-4289.822983645097
 10
-2048.292987633333
 20
-4294.934609195098
  0
LWPOLYLINE
  5
248
330
1F
100
AcDbEntity
  8
0
  6
Continuous
370
    20
100
AcDbPolyline
 90
        2
 70
     0
 43
0.0
 10
-2048.292987633333
 20
-4294.934609195098
 10
-2037.599702
 20
-4301.280075395097
  0
LWPOLYLINE
  5
249
330
1F
100
AcDbEntity
  8
0
  6
Continuous
370
    20
100
AcDbPolyline
 90
        2
 70
     0
 43
0.0
 10
-2037.599702
 20
-4301.280075395097
 10
-2027.787731116667
 20
-4309.094399511764
  0
LWPOLYLINE
  5
24A
330
1F
100
AcDbEntity
  8
0
  6
Continuous
370
    20
100
AcDbPolyline
 90
        2
 70
     0
 43
0.0
 10
-2027.787731116667
 20
-4309.094399511764
 10
-2018.857074983333
 20
-4317.907547011764
  0
LWPOLYLINE
  5
24B
330
1F
100
AcDbEntity
  8
0
  6
Continuous
370
    20
100
AcDbPolyline
 90
        2
 70
     0
 43
0.0
 10
-2018.857074983333
 20
-4317.907547011764
 10
-2011.924065616667
 20
-4327.308237678431
  0
LWPOLYLINE
  5
24C
330
1F
100
AcDbEntity
  8
0
  6
Continuous
370
    20
100
AcDbPolyline
 90
        2
 70
     0
 43
0.0
 10
-2011.924065616667
 20
-4327.308237678431
 10
-2006.518668483333
 20
-4337.648997411764
  0
LWPOLYLINE
  5
24D
330
1F
100
AcDbEntity
  8
0
  6
Continuous
370
    20
100
AcDbPolyline
 90
        2
 70
     0
 43
0.0
 10
-2006.518668483333
 20
-4337.648997411764
 10
-2003.463444016666
 20
-4348.812317578431
  0
LWPOLYLINE
  5
24E
330
1F
100
AcDbEntity
  8
0
  6
Continuous
370
    20
100
AcDbPolyline
 90
        2
 70
     0
 43
0.0
 10
-2003.463444016666
 20
-4348.812317578431
 10
-2002.053340416667
 20
-4360.386917961764
  0
LWPOLYLINE
  5
24F
330
1F
100
AcDbEntity
  8
0
  6
Continuous
370
    20
100
AcDbPolyline
 90
        2
 70
     0
 43
0.0
 10
-2002.053340416667
 20
-4360.386917961764
 10
-1870.5024254
 20
-4360.386917961764
  0
LWPOLYLINE
  5
250
330
1F
100
AcDbEntity
  8
0
  6
Continuous
370
    20
100
AcDbPolyline
 90
        2
 70
     0
 43
0.0
 10
-1870.5024254
 20
-4360.386917961764
 10
-1735.896285916667
 20
-4360.386917961764
  0
LWPOLYLINE
  5
251
330
1F
100
AcDbEntity
  8
0
  6
Continuous
370
    20
100
AcDbPolyline
 90
        2
 70
     0
 43
0.0
 10
-1735.896285916667
 20
-4360.386917961764
 10
-1575.379492783334
 20
-4360.386917961764
  0
LWPOLYLINE
  5
252
330
1F
100
AcDbEntity
  8
0
  6
Continuous
370
    20
100
AcDbPolyline
 90
        2
 70
     0
 43
0.0
 10
-1565.39125895
 20
-4370.375151795097
 10
-1565.39125895
 20
-4370.375151795097
  0
LWPOLYLINE
  5
253
330
1F
100
AcDbEntity
  8
0
  6
Continuous
370
    20
100
AcDbPolyline
 90
        2
 70
     0
 43
0.0
 10
-1565.39125895
 20
-4370.375151795097
 10
-1565.39125895
 20
-4360.386917961764
  0
LWPOLYLINE
  5
254
330
1F
100
AcDbEntity
  8
0
  6
Continuous
370
    20
100
AcDbPolyline
 90
        2
 70
     0
 43
0.0
 10
-1565.39125895
 20
-4360.386917961764
 10
-1565.39125895
 20
-4360.386917961764
  0
LWPOLYLINE
  5
255
330
1F
100
AcDbEntity
  8
0
  6
Continuous
370
    20
100
AcDbPolyline
 90
        2
 70
     0
 43
0.0
 10
-1565.39125895
 20
-4360.386917961764
 10
-1569.26904385
 20
-4288.647897311764
  0
LWPOLYLINE
  5
256
330
1F
100
AcDbEntity
  8
0
  6
Continuous
370
    20
100
AcDbPolyline
 90
        2
 70
     0
 43
0.0
 10
-1569.26904385
 20
-4288.647897311764
 10
-1572.265514
 20
-4205.628047861764
  0
LWPOLYLINE
  5
257
330
1F
100
AcDbEntity
  8
0
  6
Continuous
370
    20
100
AcDbPolyline
 90
        2
 70
     0
 43
0.0
 10
-1572.265514
 20
-4205.628047861764
 10
-1572.265514
 20
-4205.628047861764
  0
LWPOLYLINE
  5
258
330
1F
100
AcDbEntity
  8
0
  6
Continuous
370
    20
100
AcDbPolyline
 90
        2
 70
     0
 43
0.0
 10
-1572.265514
 20
-4205.628047861764
 10
-1573.85188055
 20
-4122.549444095098
  0
LWPOLYLINE
  5
259
330
1F
100
AcDbEntity
  8
0
  6
Continuous
370
    20
100
AcDbPolyline
 90
        2
 70
     0
 43
0.0
 10
-1573.85188055
 20
-4122.549444095098
 10
-1573.793126233333
 20
-4040.587172345097
  0
LWPOLYLINE
  5
25A
330
1F
100
AcDbEntity
  8
0
  6
Continuous
370
    20
100
AcDbPolyline
 90
        2
 70
     0
 43
0.0
 10
-1573.793126233333
 20
-4040.587172345097
 10
-1573.793126233333
 20
-4040.587172345097
  0
LWPOLYLINE
  5
25B
330
1F
100
AcDbEntity
  8
0
  6
Continuous
370
    20
100
AcDbPolyline
 90
        2
 70
     0
 43
0.0
 10
-1573.793126233333
 20
-4040.587172345097
 10
-1608.693190333334
 20
-4040.587172345097
  0
LWPOLYLINE
  5
25C
330
1F
100
AcDbEntity
  8
0
  6
Continuous
370
    20
100
AcDbPolyline
 90
        2
 70
     0
 43
0.0
 10
-1608.693190333334
 20
-4040.587172345097
 10
-1608.693190333334
 20
-4040.587172345097
  0
LWPOLYLINE
  5
25D
330
1F
100
AcDbEntity
  8
0
  6
Continuous
370
    20
100
AcDbPolyline
 90
        2
 70
     0
 43
0.0
 10
-1608.693190333334
 20
-4040.587172345097
 10
-1735.896285916667
 20
-4040.587172345097
  0
LWPOLYLINE
  5
25E
330
1F
100
AcDbEntity
  8
0
  6
Continuous
370
    20
100
AcDbPolyline
 90
        2
 70
     0
 43
0.0
 10
-1735.896285916667
 20
-4040.587172345097
 10
-1735.896285916667
 20
-4040.587172345097
  0
LWPOLYLINE
  5
25F
330
1F
100
AcDbEntity
  8
0
  6
Continuous
370
    20
100
AcDbPolyline
 90
        2
 70
     0
 43
0.0
 10
-1735.896285916667
 20
-4040.587172345097
 10
-1870.5024254
 20
-4040.587172345097
  0
LWPOLYLINE
  5
260
330
1F
100
AcDbEntity
  8
0
  6
Continuous
370
    20
100
AcDbPolyline
 90
        2
 70
     0
 43
0.0
 10
-1870.5024254
 20
-4040.587172345097
 10
-1870.5024254
 20
-4040.587172345097
  0
LWPOLYLINE
  5
261
330
1F
100
AcDbEntity
  8
0
  6
Continuous
370
    20
100
AcDbPolyline
 90
        2
 70
     0
 43
0.0
 10
-1870.5024254
 20
-4040.587172345097
 10
-2004.050987183334
 20
-4040.587172345097
  0
LWPOLYLINE
  5
262
330
1F
100
AcDbEntity
  8
0
  6
Continuous
370
    20
100
AcDbPolyline
 90
        2
 70
     0
 43
0.0
 10
-2004.050987183334
 20
-4040.587172345097
 10
-2004.050987183334
 20
-4040.587172345097
  0
LWPOLYLINE
  5
263
330
1F
100
AcDbEntity
  8
0
  6
Continuous
370
    20
100
AcDbPolyline
 90
        2
 70
     0
 43
0.0
 10
-2004.050987183334
 20
-4040.587172345097
 10
-2133.369238166667
 20
-4040.587172345097
  0
LWPOLYLINE
  5
264
330
1F
100
AcDbEntity
  8
0
  6
Continuous
370
    20
100
AcDbPolyline
 90
        2
 70
     0
 43
0.0
 10
-2133.369238166667
 20
-4040.587172345097
 10
-2133.369238166667
 20
-4040.587172345097
  0
LWPOLYLINE
  5
265
330
1F
100
AcDbEntity
  8
0
  6
Continuous
370
    20
100
AcDbPolyline
 90
        2
 70
     0
 43
0.0
 10
-2133.369238166667
 20
-4040.587172345097
 10
-2222.6757995
 20
-4040.587172345097
  0
LWPOLYLINE
  5
266
330
1F
100
AcDbEntity
  8
0
  6
Continuous
370
    20
100
AcDbPolyline
 90
        2
 70
     0
 43
0.0
 10
-2222.6757995
 20
-4040.587172345097
 10
-2222.6757995
 20
-4040.587172345097
  0
LWPOLYLINE
  5
267
330
1F
100
AcDbEntity
  8
0
  6
Continuous
370
    20
100
AcDbPolyline
 90
        2
 70
     0
 43
0.0
 10
-2222.6757995
 20
-4040.587172345097
 10
-2222.6757995
 20
-4051.339212295097
  0
LWPOLYLINE
  5
268
330
1F
100
AcDbEntity
  8
0
  6
Continuous
370
    20
100
AcDbPolyline
 90
        2
 70
     0
 43
0.0
 10
-2222.6757995
 20
-4051.339212295097
 10
-2223.615868566667
 20
-4061.914989295098
  0
LWPOLYLINE
  5
269
330
1F
100
AcDbEntity
  8
0
  6
Continuous
370
    20
100
AcDbPolyline
 90
        2
 70
     0
 43
0.0
 10
-2223.615868566667
 20
-4061.914989295098
 10
-2226.259812816667
 20
-4072.902046511764
  0
LWPOLYLINE
  5
26A
330
1F
100
AcDbEntity
  8
0
  6
Continuous
370
    20
100
AcDbPolyline
 90
        2
 70
     0
 43
0.0
 10
-2226.259812816667
 20
-4072.902046511764
 10
-2230.313860666667
 20
-4083.536577828431
  0
LWPOLYLINE
  5
26B
330
1F
100
AcDbEntity
  8
0
  6
Continuous
370
    20
100
AcDbPolyline
 90
        2
 70
     0
 43
0.0
 10
-2230.313860666667
 20
-4083.536577828431
 10
-2236.306800966667
 20
-4093.818583245098
  0
LWPOLYLINE
  5
26C
330
1F
100
AcDbEntity
  8
0
  6
Continuous
370
    20
100
AcDbPolyline
 90
        2
 70
     0
 43
0.0
 10
-2236.306800966667
 20
-4093.818583245098
 10
-2243.65109055
 20
-4103.630554128431
  0
LWPOLYLINE
  5
26D
330
1F
100
AcDbEntity
  8
0
  6
Continuous
370
    20
100
AcDbPolyline
 90
        2
 70
     0
 43
0.0
 10
-2243.65109055
 20
-4103.630554128431
 10
-2251.700431933334
 20
-4112.267438678431
  0
LWPOLYLINE
  5
26E
330
1F
100
AcDbEntity
  8
0
  6
Continuous
370
    20
100
AcDbPolyline
 90
        2
 70
     0
 43
0.0
 10
-2251.700431933334
 20
-4112.267438678431
 10
-2257.634617916666
 20
-4116.967784011765
  0
LWPOLYLINE
  5
26F
330
1F
100
AcDbEntity
  8
0
  6
Continuous
370
    20
100
AcDbPolyline
 90
        2
 70
     0
 43
0.0
 10
-2257.634617916666
 20
-4116.967784011765
 10
-2263.980084116667
 20
-4121.315603445097
  0
LWPOLYLINE
  5
270
330
1F
100
AcDbEntity
  8
0
  6
Continuous
370
    20
100
AcDbPolyline
 90
        2
 70
     0
 43
0.0
 10
-2263.980084116667
 20
-4121.315603445097
 10
-2277.493576950001
 20
-4129.188681878431
  0
LWPOLYLINE
  5
271
330
1F
100
AcDbEntity
  8
0
  6
Continuous
370
    20
100
AcDbPolyline
 90
        2
 70
     0
 43
0.0
 10
-2277.493576950001
 20
-4129.188681878431
 10
-2291.888384533334
 20
-4135.416639445097
  0
LWPOLYLINE
  5
272
330
1F
100
AcDbEntity
  8
0
  6
Continuous
370
    20
100
AcDbPolyline
 90
        2
 70
     0
 43
0.0
 10
-2291.888384533334
 20
-4135.416639445097
 10
-2306.811980966667
 20
-4140.234493411764
  0
LWPOLYLINE
  5
273
330
1F
100
AcDbEntity
  8
0
  6
Continuous
370
    20
100
AcDbPolyline
 90
        2
 70
     0
 43
0.0
 10
-2306.811980966667
 20
-4140.234493411764
 10
-2324.790801866667
 20
-4143.642243778431
  0
LWPOLYLINE
  5
274
330
1F
100
AcDbEntity
  8
0
  6
Continuous
370
    20
100
AcDbPolyline
 90
        2
 70
     0
 43
0.0
 10
-2324.790801866667
 20
-4143.642243778431
 10
-2324.790801866667
 20
-4143.642243778431
  0
LWPOLYLINE
  5
275
330
1F
100
AcDbEntity
  8
0
  6
Continuous
370
    20
100
AcDbPolyline
 90
        2
 70
     0
 43
0.0
 10
-2324.790801866667
 20
-4143.642243778431
 10
-2333.956475266666
 20
-4147.578782995098
  0
LWPOLYLINE
  5
276
330
1F
100
AcDbEntity
  8
0
  6
Continuous
370
    20
100
AcDbPolyline
 90
        2
 70
     0
 43
0.0
 10
-2333.956475266666
 20
-4147.578782995098
 10
-2333.956475266666
 20
-4147.578782995098
  0
LWPOLYLINE
  5
277
330
1F
100
AcDbEntity
  8
0
  6
Continuous
370
    20
100
AcDbPolyline
 90
        2
 70
     0
 43
0.0
 10
-2333.956475266666
 20
-4147.578782995098
 10
-2263.216278000001
 20
-4310.328240161765
  0
LWPOLYLINE
  5
278
330
1F
100
AcDbEntity
  8
0
  6
Continuous
370
    20
100
AcDbPolyline
 90
        2
 70
     0
 43
0.0
 10
-2263.216278000001
 20
-4310.328240161765
 10
-2263.216278000001
 20
-4310.328240161765
  0
LWPOLYLINE
  5
279
330
1F
100
AcDbEntity
  8
0
  6
Continuous
370
    20
100
AcDbPolyline
 90
        2
 70
     0
 43
0.0
 10
-2263.216278000001
 20
-4310.328240161765
 10
-2254.109358916667
 20
-4306.332946628431
  0
LWPOLYLINE
  5
27A
330
1F
100
AcDbEntity
  8
0
  6
Continuous
370
    20
100
AcDbPolyline
 90
        2
 70
     0
 43
0.0
 10
-2254.109358916667
 20
-4306.332946628431
 10
-2254.109358916667
 20
-4306.332946628431
  0
LWPOLYLINE
  5
27B
330
1F
100
AcDbEntity
  8
0
  6
Continuous
370
    20
100
AcDbPolyline
 90
        2
 70
     0
 43
0.0
 10
-2254.109358916667
 20
-4306.332946628431
 10
-2241.418426516667
 20
-4301.162566761764
  0
LWPOLYLINE
  5
27C
330
1F
100
AcDbEntity
  8
0
  6
Continuous
370
    20
100
AcDbPolyline
 90
        2
 70
     0
 43
0.0
 10
-2241.418426516667
 20
-4301.162566761764
 10
-2228.433722533333
 20
-4296.579730061764
  0
LWPOLYLINE
  5
27D
330
1F
100
AcDbEntity
  8
0
  6
Continuous
370
    20
100
AcDbPolyline
 90
        2
 70
     0
 43
0.0
 10
-2228.433722533333
 20
-4296.579730061764
 10
-2215.331509916667
 20
-4292.525682211764
  0
LWPOLYLINE
  5
27E
330
1F
100
AcDbEntity
  8
0
  6
Continuous
370
    20
100
AcDbPolyline
 90
        2
 70
     0
 43
0.0
 10
-2215.331509916667
 20
-4292.525682211764
 10
-2202.2292973
 20
-4289.294194795098
  0
LWPOLYLINE
  5
27F
330
1F
100
AcDbEntity
  8
0
  6
Continuous
370
    20
100
AcDbPolyline
 90
        2
 70
     0
 43
0.0
 10
-2202.2292973
 20
-4289.294194795098
 10
-2188.8333131
 20
-4287.120285078431
  0
LWPOLYLINE
  5
280
330
1F
100
AcDbEntity
  8
0
  6
Continuous
370
    20
100
AcDbPolyline
 90
        2
 70
     0
 43
0.0
 10
-2188.8333131
 20
-4287.120285078431
 10
-2175.202311633333
 20
-4285.533918528432
  0
LWPOLYLINE
  5
281
330
1F
100
AcDbEntity
  8
0
  6
Continuous
370
    20
100
AcDbPolyline
 90
        2
 70
     0
 43
0.0
 10
-2175.202311633333
 20
-4285.533918528432
 10
-2161.51255585
 20
-4284.652603778432
  0
LWPOLYLINE
  5
282
330
1F
100
AcDbEntity
  8
0
  6
Continuous
370
    20
100
AcDbPolyline
 90
        2
 70
     0
 43
0.0
 10
-2161.51255585
 20
-4284.652603778432
 10
-2147.646537116667
 20
-4284.47634082843
  0
LWPOLYLINE
  5
283
330
1F
100
AcDbEntity
  8
0
  6
Continuous
370
    20
100
AcDbPolyline
 90
        2
 70
     0
 43
0.0
 10
-2147.646537116667
 20
-4284.47634082843
 10
-2134.01553565
 20
-4284.770112411765
  0
LWPOLYLINE
  5
284
330
1F
100
AcDbEntity
  8
0
  6
Continuous
370
    20
100
AcDbPolyline
 90
        2
 70
     0
 43
0.0
 10
-2134.01553565
 20
-4284.770112411765
 10
-2134.01553565
 20
-4284.770112411765
  0
LWPOLYLINE
  5
285
330
1F
100
AcDbEntity
  8
0
  6
Continuous
370
    20
100
AcDbPolyline
 90
        2
 70
     0
 43
0.0
 10
-2134.01553565
 20
-4284.770112411765
 10
-2122.264672316667
 20
-4286.003953061764
  0
LWPOLYLINE
  5
286
330
1F
100
AcDbEntity
  8
0
  6
Continuous
370
    20
100
AcDbPolyline
 90
        2
 70
     0
 43
0.0
 10
-2122.264672316667
 20
-4286.003953061764
 10
-2109.985020133333
 20
-4287.707828245097
  0
LWPOLYLINE
  5
287
330
1F
100
AcDbEntity
  8
0
  6
Continuous
370
    20
100
AcDbPolyline
 90
        2
 70
     0
 43
0.0
 10
-2109.985020133333
 20
-4287.707828245097
 10
-2097.999139533333
 20
-4289.822983645097
  0
LWPOLYLINE
  5
288
330
1F
100
AcDbEntity
  8
0
  6
Continuous
370
    20
100
AcDbPolyline
 90
        2
 70
     0
 43
0.0
 10
-2097.999139533333
 20
-4289.822983645097
 10
-2086.2482762
 20
-4292.349419261764
  0
LWPOLYLINE
  5
289
330
1F
100
AcDbEntity
  8
0
  6
Continuous
370
    20
100
AcDbPolyline
 90
        2
 70
     0
 43
0.0
 10
-2086.2482762
 20
-4292.349419261764
 10
-2074.6149215
 20
-4295.404643728431
  0
LWPOLYLINE
  5
28A
330
1F
100
AcDbEntity
  8
0
  6
Continuous
370
    20
100
AcDbPolyline
 90
        2
 70
     0
 43
0.0
 10
-2074.6149215
 20
-4295.404643728431
 10
-2063.451601333333
 20
-4299.164919995098
  0
LWPOLYLINE
  5
28B
330
1F
100
AcDbEntity
  8
0
  6
Continuous
370
    20
100
AcDbPolyline
 90
        2
 70
     0
 43
0.0
 10
-2063.451601333333
 20
-4299.164919995098
 10
-2052.993332966667
 20
-4303.806511011764
  0
LWPOLYLINE
  5
28C
330
1F
100
AcDbEntity
  8
0
  6
Continuous
370
    20
100
AcDbPolyline
 90
        2
 70
     0
 43
0.0
 10
-2052.993332966667
 20
-4303.806511011764
 10
-2043.2401164
 20
-4309.564434045098
  0
LWPOLYLINE
  5
28D
330
1F
100
AcDbEntity
  8
0
  6
Continuous
370
    20
100
AcDbPolyline
 90
        2
 70
     0
 43
0.0
 10
-2043.2401164
 20
-4309.564434045098
 10
-2034.426968899999
 20
-4316.556197728431
  0
LWPOLYLINE
  5
28E
330
1F
100
AcDbEntity
  8
0
  6
Continuous
370
    20
100
AcDbPolyline
 90
        2
 70
     0
 43
0.0
 10
-2034.426968899999
 20
-4316.556197728431
 10
-2026.495136150001
 20
-4324.546784795098
  0
LWPOLYLINE
  5
28F
330
1F
100
AcDbEntity
  8
0
  6
Continuous
370
    20
100
AcDbPolyline
 90
        2
 70
     0
 43
0.0
 10
-2026.495136150001
 20
-4324.546784795098
 10
-2020.384687216667
 20
-4332.654880495097
  0
LWPOLYLINE
  5
290
330
1F
100
AcDbEntity
  8
0
  6
Continuous
370
    20
100
AcDbPolyline
 90
        2
 70
     0
 43
0.0
 10
-2020.384687216667
 20
-4332.654880495097
 10
-2015.91935915
 20
-4341.291765045098
  0
LWPOLYLINE
  5
291
330
1F
100
AcDbEntity
  8
0
  6
Continuous
370
    20
100
AcDbPolyline
 90
        2
 70
     0
 43
0.0
 10
-2015.91935915
 20
-4341.291765045098
 10
-2013.2754149
 20
-4350.75121002843
  0
LWPOLYLINE
  5
292
330
1F
100
AcDbEntity
  8
0
  6
Continuous
370
    20
100
AcDbPolyline
 90
        2
 70
     0
 43
0.0
 10
-2013.2754149
 20
-4350.75121002843
 10
-2011.8653113
 20
-4360.563180911763
  0
LWPOLYLINE
  5
293
330
1F
100
AcDbEntity
  8
0
  6
Continuous
370
    20
100
AcDbPolyline
 90
        2
 70
     0
 43
0.0
 10
-2011.8653113
 20
-4360.563180911763
 10
-2010.925242233333
 20
-4370.375151795097
  0
LWPOLYLINE
  5
294
330
1F
100
AcDbEntity
  8
0
  6
Continuous
370
    20
100
AcDbPolyline
 90
        2
 70
     0
 43
0.0
 10
-2010.925242233333
 20
-4370.375151795097
 10
-2010.925242233333
 20
-4370.375151795097
  0
LWPOLYLINE
  5
295
330
1F
100
AcDbEntity
  8
0
  6
Continuous
370
    20
100
AcDbPolyline
 90
        2
 70
     0
 43
0.0
 10
-2010.925242233333
 20
-4370.375151795097
 10
-1870.5024254
 20
-4370.375151795097
  0
LWPOLYLINE
  5
296
330
1F
100
AcDbEntity
  8
0
  6
Continuous
370
    20
100
AcDbPolyline
 90
        2
 70
     0
 43
0.0
 10
-1870.5024254
 20
-4370.375151795097
 10
-1870.5024254
 20
-4370.375151795097
  0
LWPOLYLINE
  5
297
330
1F
100
AcDbEntity
  8
0
  6
Continuous
370
    20
100
AcDbPolyline
 90
        2
 70
     0
 43
0.0
 10
-1870.5024254
 20
-4370.375151795097
 10
-1735.896285916667
 20
-4370.375151795097
  0
LWPOLYLINE
  5
298
330
1F
100
AcDbEntity
  8
0
  6
Continuous
370
    20
100
AcDbPolyline
 90
        2
 70
     0
 43
0.0
 10
-1735.896285916667
 20
-4370.375151795097
 10
-1735.896285916667
 20
-4370.375151795097
  0
LWPOLYLINE
  5
299
330
1F
100
AcDbEntity
  8
0
  6
Continuous
370
    20
100
AcDbPolyline
 90
        2
 70
     0
 43
0.0
 10
-1735.896285916667
 20
-4370.375151795097
 10
-1565.39125895
 20
-4370.375151795097
  0
LWPOLYLINE
  5
29A
330
1F
100
AcDbEntity
  8
0
  6
Continuous
370
    20
100
AcDbPolyline
 90
        2
 70
     0
 43
0.0
 10
-1841.536547283334
 20
-4248.459944711764
 10
-1841.536547283334
 20
-4248.459944711764
  0
LWPOLYLINE
  5
29B
330
1F
100
AcDbEntity
  8
0
  6
Continuous
370
    20
100
AcDbPolyline
 90
        2
 70
     0
 43
0.0
 10
-1841.536547283334
 20
-4248.459944711764
 10
-1669.445153766667
 20
-4279.482223911765
  0
LWPOLYLINE
  5
29C
330
1F
100
AcDbEntity
  8
0
  6
Continuous
370
    20
100
AcDbPolyline
 90
        2
 70
     0
 43
0.0
 10
-1669.445153766667
 20
-4279.482223911765
 10
-1669.445153766667
 20
-4279.482223911765
  0
LWPOLYLINE
  5
29D
330
1F
100
AcDbEntity
  8
0
  6
Continuous
370
    20
100
AcDbPolyline
 90
        2
 70
     0
 43
0.0
 10
-1669.445153766667
 20
-4279.482223911765
 10
-1674.791796583333
 20
-4308.97689087843
  0
LWPOLYLINE
  5
29E
330
1F
100
AcDbEntity
  8
0
  6
Continuous
370
    20
100
AcDbPolyline
 90
        2
 70
     0
 43
0.0
 10
-1674.791796583333
 20
-4308.97689087843
 10
-1674.791796583333
 20
-4308.97689087843
  0
LWPOLYLINE
  5
29F
330
1F
100
AcDbEntity
  8
0
  6
Continuous
370
    20
100
AcDbPolyline
 90
        2
 70
     0
 43
0.0
 10
-1674.791796583333
 20
-4308.97689087843
 10
-1846.8831901
 20
-4278.013365995098
  0
LWPOLYLINE
  5
2A0
330
1F
100
AcDbEntity
  8
0
  6
Continuous
370
    20
100
AcDbPolyline
 90
        2
 70
     0
 43
0.0
 10
-1846.8831901
 20
-4278.013365995098
 10
-1846.8831901
 20
-4278.013365995098
  0
LWPOLYLINE
  5
2A1
330
1F
100
AcDbEntity
  8
0
  6
Continuous
370
    20
100
AcDbPolyline
 90
        2
 70
     0
 43
0.0
 10
-1846.8831901
 20
-4278.013365995098
 10
-1841.536547283334
 20
-4248.459944711764
  0
LWPOLYLINE
  5
2A2
330
1F
100
AcDbEntity
  8
0
  6
Continuous
370
    20
100
AcDbPolyline
 90
        2
 70
     0
 43
0.0
 10
-2133.369238166667
 20
-4274.781878578431
 10
-2133.369238166667
 20
-4274.781878578431
  0
LWPOLYLINE
  5
2A3
330
1F
100
AcDbEntity
  8
0
  6
Continuous
370
    20
100
AcDbPolyline
 90
        2
 70
     0
 43
0.0
 10
-2133.369238166667
 20
-4274.781878578431
 10
-2133.369238166667
 20
-4050.57540617843
  0
LWPOLYLINE
  5
2A4
330
1F
100
AcDbEntity
  8
0
  6
Continuous
370
    20
100
AcDbPolyline
 90
        2
 70
     0
 43
0.0
 10
-1870.5024254
 20
-4360.386917961764
 10
-1870.5024254
 20
-4360.386917961764
  0
LWPOLYLINE
  5
2A5
330
1F
100
AcDbEntity
  8
0
  6
Continuous
370
    20
100
AcDbPolyline
 90
        2
 70
     0
 43
0.0
 10
-1870.5024254
 20
-4360.386917961764
 10
-1870.5024254
 20
-4050.57540617843
  0
LWPOLYLINE
  5
2A6
330
1F
100
AcDbEntity
  8
0
  6
Continuous
370
    20
100
AcDbPolyline
 90
        2
 70
     0
 43
0.0
 10
-2004.050987183334
 20
-4360.386917961764
 10
-2004.050987183334
 20
-4360.386917961764
  0
LWPOLYLINE
  5
2A7
330
1F
100
AcDbEntity
  8
0
  6
Continuous
370
    20
100
AcDbPolyline
 90
        2
 70
     0
 43
0.0
 10
-2004.050987183334
 20
-4360.386917961764
 10
-2004.050987183334
 20
-4050.57540617843
  0
LWPOLYLINE
  5
2A8
330
1F
100
AcDbEntity
  8
0
  6
Continuous
370
    20
100
AcDbPolyline
 90
        2
 70
     0
 43
0.0
 10
-1735.896285916667
 20
-4360.386917961764
 10
-1735.896285916667
 20
-4360.386917961764
  0
LWPOLYLINE
  5
2A9
330
1F
100
AcDbEntity
  8
0
  6
Continuous
370
    20
100
AcDbPolyline
 90
        2
 70
     0
 43
0.0
 10
-1735.896285916667
 20
-4360.386917961764
 10
-1735.896285916667
 20
-4050.57540617843
  0
LWPOLYLINE
  5
2AA
330
1F
100
AcDbEntity
  8
0
  6
Continuous
370
    20
100
AcDbPolyline
 90
        2
 70
     0
 43
0.0
 10
-2298.586376633334
 20
-4169.435388795097
 10
-2298.586376633334
 20
-4169.435388795097
  0
LWPOLYLINE
  5
2AB
330
1F
100
AcDbEntity
  8
0
  6
Continuous
370
    20
100
AcDbPolyline
 90
        2
 70
     0
 43
0.0
 10
-2298.586376633334
 20
-4169.435388795097
 10
-1589.1867572
 20
-4169.435388795097
  0
LWPOLYLINE
  5
2AC
330
1F
100
AcDbEntity
  8
0
  6
Continuous
370
    20
100
AcDbPolyline
 90
        2
 70
     0
 43
0.0
 10
-1572.265514
 20
-4205.628047861764
 10
-1582.253747833333
 20
-4205.921819445097
  0
LWPOLYLINE
  5
2AD
330
1F
100
AcDbEntity
  8
0
  6
Continuous
370
    20
100
AcDbPolyline
 90
        2
 70
     0
 43
0.0
 10
-1582.077484883334
 20
-4210.915936361764
 10
-1582.371256466667
 20
-4200.927702528431
  0
LWPOLYLINE
  5
2AE
330
1F
100
AcDbEntity
  8
0
  6
Continuous
370
    20
100
AcDbPolyline
 90
        2
 70
     0
 43
0.0
 10
-1608.693190333334
 20
-4040.587172345097
 10
-1608.693190333334
 20
-4050.57540617843
  0
LWPOLYLINE
  5
2AF
330
1F
100
AcDbEntity
  8
0
  6
Continuous
370
    20
100
AcDbPolyline
 90
        2
 70
     0
 43
0.0
 10
-1603.699073416667
 20
-4050.57540617843
 10
-1613.68730725
 20
-4050.57540617843
  0
LWPOLYLINE
  5
2B0
330
1F
100
AcDbEntity
  8
0
  6
Continuous
370
    20
100
AcDbPolyline
 90
        2
 70
     0
 43
0.0
 10
-1735.896285916667
 20
-4040.587172345097
 10
-1735.896285916667
 20
-4050.57540617843
  0
LWPOLYLINE
  5
2B1
330
1F
100
AcDbEntity
  8
0
  6
Continuous
370
    20
100
AcDbPolyline
 90
        2
 70
     0
 43
0.0
 10
-1730.902169
 20
-4050.57540617843
 10
-1740.890402833334
 20
-4050.57540617843
  0
LWPOLYLINE
  5
2B2
330
1F
100
AcDbEntity
  8
0
  6
Continuous
370
    20
100
AcDbPolyline
 90
        2
 70
     0
 43
0.0
 10
-1870.5024254
 20
-4040.587172345097
 10
-1870.5024254
 20
-4050.57540617843
  0
LWPOLYLINE
  5
2B3
330
1F
100
AcDbEntity
  8
0
  6
Continuous
370
    20
100
AcDbPolyline
 90
        2
 70
     0
 43
0.0
 10
-1865.508308483334
 20
-4050.57540617843
 10
-1875.496542316667
 20
-4050.57540617843
  0
LWPOLYLINE
  5
2B4
330
1F
100
AcDbEntity
  8
0
  6
Continuous
370
    20
100
AcDbPolyline
 90
        2
 70
     0
 43
0.0
 10
-2004.050987183334
 20
-4040.587172345097
 10
-2004.050987183334
 20
-4050.57540617843
  0
LWPOLYLINE
  5
2B5
330
1F
100
AcDbEntity
  8
0
  6
Continuous
370
    20
100
AcDbPolyline
 90
        2
 70
     0
 43
0.0
 10
-1999.056870266667
 20
-4050.57540617843
 10
-2009.0451041
 20
-4050.57540617843
  0
LWPOLYLINE
  5
2B6
330
1F
100
AcDbEntity
  8
0
  6
Continuous
370
    20
100
AcDbPolyline
 90
        2
 70
     0
 43
0.0
 10
-2133.369238166667
 20
-4040.587172345097
 10
-2133.369238166667
 20
-4050.57540617843
  0
LWPOLYLINE
  5
2B7
330
1F
100
AcDbEntity
  8
0
  6
Continuous
370
    20
100
AcDbPolyline
 90
        2
 70
     0
 43
0.0
 10
-2128.375121250001
 20
-4050.57540617843
 10
-2138.363355083333
 20
-4050.57540617843
  0
LWPOLYLINE
  5
2B8
330
1F
100
AcDbEntity
  8
0
  6
Continuous
370
    20
100
AcDbPolyline
 90
        2
 70
     0
 43
0.0
 10
-2134.01553565
 20
-4284.770112411765
 10
-2133.369238166667
 20
-4274.781878578431
  0
LWPOLYLINE
  5
2B9
330
1F
100
AcDbEntity
  8
0
  6
Continuous
370
    20
100
AcDbPolyline
 90
        2
 70
     0
 43
0.0
 10
-2138.363355083333
 20
-4274.42935267843
 10
-2128.375121250001
 20
-4275.016895845097
  0
LWPOLYLINE
  5
2BA
330
1F
100
AcDbEntity
  8
0
  6
Continuous
370
    20
100
AcDbPolyline
 90
        2
 70
     0
 43
0.0
 10
-1870.5024254
 20
-4370.375151795097
 10
-1870.5024254
 20
-4360.386917961764
  0
LWPOLYLINE
  5
2BB
330
1F
100
AcDbEntity
  8
0
  6
Continuous
370
    20
100
AcDbPolyline
 90
        2
 70
     0
 43
0.0
 10
-1875.496542316667
 20
-4360.386917961764
 10
-1865.508308483334
 20
-4360.386917961764
  0
LWPOLYLINE
  5
2BC
330
1F
100
AcDbEntity
  8
0
  6
Continuous
370
    20
100
AcDbPolyline
 90
        2
 70
     0
 43
0.0
 10
-1735.896285916667
 20
-4370.375151795097
 10
-1735.896285916667
 20
-4360.386917961764
  0
LWPOLYLINE
  5
2BD
330
1F
100
AcDbEntity
  8
0
  6
Continuous
370
    20
100
AcDbPolyline
 90
        2
 70
     0
 43
0.0
 10
-1740.890402833334
 20
-4360.386917961764
 10
-1730.902169
 20
-4360.386917961764
  0
LWPOLYLINE
  5
2BE
330
1F
100
AcDbEntity
  8
0
  6
Continuous
370
    20
100
AcDbPolyline
 90
        2
 70
     0
 43
0.0
 10
-2891.182414533334
 20
-4343.054394545098
 10
-2891.182414533334
 20
-4243.113301895098
  0
LWPOLYLINE
  5
2BF
330
1F
100
AcDbEntity
  8
0
  6
Continuous
370
    20
100
AcDbPolyline
 90
        2
 70
     0
 43
0.0
 10
-2891.182414533334
 20
-4243.113301895098
 10
-2991.182261500001
 20
-4243.113301895098
  0
LWPOLYLINE
  5
2C0
330
1F
100
AcDbEntity
  8
0
  6
Continuous
370
    20
100
AcDbPolyline
 90
        2
 70
     0
 43
0.0
 10
-2991.182261500001
 20
-4243.113301895098
 10
-2991.182261500001
 20
-4343.054394545098
  0
LWPOLYLINE
  5
2C1
330
1F
100
AcDbEntity
  8
0
  6
Continuous
370
    20
100
AcDbPolyline
 90
        2
 70
     0
 43
0.0
 10
-2991.182261500001
 20
-4343.054394545098
 10
-2891.182414533334
 20
-4343.054394545098
  0
LWPOLYLINE
  5
2C2
330
1F
100
AcDbEntity
  8
0
  6
Continuous
370
    20
100
AcDbPolyline
 90
        2
 70
     0
 43
0.0
 10
-2891.182414533334
 20
-4343.054394545098
 10
-2891.182414533334
 20
-4343.054394545098
  0
LWPOLYLINE
  5
2C3
330
1F
100
AcDbEntity
  8
0
  6
Continuous
370
    20
100
AcDbPolyline
 90
        2
 70
     0
 43
0.0
 10
-2891.182414533334
 20
-4343.054394545098
 10
-2891.182414533334
 20
-4243.113301895098
  0
LWPOLYLINE
  5
2C4
330
1F
100
AcDbEntity
  8
0
  6
Continuous
370
    20
100
AcDbPolyline
 90
        2
 70
     0
 43
0.0
 10
-2891.182414533334
 20
-4243.113301895098
 10
-2891.182414533334
 20
-4243.113301895098
  0
LWPOLYLINE
  5
2C5
330
1F
100
AcDbEntity
  8
0
  6
Continuous
370
    20
100
AcDbPolyline
 90
        2
 70
     0
 43
0.0
 10
-2891.182414533334
 20
-4243.113301895098
 10
-2991.182261500001
 20
-4243.113301895098
  0
LWPOLYLINE
  5
2C6
330
1F
100
AcDbEntity
  8
0
  6
Continuous
370
    20
100
AcDbPolyline
 90
        2
 70
     0
 43
0.0
 10
-2991.182261500001
 20
-4243.113301895098
 10
-2991.182261500001
 20
-4243.113301895098
  0
LWPOLYLINE
  5
2C7
330
1F
100
AcDbEntity
  8
0
  6
Continuous
370
    20
100
AcDbPolyline
 90
        2
 70
     0
 43
0.0
 10
-2991.182261500001
 20
-4243.113301895098
 10
-2991.182261500001
 20
-4343.054394545098
  0
LWPOLYLINE
  5
2C8
330
1F
100
AcDbEntity
  8
0
  6
Continuous
370
    20
100
AcDbPolyline
 90
        2
 70
     0
 43
0.0
 10
-2991.182261500001
 20
-4343.054394545098
 10
-2991.182261500001
 20
-4343.054394545098
  0
LWPOLYLINE
  5
2C9
330
1F
100
AcDbEntity
  8
0
  6
Continuous
370
    20
100
AcDbPolyline
 90
        2
 70
     0
 43
0.0
 10
-2991.182261500001
 20
-4343.054394545098
 10
-2891.182414533334
 20
-4343.054394545098
  0
LWPOLYLINE
  5
2CA
330
1F
100
AcDbEntity
  8
0
  6
Continuous
370
    20
100
AcDbPolyline
 90
        2
 70
     0
 43
0.0
 10
104.2889120833328
 20
-3825.781390611764
 10
104.0538948166658
 20
-3737.884932878431
  0
LWPOLYLINE
  5
2CB
330
1F
100
AcDbEntity
  8
0
  6
Continuous
370
    20
100
AcDbPolyline
 90
        2
 70
     0
 43
0.0
 10
104.0538948166658
 20
-3737.884932878431
 10
103.1138257499992
 20
-3719.259814495098
  0
LWPOLYLINE
  5
2CC
330
1F
100
AcDbEntity
  8
0
  6
Continuous
370
    20
100
AcDbPolyline
 90
        2
 70
     0
 43
0.0
 10
103.1138257499992
 20
-3719.259814495098
 10
101.9387394166656
 20
-3699.812135678431
  0
LWPOLYLINE
  5
2CD
330
1F
100
AcDbEntity
  8
0
  6
Continuous
370
    20
100
AcDbPolyline
 90
        2
 70
     0
 43
0.0
 10
101.9387394166656
 20
-3699.812135678431
 10
99.58856674999925
 20
-3672.961412961764
  0
LWPOLYLINE
  5
2CE
330
1F
100
AcDbEntity
  8
0
  6
Continuous
370
    20
100
AcDbPolyline
 90
        2
 70
     0
 43
0.0
 10
99.58856674999925
 20
-3672.961412961764
 10
98.23721746666661
 20
-3661.621829845097
  0
LWPOLYLINE
  5
2CF
330
1F
100
AcDbEntity
  8
0
  6
Continuous
370
    20
100
AcDbPolyline
 90
        2
 70
     0
 43
0.0
 10
98.23721746666661
 20
-3661.621829845097
 10
95.24074731666633
 20
-3642.820448511765
  0
LWPOLYLINE
  5
2D0
330
1F
100
AcDbEntity
  8
0
  6
Continuous
370
    20
100
AcDbPolyline
 90
        2
 70
     0
 43
0.0
 10
95.24074731666633
 20
-3642.820448511765
 10
91.36296241666604
 20
-3624.430347395097
  0
LWPOLYLINE
  5
2D1
330
1F
100
AcDbEntity
  8
0
  6
Continuous
370
    20
100
AcDbPolyline
 90
        2
 70
     0
 43
0.0
 10
91.36296241666604
 20
-3624.430347395097
 10
86.48635413333295
 20
-3606.099000595098
  0
LWPOLYLINE
  5
2D2
330
1F
100
AcDbEntity
  8
0
  6
Continuous
370
    20
100
AcDbPolyline
 90
        2
 70
     0
 43
0.0
 10
86.48635413333295
 20
-3606.099000595098
 10
80.61092246666612
 20
-3587.943916745097
  0
LWPOLYLINE
  5
2D3
330
1F
100
AcDbEntity
  8
0
  6
Continuous
370
    20
100
AcDbPolyline
 90
        2
 70
     0
 43
0.0
 10
80.61092246666612
 20
-3587.943916745097
 10
73.91293036666593
 20
-3569.318798361765
  0
LWPOLYLINE
  5
2D4
330
1F
100
AcDbEntity
  8
0
  6
Continuous
370
    20
100
AcDbPolyline
 90
        2
 70
     0
 43
0.0
 10
73.91293036666593
 20
-3569.318798361765
 10
67.15618394999956
 20
-3549.166067745098
  0
LWPOLYLINE
  5
2D5
330
1F
100
AcDbEntity
  8
0
  6
Continuous
370
    20
100
AcDbPolyline
 90
        2
 70
     0
 43
0.0
 10
67.15618394999956
 20
-3549.166067745098
 10
62.1033127166661
 20
-3527.720742161765
  0
LWPOLYLINE
  5
2D6
330
1F
100
AcDbEntity
  8
0
  6
Continuous
370
    20
100
AcDbPolyline
 90
        2
 70
     0
 43
0.0
 10
62.1033127166661
 20
-3527.720742161765
 10
59.10684256666582
 20
-3502.632648945098
  0
LWPOLYLINE
  5
2D7
330
1F
100
AcDbEntity
  8
0
  6
Continuous
370
    20
100
AcDbPolyline
 90
        2
 70
     0
 43
0.0
 10
59.10684256666582
 20
-3502.632648945098
 10
-146.9445459833341
 20
-3496.874725911764
  0
LWPOLYLINE
  5
2D8
330
1F
100
AcDbEntity
  8
0
  6
Continuous
370
    20
100
AcDbPolyline
 90
        2
 70
     0
 43
0.0
 10
-146.9445459833341
 20
-3496.874725911764
 10
-352.995934533334
 20
-3491.234311511765
  0
LWPOLYLINE
  5
2D9
330
1F
100
AcDbEntity
  8
0
  6
Continuous
370
    20
100
AcDbPolyline
 90
        2
 70
     0
 43
0.0
 10
-352.995934533334
 20
-3491.234311511765
 10
-356.3449305833342
 20
-3505.864136361764
  0
LWPOLYLINE
  5
2DA
330
1F
100
AcDbEntity
  8
0
  6
Continuous
370
    20
100
AcDbPolyline
 90
        2
 70
     0
 43
0.0
 10
-356.3449305833342
 20
-3505.864136361764
 10
-362.8079054166673
 20
-3519.847663728431
  0
LWPOLYLINE
  5
2DB
330
1F
100
AcDbEntity
  8
0
  6
Continuous
370
    20
100
AcDbPolyline
 90
        2
 70
     0
 43
0.0
 10
-362.8079054166673
 20
-3519.847663728431
 10
-370.9160011166668
 20
-3532.068561595098
  0
LWPOLYLINE
  5
2DC
330
1F
100
AcDbEntity
  8
0
  6
Continuous
370
    20
100
AcDbPolyline
 90
        2
 70
     0
 43
0.0
 10
-370.9160011166668
 20
-3532.068561595098
 10
-382.0793212833336
 20
-3542.526829961765
  0
LWPOLYLINE
  5
2DD
330
1F
100
AcDbEntity
  8
0
  6
Continuous
370
    20
100
AcDbPolyline
 90
        2
 70
     0
 43
0.0
 10
-382.0793212833336
 20
-3542.526829961765
 10
-394.7114993666668
 20
-3551.986274945098
  0
LWPOLYLINE
  5
2DE
330
1F
100
AcDbEntity
  8
0
  6
Continuous
370
    20
100
AcDbPolyline
 90
        2
 70
     0
 43
0.0
 10
-394.7114993666668
 20
-3551.986274945098
 10
-407.8137119833341
 20
-3559.506827478431
  0
LWPOLYLINE
  5
2DF
330
1F
100
AcDbEntity
  8
0
  6
Continuous
370
    20
100
AcDbPolyline
 90
        2
 70
     0
 43
0.0
 10
-407.8137119833341
 20
-3559.506827478431
 10
-421.7384850333337
 20
-3565.499767778431
  0
LWPOLYLINE
  5
2E0
330
1F
100
AcDbEntity
  8
0
  6
Continuous
370
    20
100
AcDbPolyline
 90
        2
 70
     0
 43
0.0
 10
-421.7384850333337
 20
-3565.499767778431
 10
-436.1332926166674
 20
-3570.493884695098
  0
LWPOLYLINE
  5
2E1
330
1F
100
AcDbEntity
  8
0
  6
Continuous
370
    20
100
AcDbPolyline
 90
        2
 70
     0
 43
0.0
 10
-436.1332926166674
 20
-3570.493884695098
 10
-450.8806261000004
 20
-3574.254160961764
  0
LWPOLYLINE
  5
2E2
330
1F
100
AcDbEntity
  8
0
  6
Continuous
370
    20
100
AcDbPolyline
 90
        2
 70
     0
 43
0.0
 10
-450.8806261000004
 20
-3574.254160961764
 10
-465.7454682166672
 20
-3577.720665645097
  0
LWPOLYLINE
  5
2E3
330
1F
100
AcDbEntity
  8
0
  6
Continuous
370
    20
100
AcDbPolyline
 90
        2
 70
     0
 43
0.0
 10
-465.7454682166672
 20
-3577.720665645097
 10
-480.6690646500006
 20
-3580.129592628431
  0
LWPOLYLINE
  5
2E4
330
1F
100
AcDbEntity
  8
0
  6
Continuous
370
    20
100
AcDbPolyline
 90
        2
 70
     0
 43
0.0
 10
-480.6690646500006
 20
-3580.129592628431
 10
-499.4116916666675
 20
-3581.422187595098
  0
LWPOLYLINE
  5
2E5
330
1F
100
AcDbEntity
  8
0
  6
Continuous
370
    20
100
AcDbPolyline
 90
        2
 70
     0
 43
0.0
 10
-499.4116916666675
 20
-3581.422187595098
 10
-518.3305816333336
 20
-3581.598450545097
  0
LWPOLYLINE
  5
2E6
330
1F
100
AcDbEntity
  8
0
  6
Continuous
370
    20
100
AcDbPolyline
 90
        2
 70
     0
 43
0.0
 10
-518.3305816333336
 20
-3581.598450545097
 10
-537.0732086500006
 20
-3581.187170328432
  0
LWPOLYLINE
  5
2E7
330
1F
100
AcDbEntity
  8
0
  6
Continuous
370
    20
100
AcDbPolyline
 90
        2
 70
     0
 43
0.0
 10
-537.0732086500006
 20
-3581.187170328432
 10
-555.9333443000005
 20
-3580.717135795097
  0
LWPOLYLINE
  5
2E8
330
1F
100
AcDbEntity
  8
0
  6
Continuous
370
    20
100
AcDbPolyline
 90
        2
 70
     0
 43
0.0
 10
-555.9333443000005
 20
-3580.717135795097
 10
-574.7934799500005
 20
-3579.542049461764
  0
LWPOLYLINE
  5
2E9
330
1F
100
AcDbEntity
  8
0
  6
Continuous
370
    20
100
AcDbPolyline
 90
        2
 70
     0
 43
0.0
 10
-574.7934799500005
 20
-3579.542049461764
 10
-593.5361069666673
 20
-3577.544402695098
  0
LWPOLYLINE
  5
2EA
330
1F
100
AcDbEntity
  8
0
  6
Continuous
370
    20
100
AcDbPolyline
 90
        2
 70
     0
 43
0.0
 10
-593.5361069666673
 20
-3577.544402695098
 10
-612.0437167166669
 20
-3574.312915278431
  0
LWPOLYLINE
  5
2EB
330
1F
100
AcDbEntity
  8
0
  6
Continuous
370
    20
100
AcDbPolyline
 90
        2
 70
     0
 43
0.0
 10
-612.0437167166669
 20
-3574.312915278431
 10
-630.257554883334
 20
-3569.495061311764
  0
LWPOLYLINE
  5
2EC
330
1F
100
AcDbEntity
  8
0
  6
Continuous
370
    20
100
AcDbPolyline
 90
        2
 70
     0
 43
0.0
 10
-630.257554883334
 20
-3569.495061311764
 10
-686.7792075166671
 20
-3714.265697578431
  0
LWPOLYLINE
  5
2ED
330
1F
100
AcDbEntity
  8
0
  6
Continuous
370
    20
100
AcDbPolyline
 90
        2
 70
     0
 43
0.0
 10
-686.7792075166671
 20
-3714.265697578431
 10
-679.3174093000007
 20
-3719.612340395098
  0
LWPOLYLINE
  5
2EE
330
1F
100
AcDbEntity
  8
0
  6
Continuous
370
    20
100
AcDbPolyline
 90
        2
 70
     0
 43
0.0
 10
-679.3174093000007
 20
-3719.612340395098
 10
-672.0906283500007
 20
-3725.311509111764
  0
LWPOLYLINE
  5
2EF
330
1F
100
AcDbEntity
  8
0
  6
Continuous
370
    20
100
AcDbPolyline
 90
        2
 70
     0
 43
0.0
 10
-672.0906283500007
 20
-3725.311509111764
 10
-665.4513905666672
 20
-3731.598220995098
  0
LWPOLYLINE
  5
2F0
330
1F
100
AcDbEntity
  8
0
  6
Continuous
370
    20
100
AcDbPolyline
 90
        2
 70
     0
 43
0.0
 10
-665.4513905666672
 20
-3731.598220995098
 10
-659.2821873166672
 20
-3738.472476045098
  0
LWPOLYLINE
  5
2F1
330
1F
100
AcDbEntity
  8
0
  6
Continuous
370
    20
100
AcDbPolyline
 90
        2
 70
     0
 43
0.0
 10
-659.2821873166672
 20
-3738.472476045098
 10
-653.8180358666672
 20
-3745.875519945098
  0
LWPOLYLINE
  5
2F2
330
1F
100
AcDbEntity
  8
0
  6
Continuous
370
    20
100
AcDbPolyline
 90
        2
 70
     0
 43
0.0
 10
-653.8180358666672
 20
-3745.875519945098
 10
-649.1764448500007
 20
-3753.748598378431
  0
LWPOLYLINE
  5
2F3
330
1F
100
AcDbEntity
  8
0
  6
Continuous
370
    20
100
AcDbPolyline
 90
        2
 70
     0
 43
0.0
 10
-649.1764448500007
 20
-3753.748598378431
 10
-645.2986599500004
 20
-3762.150465661764
  0
LWPOLYLINE
  5
2F4
330
1F
100
AcDbEntity
  8
0
  6
Continuous
370
    20
100
AcDbPolyline
 90
        2
 70
     0
 43
0.0
 10
-645.2986599500004
 20
-3762.150465661764
 10
-642.3609441166672
 20
-3770.787350211764
  0
LWPOLYLINE
  5
2F5
330
1F
100
AcDbEntity
  8
0
  6
Continuous
370
    20
100
AcDbPolyline
 90
        2
 70
     0
 43
0.0
 10
-642.3609441166672
 20
-3770.787350211764
 10
-640.069525766667
 20
-3779.659252028431
  0
LWPOLYLINE
  5
2F6
330
1F
100
AcDbEntity
  8
0
  6
Continuous
370
    20
100
AcDbPolyline
 90
        2
 70
     0
 43
0.0
 10
-640.069525766667
 20
-3779.659252028431
 10
-638.3656505833341
 20
-3788.707416795098
  0
LWPOLYLINE
  5
2F7
330
1F
100
AcDbEntity
  8
0
  6
Continuous
370
    20
100
AcDbPolyline
 90
        2
 70
     0
 43
0.0
 10
-638.3656505833341
 20
-3788.707416795098
 10
-637.0730556166672
 20
-3797.873090195098
  0
LWPOLYLINE
  5
2F8
330
1F
100
AcDbEntity
  8
0
  6
Continuous
370
    20
100
AcDbPolyline
 90
        2
 70
     0
 43
0.0
 10
-637.0730556166672
 20
-3797.873090195098
 10
-637.1905642500005
 20
-3825.781390611764
  0
LWPOLYLINE
  5
2F9
330
1F
100
AcDbEntity
  8
0
  6
Continuous
370
    20
100
AcDbPolyline
 90
        2
 70
     0
 43
0.0
 10
-637.1905642500005
 20
-3825.781390611764
 10
-637.0730556166672
 20
-3853.572182395097
  0
LWPOLYLINE
  5
2FA
330
1F
100
AcDbEntity
  8
0
  6
Continuous
370
    20
100
AcDbPolyline
 90
        2
 70
     0
 43
0.0
 10
-637.0730556166672
 20
-3853.572182395097
 10
-638.3656505833341
 20
-3862.737855795097
  0
LWPOLYLINE
  5
2FB
330
1F
100
AcDbEntity
  8
0
  6
Continuous
370
    20
100
AcDbPolyline
 90
        2
 70
     0
 43
0.0
 10
-638.3656505833341
 20
-3862.737855795097
 10
-640.069525766667
 20
-3871.786020561764
  0
LWPOLYLINE
  5
2FC
330
1F
100
AcDbEntity
  8
0
  6
Continuous
370
    20
100
AcDbPolyline
 90
        2
 70
     0
 43
0.0
 10
-640.069525766667
 20
-3871.786020561764
 10
-642.3609441166672
 20
-3880.657922378431
  0
LWPOLYLINE
  5
2FD
330
1F
100
AcDbEntity
  8
0
  6
Continuous
370
    20
100
AcDbPolyline
 90
        2
 70
     0
 43
0.0
 10
-642.3609441166672
 20
-3880.657922378431
 10
-645.2986599500004
 20
-3889.412315561764
  0
LWPOLYLINE
  5
2FE
330
1F
100
AcDbEntity
  8
0
  6
Continuous
370
    20
100
AcDbPolyline
 90
        2
 70
     0
 43
0.0
 10
-645.2986599500004
 20
-3889.412315561764
 10
-649.1764448500007
 20
-3897.696674211764
  0
LWPOLYLINE
  5
2FF
330
1F
100
AcDbEntity
  8
0
  6
Continuous
370
    20
100
AcDbPolyline
 90
        2
 70
     0
 43
0.0
 10
-649.1764448500007
 20
-3897.696674211764
 10
-653.8180358666672
 20
-3905.628506961764
  0
LWPOLYLINE
  5
300
330
1F
100
AcDbEntity
  8
0
  6
Continuous
370
    20
100
AcDbPolyline
 90
        2
 70
     0
 43
0.0
 10
-653.8180358666672
 20
-3905.628506961764
 10
-659.2821873166672
 20
-3912.972796545098
  0
LWPOLYLINE
  5
301
330
1F
100
AcDbEntity
  8
0
  6
Continuous
370
    20
100
AcDbPolyline
 90
        2
 70
     0
 43
0.0
 10
-659.2821873166672
 20
-3912.972796545098
 10
-665.4513905666672
 20
-3919.847051595098
  0
LWPOLYLINE
  5
302
330
1F
100
AcDbEntity
  8
0
  6
Continuous
370
    20
100
AcDbPolyline
 90
        2
 70
     0
 43
0.0
 10
-665.4513905666672
 20
-3919.847051595098
 10
-672.0906283500007
 20
-3926.133763478431
  0
LWPOLYLINE
  5
303
330
1F
100
AcDbEntity
  8
0
  6
Continuous
370
    20
100
AcDbPolyline
 90
        2
 70
     0
 43
0.0
 10
-672.0906283500007
 20
-3926.133763478431
 10
-679.3174093000007
 20
-3931.832932195097
  0
LWPOLYLINE
  5
304
330
1F
100
AcDbEntity
  8
0
  6
Continuous
370
    20
100
AcDbPolyline
 90
        2
 70
     0
 43
0.0
 10
-679.3174093000007
 20
-3931.832932195097
 10
-686.7792075166671
 20
-3937.179575011764
  0
LWPOLYLINE
  5
305
330
1F
100
AcDbEntity
  8
0
  6
Continuous
370
    20
100
AcDbPolyline
 90
        2
 70
     0
 43
0.0
 10
-686.7792075166671
 20
-3937.179575011764
 10
-630.257554883334
 20
-4081.950211278431
  0
LWPOLYLINE
  5
306
330
1F
100
AcDbEntity
  8
0
  6
Continuous
370
    20
100
AcDbPolyline
 90
        2
 70
     0
 43
0.0
 10
-630.257554883334
 20
-4081.950211278431
 10
-612.0437167166669
 20
-4077.132357311763
  0
LWPOLYLINE
  5
307
330
1F
100
AcDbEntity
  8
0
  6
Continuous
370
    20
100
AcDbPolyline
 90
        2
 70
     0
 43
0.0
 10
-612.0437167166669
 20
-4077.132357311763
 10
-593.5361069666673
 20
-4073.900869895098
  0
LWPOLYLINE
  5
308
330
1F
100
AcDbEntity
  8
0
  6
Continuous
370
    20
100
AcDbPolyline
 90
        2
 70
     0
 43
0.0
 10
-593.5361069666673
 20
-4073.900869895098
 10
-574.7934799500005
 20
-4071.903223128432
  0
LWPOLYLINE
  5
309
330
1F
100
AcDbEntity
  8
0
  6
Continuous
370
    20
100
AcDbPolyline
 90
        2
 70
     0
 43
0.0
 10
-574.7934799500005
 20
-4071.903223128432
 10
-555.9333443000005
 20
-4070.786891111764
  0
LWPOLYLINE
  5
30A
330
1F
100
AcDbEntity
  8
0
  6
Continuous
370
    20
100
AcDbPolyline
 90
        2
 70
     0
 43
0.0
 10
-555.9333443000005
 20
-4070.786891111764
 10
-537.0732086500006
 20
-4070.258102261765
  0
LWPOLYLINE
  5
30B
330
1F
100
AcDbEntity
  8
0
  6
Continuous
370
    20
100
AcDbPolyline
 90
        2
 70
     0
 43
0.0
 10
-537.0732086500006
 20
-4070.258102261765
 10
-518.3305816333336
 20
-4069.846822045097
  0
LWPOLYLINE
  5
30C
330
1F
100
AcDbEntity
  8
0
  6
Continuous
370
    20
100
AcDbPolyline
 90
        2
 70
     0
 43
0.0
 10
-518.3305816333336
 20
-4069.846822045097
 10
-499.4116916666675
 20
-4070.023084995098
  0
LWPOLYLINE
  5
30D
330
1F
100
AcDbEntity
  8
0
  6
Continuous
370
    20
100
AcDbPolyline
 90
        2
 70
     0
 43
0.0
 10
-499.4116916666675
 20
-4070.023084995098
 10
-480.6690646500006
 20
-4071.315679961764
  0
LWPOLYLINE
  5
30E
330
1F
100
AcDbEntity
  8
0
  6
Continuous
370
    20
100
AcDbPolyline
 90
        2
 70
     0
 43
0.0
 10
-480.6690646500006
 20
-4071.315679961764
 10
-465.7454682166672
 20
-4073.724606945098
  0
LWPOLYLINE
  5
30F
330
1F
100
AcDbEntity
  8
0
  6
Continuous
370
    20
100
AcDbPolyline
 90
        2
 70
     0
 43
0.0
 10
-465.7454682166672
 20
-4073.724606945098
 10
-450.8806261000004
 20
-4077.191111628431
  0
LWPOLYLINE
  5
310
330
1F
100
AcDbEntity
  8
0
  6
Continuous
370
    20
100
AcDbPolyline
 90
        2
 70
     0
 43
0.0
 10
-450.8806261000004
 20
-4077.191111628431
 10
-436.1332926166674
 20
-4080.951387895098
  0
LWPOLYLINE
  5
311
330
1F
100
AcDbEntity
  8
0
  6
Continuous
370
    20
100
AcDbPolyline
 90
        2
 70
     0
 43
0.0
 10
-436.1332926166674
 20
-4080.951387895098
 10
-421.7384850333337
 20
-4085.945504811764
  0
LWPOLYLINE
  5
312
330
1F
100
AcDbEntity
  8
0
  6
Continuous
370
    20
100
AcDbPolyline
 90
        2
 70
     0
 43
0.0
 10
-421.7384850333337
 20
-4085.945504811764
 10
-407.8137119833341
 20
-4091.938445111764
  0
LWPOLYLINE
  5
313
330
1F
100
AcDbEntity
  8
0
  6
Continuous
370
    20
100
AcDbPolyline
 90
        2
 70
     0
 43
0.0
 10
-407.8137119833341
 20
-4091.938445111764
 10
-394.7114993666668
 20
-4099.458997645098
  0
LWPOLYLINE
  5
314
330
1F
100
AcDbEntity
  8
0
  6
Continuous
370
    20
100
AcDbPolyline
 90
        2
 70
     0
 43
0.0
 10
-394.7114993666668
 20
-4099.458997645098
 10
-382.0793212833336
 20
-4108.918442628431
  0
LWPOLYLINE
  5
315
330
1F
100
AcDbEntity
  8
0
  6
Continuous
370
    20
100
AcDbPolyline
 90
        2
 70
     0
 43
0.0
 10
-382.0793212833336
 20
-4108.918442628431
 10
-370.9160011166668
 20
-4119.376710995097
  0
LWPOLYLINE
  5
316
330
1F
100
AcDbEntity
  8
0
  6
Continuous
370
    20
100
AcDbPolyline
 90
        2
 70
     0
 43
0.0
 10
-370.9160011166668
 20
-4119.376710995097
 10
-362.8079054166673
 20
-4131.597608861764
  0
LWPOLYLINE
  5
317
330
1F
100
AcDbEntity
  8
0
  6
Continuous
370
    20
100
AcDbPolyline
 90
        2
 70
     0
 43
0.0
 10
-362.8079054166673
 20
-4131.597608861764
 10
-356.3449305833342
 20
-4145.581136228432
  0
LWPOLYLINE
  5
318
330
1F
100
AcDbEntity
  8
0
  6
Continuous
370
    20
100
AcDbPolyline
 90
        2
 70
     0
 43
0.0
 10
-356.3449305833342
 20
-4145.581136228432
 10
-352.995934533334
 20
-4160.210961078431
  0
LWPOLYLINE
  5
319
330
1F
100
AcDbEntity
  8
0
  6
Continuous
370
    20
100
AcDbPolyline
 90
        2
 70
     0
 43
0.0
 10
-352.995934533334
 20
-4160.210961078431
 10
-146.9445459833341
 20
-4154.570546678431
  0
LWPOLYLINE
  5
31A
330
1F
100
AcDbEntity
  8
0
  6
Continuous
370
    20
100
AcDbPolyline
 90
        2
 70
     0
 43
0.0
 10
-146.9445459833341
 20
-4154.570546678431
 10
59.10684256666582
 20
-4148.812623645098
  0
LWPOLYLINE
  5
31B
330
1F
100
AcDbEntity
  8
0
  6
Continuous
370
    20
100
AcDbPolyline
 90
        2
 70
     0
 43
0.0
 10
59.10684256666582
 20
-4148.812623645098
 10
62.1033127166661
 20
-4123.724530428432
  0
LWPOLYLINE
  5
31C
330
1F
100
AcDbEntity
  8
0
  6
Continuous
370
    20
100
AcDbPolyline
 90
        2
 70
     0
 43
0.0
 10
62.1033127166661
 20
-4123.724530428432
 10
67.15618394999956
 20
-4102.279204845098
  0
LWPOLYLINE
  5
31D
330
1F
100
AcDbEntity
  8
0
  6
Continuous
370
    20
100
AcDbPolyline
 90
        2
 70
     0
 43
0.0
 10
67.15618394999956
 20
-4102.279204845098
 10
73.91293036666593
 20
-4082.126474228431
  0
LWPOLYLINE
  5
31E
330
1F
100
AcDbEntity
  8
0
  6
Continuous
370
    20
100
AcDbPolyline
 90
        2
 70
     0
 43
0.0
 10
73.91293036666593
 20
-4082.126474228431
 10
80.61092246666612
 20
-4063.501355845097
  0
LWPOLYLINE
  5
31F
330
1F
100
AcDbEntity
  8
0
  6
Continuous
370
    20
100
AcDbPolyline
 90
        2
 70
     0
 43
0.0
 10
80.61092246666612
 20
-4063.501355845097
 10
86.48635413333295
 20
-4045.346271995098
  0
LWPOLYLINE
  5
320
330
1F
100
AcDbEntity
  8
0
  6
Continuous
370
    20
100
AcDbPolyline
 90
        2
 70
     0
 43
0.0
 10
86.48635413333295
 20
-4045.346271995098
 10
91.36296241666604
 20
-4027.014925195098
  0
LWPOLYLINE
  5
321
330
1F
100
AcDbEntity
  8
0
  6
Continuous
370
    20
100
AcDbPolyline
 90
        2
 70
     0
 43
0.0
 10
91.36296241666604
 20
-4027.014925195098
 10
95.24074731666633
 20
-4008.624824078431
  0
LWPOLYLINE
  5
322
330
1F
100
AcDbEntity
  8
0
  6
Continuous
370
    20
100
AcDbPolyline
 90
        2
 70
     0
 43
0.0
 10
95.24074731666633
 20
-4008.624824078431
 10
98.23721746666661
 20
-3989.823442745098
  0
LWPOLYLINE
  5
323
330
1F
100
AcDbEntity
  8
0
  6
Continuous
370
    20
100
AcDbPolyline
 90
        2
 70
     0
 43
0.0
 10
98.23721746666661
 20
-3989.823442745098
 10
99.58856674999925
 20
-3978.483859628431
  0
LWPOLYLINE
  5
324
330
1F
100
AcDbEntity
  8
0
  6
Continuous
370
    20
100
AcDbPolyline
 90
        2
 70
     0
 43
0.0
 10
99.58856674999925
 20
-3978.483859628431
 10
101.9387394166656
 20
-3951.633136911765
  0
LWPOLYLINE
  5
325
330
1F
100
AcDbEntity
  8
0
  6
Continuous
370
    20
100
AcDbPolyline
 90
        2
 70
     0
 43
0.0
 10
101.9387394166656
 20
-3951.633136911765
 10
103.1138257499992
 20
-3932.185458095097
  0
LWPOLYLINE
  5
326
330
1F
100
AcDbEntity
  8
0
  6
Continuous
370
    20
100
AcDbPolyline
 90
        2
 70
     0
 43
0.0
 10
103.1138257499992
 20
-3932.185458095097
 10
104.0538948166658
 20
-3913.560339711764
  0
LWPOLYLINE
  5
327
330
1F
100
AcDbEntity
  8
0
  6
Continuous
370
    20
100
AcDbPolyline
 90
        2
 70
     0
 43
0.0
 10
104.0538948166658
 20
-3913.560339711764
 10
104.2889120833328
 20
-3825.781390611764
  0
LWPOLYLINE
  5
328
330
1F
100
AcDbEntity
  8
0
  6
Continuous
370
    20
100
AcDbPolyline
 90
        2
 70
     0
 43
0.0
 10
114.277145916666
 20
-3825.781390611764
 10
114.277145916666
 20
-3825.781390611764
  0
LWPOLYLINE
  5
329
330
1F
100
AcDbEntity
  8
0
  6
Continuous
370
    20
100
AcDbPolyline
 90
        2
 70
     0
 43
0.0
 10
114.277145916666
 20
-3825.781390611764
 10
114.0421286499995
 20
-3737.591161295098
  0
LWPOLYLINE
  5
32A
330
1F
100
AcDbEntity
  8
0
  6
Continuous
370
    20
100
AcDbPolyline
 90
        2
 70
     0
 43
0.0
 10
114.0421286499995
 20
-3737.591161295098
 10
114.0421286499995
 20
-3737.591161295098
  0
LWPOLYLINE
  5
32B
330
1F
100
AcDbEntity
  8
0
  6
Continuous
370
    20
100
AcDbPolyline
 90
        2
 70
     0
 43
0.0
 10
114.0421286499995
 20
-3737.591161295098
 10
113.1020595833324
 20
-3718.672271328431
  0
LWPOLYLINE
  5
32C
330
1F
100
AcDbEntity
  8
0
  6
Continuous
370
    20
100
AcDbPolyline
 90
        2
 70
     0
 43
0.0
 10
113.1020595833324
 20
-3718.672271328431
 10
111.9269732499997
 20
-3699.107083878431
  0
LWPOLYLINE
  5
32D
330
1F
100
AcDbEntity
  8
0
  6
Continuous
370
    20
100
AcDbPolyline
 90
        2
 70
     0
 43
0.0
 10
111.9269732499997
 20
-3699.107083878431
 10
109.4592919499996
 20
-3671.962589578431
  0
LWPOLYLINE
  5
32E
330
1F
100
AcDbEntity
  8
0
  6
Continuous
370
    20
100
AcDbPolyline
 90
        2
 70
     0
 43
0.0
 10
109.4592919499996
 20
-3671.962589578431
 10
108.1079426666665
 20
-3660.270480561765
  0
LWPOLYLINE
  5
32F
330
1F
100
AcDbEntity
  8
0
  6
Continuous
370
    20
100
AcDbPolyline
 90
        2
 70
     0
 43
0.0
 10
108.1079426666665
 20
-3660.270480561765
 10
105.0527181999996
 20
-3641.057819011765
  0
LWPOLYLINE
  5
330
330
1F
100
AcDbEntity
  8
0
  6
Continuous
370
    20
100
AcDbPolyline
 90
        2
 70
     0
 43
0.0
 10
105.0527181999996
 20
-3641.057819011765
 10
101.1161789833326
 20
-3622.021420411764
  0
LWPOLYLINE
  5
331
330
1F
100
AcDbEntity
  8
0
  6
Continuous
370
    20
100
AcDbPolyline
 90
        2
 70
     0
 43
0.0
 10
101.1161789833326
 20
-3622.021420411764
 10
96.00455343333306
 20
-3603.337547711765
  0
LWPOLYLINE
  5
332
330
1F
100
AcDbEntity
  8
0
  6
Continuous
370
    20
100
AcDbPolyline
 90
        2
 70
     0
 43
0.0
 10
96.00455343333306
 20
-3603.337547711765
 10
90.12912176666622
 20
-3584.712429328432
  0
LWPOLYLINE
  5
333
330
1F
100
AcDbEntity
  8
0
  6
Continuous
370
    20
100
AcDbPolyline
 90
        2
 70
     0
 43
0.0
 10
90.12912176666622
 20
-3584.712429328432
 10
83.31362103333322
 20
-3566.028556628431
  0
LWPOLYLINE
  5
334
330
1F
100
AcDbEntity
  8
0
  6
Continuous
370
    20
100
AcDbPolyline
 90
        2
 70
     0
 43
0.0
 10
83.31362103333322
 20
-3566.028556628431
 10
76.7331375666663
 20
-3546.463369178431
  0
LWPOLYLINE
  5
335
330
1F
100
AcDbEntity
  8
0
  6
Continuous
370
    20
100
AcDbPolyline
 90
        2
 70
     0
 43
0.0
 10
76.7331375666663
 20
-3546.463369178431
 10
74.08919331666584
 20
-3536.240118078431
  0
LWPOLYLINE
  5
336
330
1F
100
AcDbEntity
  8
0
  6
Continuous
370
    20
100
AcDbPolyline
 90
        2
 70
     0
 43
0.0
 10
74.08919331666584
 20
-3536.240118078431
 10
71.97403791666602
 20
-3525.899358345098
  0
LWPOLYLINE
  5
337
330
1F
100
AcDbEntity
  8
0
  6
Continuous
370
    20
100
AcDbPolyline
 90
        2
 70
     0
 43
0.0
 10
71.97403791666602
 20
-3525.899358345098
 10
69.6238652499992
 20
-3509.506903995097
  0
LWPOLYLINE
  5
338
330
1F
100
AcDbEntity
  8
0
  6
Continuous
370
    20
100
AcDbPolyline
 90
        2
 70
     0
 43
0.0
 10
69.6238652499992
 20
-3509.506903995097
 10
68.03749869999911
 20
-3492.938186695097
  0
LWPOLYLINE
  5
339
330
1F
100
AcDbEntity
  8
0
  6
Continuous
370
    20
100
AcDbPolyline
 90
        2
 70
     0
 43
0.0
 10
68.03749869999911
 20
-3492.938186695097
 10
68.03749869999911
 20
-3492.938186695097
  0
LWPOLYLINE
  5
33A
330
1F
100
AcDbEntity
  8
0
  6
Continuous
370
    20
100
AcDbPolyline
 90
        2
 70
     0
 43
0.0
 10
68.03749869999911
 20
-3492.938186695097
 10
-146.6507744000004
 20
-3486.945246395098
  0
LWPOLYLINE
  5
33B
330
1F
100
AcDbEntity
  8
0
  6
Continuous
370
    20
100
AcDbPolyline
 90
        2
 70
     0
 43
0.0
 10
-146.6507744000004
 20
-3486.945246395098
 10
-360.8690129666674
 20
-3481.011060411765
  0
LWPOLYLINE
  5
33C
330
1F
100
AcDbEntity
  8
0
  6
Continuous
370
    20
100
AcDbPolyline
 90
        2
 70
     0
 43
0.0
 10
-360.8690129666674
 20
-3481.011060411765
 10
-360.8690129666674
 20
-3481.011060411765
  0
LWPOLYLINE
  5
33D
330
1F
100
AcDbEntity
  8
0
  6
Continuous
370
    20
100
AcDbPolyline
 90
        2
 70
     0
 43
0.0
 10
-360.8690129666674
 20
-3481.011060411765
 10
-362.866659733334
 20
-3491.998117628431
  0
LWPOLYLINE
  5
33E
330
1F
100
AcDbEntity
  8
0
  6
Continuous
370
    20
100
AcDbPolyline
 90
        2
 70
     0
 43
0.0
 10
-362.866659733334
 20
-3491.998117628431
 10
-365.8631298833338
 20
-3502.632648945098
  0
LWPOLYLINE
  5
33F
330
1F
100
AcDbEntity
  8
0
  6
Continuous
370
    20
100
AcDbPolyline
 90
        2
 70
     0
 43
0.0
 10
-365.8631298833338
 20
-3502.632648945098
 10
-368.4483198166672
 20
-3508.919360828431
  0
LWPOLYLINE
  5
340
330
1F
100
AcDbEntity
  8
0
  6
Continuous
370
    20
100
AcDbPolyline
 90
        2
 70
     0
 43
0.0
 10
-368.4483198166672
 20
-3508.919360828431
 10
-371.5035442833336
 20
-3514.912301128431
  0
LWPOLYLINE
  5
341
330
1F
100
AcDbEntity
  8
0
  6
Continuous
370
    20
100
AcDbPolyline
 90
        2
 70
     0
 43
0.0
 10
-371.5035442833336
 20
-3514.912301128431
 10
-374.7937860166671
 20
-3520.493961211764
  0
LWPOLYLINE
  5
342
330
1F
100
AcDbEntity
  8
0
  6
Continuous
370
    20
100
AcDbPolyline
 90
        2
 70
     0
 43
0.0
 10
-374.7937860166671
 20
-3520.493961211764
 10
-378.6128166000003
 20
-3525.605586761764
  0
LWPOLYLINE
  5
343
330
1F
100
AcDbEntity
  8
0
  6
Continuous
370
    20
100
AcDbPolyline
 90
        2
 70
     0
 43
0.0
 10
-378.6128166000003
 20
-3525.605586761764
 10
-383.3719162500006
 20
-3530.423440728431
  0
LWPOLYLINE
  5
344
330
1F
100
AcDbEntity
  8
0
  6
Continuous
370
    20
100
AcDbPolyline
 90
        2
 70
     0
 43
0.0
 10
-383.3719162500006
 20
-3530.423440728431
 10
-388.5422961166673
 20
-3534.888768795097
  0
LWPOLYLINE
  5
345
330
1F
100
AcDbEntity
  8
0
  6
Continuous
370
    20
100
AcDbPolyline
 90
        2
 70
     0
 43
0.0
 10
-388.5422961166673
 20
-3534.888768795097
 10
-400.1756508166672
 20
-3543.584407661764
  0
LWPOLYLINE
  5
346
330
1F
100
AcDbEntity
  8
0
  6
Continuous
370
    20
100
AcDbPolyline
 90
        2
 70
     0
 43
0.0
 10
-400.1756508166672
 20
-3543.584407661764
 10
-412.2790400500003
 20
-3550.517417028431
  0
LWPOLYLINE
  5
347
330
1F
100
AcDbEntity
  8
0
  6
Continuous
370
    20
100
AcDbPolyline
 90
        2
 70
     0
 43
0.0
 10
-412.2790400500003
 20
-3550.517417028431
 10
-425.3224983500008
 20
-3556.216585745097
  0
LWPOLYLINE
  5
348
330
1F
100
AcDbEntity
  8
0
  6
Continuous
370
    20
100
AcDbPolyline
 90
        2
 70
     0
 43
0.0
 10
-425.3224983500008
 20
-3556.216585745097
 10
-439.0122541333335
 20
-3560.975685395098
  0
LWPOLYLINE
  5
349
330
1F
100
AcDbEntity
  8
0
  6
Continuous
370
    20
100
AcDbPolyline
 90
        2
 70
     0
 43
0.0
 10
-439.0122541333335
 20
-3560.975685395098
 10
-453.1720444500002
 20
-3564.500944395097
  0
LWPOLYLINE
  5
34A
330
1F
100
AcDbEntity
  8
0
  6
Continuous
370
    20
100
AcDbPolyline
 90
        2
 70
     0
 43
0.0
 10
-453.1720444500002
 20
-3564.500944395097
 10
-467.6256063500009
 20
-3567.908694761764
  0
LWPOLYLINE
  5
34B
330
1F
100
AcDbEntity
  8
0
  6
Continuous
370
    20
100
AcDbPolyline
 90
        2
 70
     0
 43
0.0
 10
-467.6256063500009
 20
-3567.908694761764
 10
-481.8441509833337
 20
-3570.141358795098
  0
LWPOLYLINE
  5
34C
330
1F
100
AcDbEntity
  8
0
  6
Continuous
370
    20
100
AcDbPolyline
 90
        2
 70
     0
 43
0.0
 10
-481.8441509833337
 20
-3570.141358795098
 10
-481.8441509833337
 20
-3570.141358795098
  0
LWPOLYLINE
  5
34D
330
1F
100
AcDbEntity
  8
0
  6
Continuous
370
    20
100
AcDbPolyline
 90
        2
 70
     0
 43
0.0
 10
-481.8441509833337
 20
-3570.141358795098
 10
-499.8817262000007
 20
-3571.433953761764
  0
LWPOLYLINE
  5
34E
330
1F
100
AcDbEntity
  8
0
  6
Continuous
370
    20
100
AcDbPolyline
 90
        2
 70
     0
 43
0.0
 10
-499.8817262000007
 20
-3571.433953761764
 10
-518.2130730000003
 20
-3571.610216711764
  0
LWPOLYLINE
  5
34F
330
1F
100
AcDbEntity
  8
0
  6
Continuous
370
    20
100
AcDbPolyline
 90
        2
 70
     0
 43
0.0
 10
-518.2130730000003
 20
-3571.610216711764
 10
-536.8969457000007
 20
-3571.198936495098
  0
LWPOLYLINE
  5
350
330
1F
100
AcDbEntity
  8
0
  6
Continuous
370
    20
100
AcDbPolyline
 90
        2
 70
     0
 43
0.0
 10
-536.8969457000007
 20
-3571.198936495098
 10
-555.522064083334
 20
-3570.787656278431
  0
LWPOLYLINE
  5
351
330
1F
100
AcDbEntity
  8
0
  6
Continuous
370
    20
100
AcDbPolyline
 90
        2
 70
     0
 43
0.0
 10
-555.522064083334
 20
-3570.787656278431
 10
-573.9709195166672
 20
-3569.553815628431
  0
LWPOLYLINE
  5
352
330
1F
100
AcDbEntity
  8
0
  6
Continuous
370
    20
100
AcDbPolyline
 90
        2
 70
     0
 43
0.0
 10
-573.9709195166672
 20
-3569.553815628431
 10
-592.0672490500005
 20
-3567.614923178431
  0
LWPOLYLINE
  5
353
330
1F
100
AcDbEntity
  8
0
  6
Continuous
370
    20
100
AcDbPolyline
 90
        2
 70
     0
 43
0.0
 10
-592.0672490500005
 20
-3567.614923178431
 10
-609.9285613166671
 20
-3564.500944395097
  0
LWPOLYLINE
  5
354
330
1F
100
AcDbEntity
  8
0
  6
Continuous
370
    20
100
AcDbPolyline
 90
        2
 70
     0
 43
0.0
 10
-609.9285613166671
 20
-3564.500944395097
 10
-636.3092495000005
 20
-3557.626689345097
  0
LWPOLYLINE
  5
355
330
1F
100
AcDbEntity
  8
0
  6
Continuous
370
    20
100
AcDbPolyline
 90
        2
 70
     0
 43
0.0
 10
-636.3092495000005
 20
-3557.626689345097
 10
-636.3092495000005
 20
-3557.626689345097
  0
LWPOLYLINE
  5
356
330
1F
100
AcDbEntity
  8
0
  6
Continuous
370
    20
100
AcDbPolyline
 90
        2
 70
     0
 43
0.0
 10
-636.3092495000005
 20
-3557.626689345097
 10
-698.9413510666672
 20
-3717.908465211764
  0
LWPOLYLINE
  5
357
330
1F
100
AcDbEntity
  8
0
  6
Continuous
370
    20
100
AcDbPolyline
 90
        2
 70
     0
 43
0.0
 10
-698.9413510666672
 20
-3717.908465211764
 10
-698.9413510666672
 20
-3717.908465211764
  0
LWPOLYLINE
  5
358
330
1F
100
AcDbEntity
  8
0
  6
Continuous
370
    20
100
AcDbPolyline
 90
        2
 70
     0
 43
0.0
 10
-698.9413510666672
 20
-3717.908465211764
 10
-685.3103496000005
 20
-3727.544173145098
  0
LWPOLYLINE
  5
359
330
1F
100
AcDbEntity
  8
0
  6
Continuous
370
    20
100
AcDbPolyline
 90
        2
 70
     0
 43
0.0
 10
-685.3103496000005
 20
-3727.544173145098
 10
-678.7298661333339
 20
-3732.890815961765
  0
LWPOLYLINE
  5
35A
330
1F
100
AcDbEntity
  8
0
  6
Continuous
370
    20
100
AcDbPolyline
 90
        2
 70
     0
 43
0.0
 10
-678.7298661333339
 20
-3732.890815961765
 10
-672.5606628833339
 20
-3738.648738995097
  0
LWPOLYLINE
  5
35B
330
1F
100
AcDbEntity
  8
0
  6
Continuous
370
    20
100
AcDbPolyline
 90
        2
 70
     0
 43
0.0
 10
-672.5606628833339
 20
-3738.648738995097
 10
-667.0377571166673
 20
-3744.700433611764
  0
LWPOLYLINE
  5
35C
330
1F
100
AcDbEntity
  8
0
  6
Continuous
370
    20
100
AcDbPolyline
 90
        2
 70
     0
 43
0.0
 10
-667.0377571166673
 20
-3744.700433611764
 10
-662.2199031500003
 20
-3751.398425711764
  0
LWPOLYLINE
  5
35D
330
1F
100
AcDbEntity
  8
0
  6
Continuous
370
    20
100
AcDbPolyline
 90
        2
 70
     0
 43
0.0
 10
-662.2199031500003
 20
-3751.398425711764
 10
-657.9895923500004
 20
-3758.390189395098
  0
LWPOLYLINE
  5
35E
330
1F
100
AcDbEntity
  8
0
  6
Continuous
370
    20
100
AcDbPolyline
 90
        2
 70
     0
 43
0.0
 10
-657.9895923500004
 20
-3758.390189395098
 10
-654.581841983334
 20
-3765.851987611764
  0
LWPOLYLINE
  5
35F
330
1F
100
AcDbEntity
  8
0
  6
Continuous
370
    20
100
AcDbPolyline
 90
        2
 70
     0
 43
0.0
 10
-654.581841983334
 20
-3765.851987611764
 10
-651.8791434166671
 20
-3773.666311728431
  0
LWPOLYLINE
  5
360
330
1F
100
AcDbEntity
  8
0
  6
Continuous
370
    20
100
AcDbPolyline
 90
        2
 70
     0
 43
0.0
 10
-651.8791434166671
 20
-3773.666311728431
 10
-649.7639880166671
 20
-3781.833161745097
  0
LWPOLYLINE
  5
361
330
1F
100
AcDbEntity
  8
0
  6
Continuous
370
    20
100
AcDbPolyline
 90
        2
 70
     0
 43
0.0
 10
-649.7639880166671
 20
-3781.833161745097
 10
-648.1776214666674
 20
-3790.293783345097
  0
LWPOLYLINE
  5
362
330
1F
100
AcDbEntity
  8
0
  6
Continuous
370
    20
100
AcDbPolyline
 90
        2
 70
     0
 43
0.0
 10
-648.1776214666674
 20
-3790.293783345097
 10
-647.0612894500004
 20
-3798.51938767843
  0
LWPOLYLINE
  5
363
330
1F
100
AcDbEntity
  8
0
  6
Continuous
370
    20
100
AcDbPolyline
 90
        2
 70
     0
 43
0.0
 10
-647.0612894500004
 20
-3798.51938767843
 10
-647.0612894500004
 20
-3798.51938767843
  0
LWPOLYLINE
  5
364
330
1F
100
AcDbEntity
  8
0
  6
Continuous
370
    20
100
AcDbPolyline
 90
        2
 70
     0
 43
0.0
 10
-647.0612894500004
 20
-3798.51938767843
 10
-647.1787980833337
 20
-3825.781390611764
  0
LWPOLYLINE
  5
365
330
1F
100
AcDbEntity
  8
0
  6
Continuous
370
    20
100
AcDbPolyline
 90
        2
 70
     0
 43
0.0
 10
-647.1787980833337
 20
-3825.781390611764
 10
-647.1787980833337
 20
-3825.781390611764
  0
LWPOLYLINE
  5
366
330
1F
100
AcDbEntity
  8
0
  6
Continuous
370
    20
100
AcDbPolyline
 90
        2
 70
     0
 43
0.0
 10
-647.1787980833337
 20
-3825.781390611764
 10
-647.0612894500004
 20
-3852.925884911764
  0
LWPOLYLINE
  5
367
330
1F
100
AcDbEntity
  8
0
  6
Continuous
370
    20
100
AcDbPolyline
 90
        2
 70
     0
 43
0.0
 10
-647.0612894500004
 20
-3852.925884911764
 10
-647.0612894500004
 20
-3852.925884911764
  0
LWPOLYLINE
  5
368
330
1F
100
AcDbEntity
  8
0
  6
Continuous
370
    20
100
AcDbPolyline
 90
        2
 70
     0
 43
0.0
 10
-647.0612894500004
 20
-3852.925884911764
 10
-648.1776214666674
 20
-3861.151489245097
  0
LWPOLYLINE
  5
369
330
1F
100
AcDbEntity
  8
0
  6
Continuous
370
    20
100
AcDbPolyline
 90
        2
 70
     0
 43
0.0
 10
-648.1776214666674
 20
-3861.151489245097
 10
-649.7639880166671
 20
-3869.612110845098
  0
LWPOLYLINE
  5
36A
330
1F
100
AcDbEntity
  8
0
  6
Continuous
370
    20
100
AcDbPolyline
 90
        2
 70
     0
 43
0.0
 10
-649.7639880166671
 20
-3869.612110845098
 10
-651.8791434166671
 20
-3877.778960861764
  0
LWPOLYLINE
  5
36B
330
1F
100
AcDbEntity
  8
0
  6
Continuous
370
    20
100
AcDbPolyline
 90
        2
 70
     0
 43
0.0
 10
-651.8791434166671
 20
-3877.778960861764
 10
-654.581841983334
 20
-3885.593284978432
  0
LWPOLYLINE
  5
36C
330
1F
100
AcDbEntity
  8
0
  6
Continuous
370
    20
100
AcDbPolyline
 90
        2
 70
     0
 43
0.0
 10
-654.581841983334
 20
-3885.593284978432
 10
-657.9895923500004
 20
-3893.055083195098
  0
LWPOLYLINE
  5
36D
330
1F
100
AcDbEntity
  8
0
  6
Continuous
370
    20
100
AcDbPolyline
 90
        2
 70
     0
 43
0.0
 10
-657.9895923500004
 20
-3893.055083195098
 10
-662.2199031500003
 20
-3900.046846878431
  0
LWPOLYLINE
  5
36E
330
1F
100
AcDbEntity
  8
0
  6
Continuous
370
    20
100
AcDbPolyline
 90
        2
 70
     0
 43
0.0
 10
-662.2199031500003
 20
-3900.046846878431
 10
-667.0377571166673
 20
-3906.744838978431
  0
LWPOLYLINE
  5
36F
330
1F
100
AcDbEntity
  8
0
  6
Continuous
370
    20
100
AcDbPolyline
 90
        2
 70
     0
 43
0.0
 10
-667.0377571166673
 20
-3906.744838978431
 10
-672.5606628833339
 20
-3912.796533595097
  0
LWPOLYLINE
  5
370
330
1F
100
AcDbEntity
  8
0
  6
Continuous
370
    20
100
AcDbPolyline
 90
        2
 70
     0
 43
0.0
 10
-672.5606628833339
 20
-3912.796533595097
 10
-678.7298661333339
 20
-3918.554456628431
  0
LWPOLYLINE
  5
371
330
1F
100
AcDbEntity
  8
0
  6
Continuous
370
    20
100
AcDbPolyline
 90
        2
 70
     0
 43
0.0
 10
-678.7298661333339
 20
-3918.554456628431
 10
-685.3103496000005
 20
-3923.901099445098
  0
LWPOLYLINE
  5
372
330
1F
100
AcDbEntity
  8
0
  6
Continuous
370
    20
100
AcDbPolyline
 90
        2
 70
     0
 43
0.0
 10
-685.3103496000005
 20
-3923.901099445098
 10
-698.9413510666672
 20
-3933.53680737843
  0
LWPOLYLINE
  5
373
330
1F
100
AcDbEntity
  8
0
  6
Continuous
370
    20
100
AcDbPolyline
 90
        2
 70
     0
 43
0.0
 10
-698.9413510666672
 20
-3933.53680737843
 10
-698.9413510666672
 20
-3933.53680737843
  0
LWPOLYLINE
  5
374
330
1F
100
AcDbEntity
  8
0
  6
Continuous
370
    20
100
AcDbPolyline
 90
        2
 70
     0
 43
0.0
 10
-698.9413510666672
 20
-3933.53680737843
 10
-636.3092495000005
 20
-4093.818583245098
  0
LWPOLYLINE
  5
375
330
1F
100
AcDbEntity
  8
0
  6
Continuous
370
    20
100
AcDbPolyline
 90
        2
 70
     0
 43
0.0
 10
-636.3092495000005
 20
-4093.818583245098
 10
-636.3092495000005
 20
-4093.818583245098
  0
LWPOLYLINE
  5
376
330
1F
100
AcDbEntity
  8
0
  6
Continuous
370
    20
100
AcDbPolyline
 90
        2
 70
     0
 43
0.0
 10
-636.3092495000005
 20
-4093.818583245098
 10
-609.9285613166671
 20
-4086.944328195097
  0
LWPOLYLINE
  5
377
330
1F
100
AcDbEntity
  8
0
  6
Continuous
370
    20
100
AcDbPolyline
 90
        2
 70
     0
 43
0.0
 10
-609.9285613166671
 20
-4086.944328195097
 10
-592.0672490500005
 20
-4083.830349411765
  0
LWPOLYLINE
  5
378
330
1F
100
AcDbEntity
  8
0
  6
Continuous
370
    20
100
AcDbPolyline
 90
        2
 70
     0
 43
0.0
 10
-592.0672490500005
 20
-4083.830349411765
 10
-573.9709195166672
 20
-4081.891456961765
  0
LWPOLYLINE
  5
379
330
1F
100
AcDbEntity
  8
0
  6
Continuous
370
    20
100
AcDbPolyline
 90
        2
 70
     0
 43
0.0
 10
-573.9709195166672
 20
-4081.891456961765
 10
-555.522064083334
 20
-4080.775124945097
  0
LWPOLYLINE
  5
37A
330
1F
100
AcDbEntity
  8
0
  6
Continuous
370
    20
100
AcDbPolyline
 90
        2
 70
     0
 43
0.0
 10
-555.522064083334
 20
-4080.775124945097
 10
-536.8381913833336
 20
-4080.246336095098
  0
LWPOLYLINE
  5
37B
330
1F
100
AcDbEntity
  8
0
  6
Continuous
370
    20
100
AcDbPolyline
 90
        2
 70
     0
 43
0.0
 10
-536.8381913833336
 20
-4080.246336095098
 10
-518.2130730000003
 20
-4079.835055878431
  0
LWPOLYLINE
  5
37C
330
1F
100
AcDbEntity
  8
0
  6
Continuous
370
    20
100
AcDbPolyline
 90
        2
 70
     0
 43
0.0
 10
-518.2130730000003
 20
-4079.835055878431
 10
-499.8817262000007
 20
-4080.011318828431
  0
LWPOLYLINE
  5
37D
330
1F
100
AcDbEntity
  8
0
  6
Continuous
370
    20
100
AcDbPolyline
 90
        2
 70
     0
 43
0.0
 10
-499.8817262000007
 20
-4080.011318828431
 10
-481.8441509833337
 20
-4081.303913795098
  0
LWPOLYLINE
  5
37E
330
1F
100
AcDbEntity
  8
0
  6
Continuous
370
    20
100
AcDbPolyline
 90
        2
 70
     0
 43
0.0
 10
-481.8441509833337
 20
-4081.303913795098
 10
-481.8441509833337
 20
-4081.303913795098
  0
LWPOLYLINE
  5
37F
330
1F
100
AcDbEntity
  8
0
  6
Continuous
370
    20
100
AcDbPolyline
 90
        2
 70
     0
 43
0.0
 10
-481.8441509833337
 20
-4081.303913795098
 10
-467.6256063500009
 20
-4083.536577828431
  0
LWPOLYLINE
  5
380
330
1F
100
AcDbEntity
  8
0
  6
Continuous
370
    20
100
AcDbPolyline
 90
        2
 70
     0
 43
0.0
 10
-467.6256063500009
 20
-4083.536577828431
 10
-453.3483074000005
 20
-4086.885573878431
  0
LWPOLYLINE
  5
381
330
1F
100
AcDbEntity
  8
0
  6
Continuous
370
    20
100
AcDbPolyline
 90
        2
 70
     0
 43
0.0
 10
-453.3483074000005
 20
-4086.885573878431
 10
-439.0122541333335
 20
-4090.469587195098
  0
LWPOLYLINE
  5
382
330
1F
100
AcDbEntity
  8
0
  6
Continuous
370
    20
100
AcDbPolyline
 90
        2
 70
     0
 43
0.0
 10
-439.0122541333335
 20
-4090.469587195098
 10
-425.3224983500008
 20
-4095.228686845097
  0
LWPOLYLINE
  5
383
330
1F
100
AcDbEntity
  8
0
  6
Continuous
370
    20
100
AcDbPolyline
 90
        2
 70
     0
 43
0.0
 10
-425.3224983500008
 20
-4095.228686845097
 10
-412.2790400500003
 20
-4100.927855561764
  0
LWPOLYLINE
  5
384
330
1F
100
AcDbEntity
  8
0
  6
Continuous
370
    20
100
AcDbPolyline
 90
        2
 70
     0
 43
0.0
 10
-412.2790400500003
 20
-4100.927855561764
 10
-400.1756508166672
 20
-4107.860864928431
  0
LWPOLYLINE
  5
385
330
1F
100
AcDbEntity
  8
0
  6
Continuous
370
    20
100
AcDbPolyline
 90
        2
 70
     0
 43
0.0
 10
-400.1756508166672
 20
-4107.860864928431
 10
-388.5422961166673
 20
-4116.556503795098
  0
LWPOLYLINE
  5
386
330
1F
100
AcDbEntity
  8
0
  6
Continuous
370
    20
100
AcDbPolyline
 90
        2
 70
     0
 43
0.0
 10
-388.5422961166673
 20
-4116.556503795098
 10
-383.3719162500006
 20
-4121.021831861764
  0
LWPOLYLINE
  5
387
330
1F
100
AcDbEntity
  8
0
  6
Continuous
370
    20
100
AcDbPolyline
 90
        2
 70
     0
 43
0.0
 10
-383.3719162500006
 20
-4121.021831861764
 10
-378.6128166000003
 20
-4125.839685828431
  0
LWPOLYLINE
  5
388
330
1F
100
AcDbEntity
  8
0
  6
Continuous
370
    20
100
AcDbPolyline
 90
        2
 70
     0
 43
0.0
 10
-378.6128166000003
 20
-4125.839685828431
 10
-374.7937860166671
 20
-4130.951311378431
  0
LWPOLYLINE
  5
389
330
1F
100
AcDbEntity
  8
0
  6
Continuous
370
    20
100
AcDbPolyline
 90
        2
 70
     0
 43
0.0
 10
-374.7937860166671
 20
-4130.951311378431
 10
-371.5035442833336
 20
-4136.532971461764
  0
LWPOLYLINE
  5
38A
330
1F
100
AcDbEntity
  8
0
  6
Continuous
370
    20
100
AcDbPolyline
 90
        2
 70
     0
 43
0.0
 10
-371.5035442833336
 20
-4136.532971461764
 10
-368.4483198166672
 20
-4142.525911761764
  0
LWPOLYLINE
  5
38B
330
1F
100
AcDbEntity
  8
0
  6
Continuous
370
    20
100
AcDbPolyline
 90
        2
 70
     0
 43
0.0
 10
-368.4483198166672
 20
-4142.525911761764
 10
-365.8631298833338
 20
-4148.871377961764
  0
LWPOLYLINE
  5
38C
330
1F
100
AcDbEntity
  8
0
  6
Continuous
370
    20
100
AcDbPolyline
 90
        2
 70
     0
 43
0.0
 10
-365.8631298833338
 20
-4148.871377961764
 10
-363.7479744833335
 20
-4155.921895961764
  0
LWPOLYLINE
  5
38D
330
1F
100
AcDbEntity
  8
0
  6
Continuous
370
    20
100
AcDbPolyline
 90
        2
 70
     0
 43
0.0
 10
-363.7479744833335
 20
-4155.921895961764
 10
-362.2203622500005
 20
-4163.089922595098
  0
LWPOLYLINE
  5
38E
330
1F
100
AcDbEntity
  8
0
  6
Continuous
370
    20
100
AcDbPolyline
 90
        2
 70
     0
 43
0.0
 10
-362.2203622500005
 20
-4163.089922595098
 10
-360.8690129666674
 20
-4170.434212178431
  0
LWPOLYLINE
  5
38F
330
1F
100
AcDbEntity
  8
0
  6
Continuous
370
    20
100
AcDbPolyline
 90
        2
 70
     0
 43
0.0
 10
-360.8690129666674
 20
-4170.434212178431
 10
-360.8690129666674
 20
-4170.434212178431
  0
LWPOLYLINE
  5
390
330
1F
100
AcDbEntity
  8
0
  6
Continuous
370
    20
100
AcDbPolyline
 90
        2
 70
     0
 43
0.0
 10
-360.8690129666674
 20
-4170.434212178431
 10
-146.6507744000004
 20
-4164.500026195098
  0
LWPOLYLINE
  5
391
330
1F
100
AcDbEntity
  8
0
  6
Continuous
370
    20
100
AcDbPolyline
 90
        2
 70
     0
 43
0.0
 10
-146.6507744000004
 20
-4164.500026195098
 10
68.03749869999911
 20
-4158.507085895098
  0
LWPOLYLINE
  5
392
330
1F
100
AcDbEntity
  8
0
  6
Continuous
370
    20
100
AcDbPolyline
 90
        2
 70
     0
 43
0.0
 10
68.03749869999911
 20
-4158.507085895098
 10
68.03749869999911
 20
-4158.507085895098
  0
LWPOLYLINE
  5
393
330
1F
100
AcDbEntity
  8
0
  6
Continuous
370
    20
100
AcDbPolyline
 90
        2
 70
     0
 43
0.0
 10
68.03749869999911
 20
-4158.507085895098
 10
69.6238652499992
 20
-4141.938368595098
  0
LWPOLYLINE
  5
394
330
1F
100
AcDbEntity
  8
0
  6
Continuous
370
    20
100
AcDbPolyline
 90
        2
 70
     0
 43
0.0
 10
69.6238652499992
 20
-4141.938368595098
 10
71.97403791666602
 20
-4125.545914245098
  0
LWPOLYLINE
  5
395
330
1F
100
AcDbEntity
  8
0
  6
Continuous
370
    20
100
AcDbPolyline
 90
        2
 70
     0
 43
0.0
 10
71.97403791666602
 20
-4125.545914245098
 10
74.08919331666584
 20
-4115.205154511765
  0
LWPOLYLINE
  5
396
330
1F
100
AcDbEntity
  8
0
  6
Continuous
370
    20
100
AcDbPolyline
 90
        2
 70
     0
 43
0.0
 10
74.08919331666584
 20
-4115.205154511765
 10
76.7331375666663
 20
-4104.981903411764
  0
LWPOLYLINE
  5
397
330
1F
100
AcDbEntity
  8
0
  6
Continuous
370
    20
100
AcDbPolyline
 90
        2
 70
     0
 43
0.0
 10
76.7331375666663
 20
-4104.981903411764
 10
83.31362103333322
 20
-4085.416715961764
  0
LWPOLYLINE
  5
398
330
1F
100
AcDbEntity
  8
0
  6
Continuous
370
    20
100
AcDbPolyline
 90
        2
 70
     0
 43
0.0
 10
83.31362103333322
 20
-4085.416715961764
 10
90.12912176666622
 20
-4066.732843261764
  0
LWPOLYLINE
  5
399
330
1F
100
AcDbEntity
  8
0
  6
Continuous
370
    20
100
AcDbPolyline
 90
        2
 70
     0
 43
0.0
 10
90.12912176666622
 20
-4066.732843261764
 10
96.00455343333306
 20
-4048.107724878431
  0
LWPOLYLINE
  5
39A
330
1F
100
AcDbEntity
  8
0
  6
Continuous
370
    20
100
AcDbPolyline
 90
        2
 70
     0
 43
0.0
 10
96.00455343333306
 20
-4048.107724878431
 10
101.1161789833326
 20
-4029.423852178431
  0
LWPOLYLINE
  5
39B
330
1F
100
AcDbEntity
  8
0
  6
Continuous
370
    20
100
AcDbPolyline
 90
        2
 70
     0
 43
0.0
 10
101.1161789833326
 20
-4029.423852178431
 10
105.0527181999996
 20
-4010.387453578431
  0
LWPOLYLINE
  5
39C
330
1F
100
AcDbEntity
  8
0
  6
Continuous
370
    20
100
AcDbPolyline
 90
        2
 70
     0
 43
0.0
 10
105.0527181999996
 20
-4010.387453578431
 10
108.1079426666665
 20
-3991.174792028431
  0
LWPOLYLINE
  5
39D
330
1F
100
AcDbEntity
  8
0
  6
Continuous
370
    20
100
AcDbPolyline
 90
        2
 70
     0
 43
0.0
 10
108.1079426666665
 20
-3991.174792028431
 10
109.4592919499996
 20
-3979.482683011764
  0
LWPOLYLINE
  5
39E
330
1F
100
AcDbEntity
  8
0
  6
Continuous
370
    20
100
AcDbPolyline
 90
        2
 70
     0
 43
0.0
 10
109.4592919499996
 20
-3979.482683011764
 10
111.9269732499997
 20
-3952.338188711765
  0
LWPOLYLINE
  5
39F
330
1F
100
AcDbEntity
  8
0
  6
Continuous
370
    20
100
AcDbPolyline
 90
        2
 70
     0
 43
0.0
 10
111.9269732499997
 20
-3952.338188711765
 10
113.1020595833324
 20
-3932.714246945097
  0
LWPOLYLINE
  5
3A0
330
1F
100
AcDbEntity
  8
0
  6
Continuous
370
    20
100
AcDbPolyline
 90
        2
 70
     0
 43
0.0
 10
113.1020595833324
 20
-3932.714246945097
 10
114.0421286499995
 20
-3913.854111295098
  0
LWPOLYLINE
  5
3A1
330
1F
100
AcDbEntity
  8
0
  6
Continuous
370
    20
100
AcDbPolyline
 90
        2
 70
     0
 43
0.0
 10
114.0421286499995
 20
-3913.854111295098
 10
114.0421286499995
 20
-3913.854111295098
  0
LWPOLYLINE
  5
3A2
330
1F
100
AcDbEntity
  8
0
  6
Continuous
370
    20
100
AcDbPolyline
 90
        2
 70
     0
 43
0.0
 10
114.0421286499995
 20
-3913.854111295098
 10
114.277145916666
 20
-3825.781390611764
  0
LWPOLYLINE
  5
3A3
330
1F
100
AcDbEntity
  8
0
  6
Continuous
370
    20
100
AcDbPolyline
 90
        2
 70
     0
 43
0.0
 10
-627.2023304166673
 20
-3825.781390611764
 10
-627.2023304166673
 20
-3825.781390611764
  0
LWPOLYLINE
  5
3A4
330
1F
100
AcDbEntity
  8
0
  6
Continuous
370
    20
100
AcDbPolyline
 90
        2
 70
     0
 43
0.0
 10
-627.2023304166673
 20
-3825.781390611764
 10
85.37002211666594
 20
-3825.781390611764
  0
LWPOLYLINE
  5
3A5
330
1F
100
AcDbEntity
  8
0
  6
Continuous
370
    20
100
AcDbPolyline
 90
        2
 70
     0
 43
0.0
 10
85.37002211666594
 20
-3825.781390611764
 10
85.37002211666594
 20
-3825.781390611764
  0
LWPOLYLINE
  5
3A6
330
1F
100
AcDbEntity
  8
0
  6
Continuous
370
    20
100
AcDbPolyline
 90
        2
 70
     0
 43
0.0
 10
85.37002211666594
 20
-3825.781390611764
 10
-627.2023304166673
 20
-3825.781390611764
  0
LWPOLYLINE
  5
3A7
330
1F
100
AcDbEntity
  8
0
  6
Continuous
370
    20
100
AcDbPolyline
 90
        2
 70
     0
 43
0.0
 10
114.277145916666
 20
-3825.781390611764
 10
104.2889120833328
 20
-3825.781390611764
  0
LWPOLYLINE
  5
3A8
330
1F
100
AcDbEntity
  8
0
  6
Continuous
370
    20
100
AcDbPolyline
 90
        2
 70
     0
 43
0.0
 10
104.2889120833328
 20
-3830.775507528431
 10
104.2889120833328
 20
-3820.669765061765
  0
LWPOLYLINE
  5
3A9
330
1F
100
AcDbEntity
  8
0
  6
Continuous
370
    20
100
AcDbPolyline
 90
        2
 70
     0
 43
0.0
 10
-146.6507744000004
 20
-3486.945246395098
 10
-146.9445459833341
 20
-3496.874725911764
  0
LWPOLYLINE
  5
3AA
330
1F
100
AcDbEntity
  8
0
  6
Continuous
370
    20
100
AcDbPolyline
 90
        2
 70
     0
 43
0.0
 10
-141.9504290666673
 20
-3497.050988861764
 10
-151.9386629000005
 20
-3496.815971595098
  0
LWPOLYLINE
  5
3AB
330
1F
100
AcDbEntity
  8
0
  6
Continuous
370
    20
100
AcDbPolyline
 90
        2
 70
     0
 43
0.0
 10
-481.8441509833337
 20
-3570.141358795098
 10
-480.6690646500006
 20
-3580.129592628431
  0
LWPOLYLINE
  5
3AC
330
1F
100
AcDbEntity
  8
0
  6
Continuous
370
    20
100
AcDbPolyline
 90
        2
 70
     0
 43
0.0
 10
-475.7337020500004
 20
-3579.542049461764
 10
-485.6631815666673
 20
-3580.658381478431
  0
LWPOLYLINE
  5
3AD
330
1F
100
AcDbEntity
  8
0
  6
Continuous
370
    20
100
AcDbPolyline
 90
        2
 70
     0
 43
0.0
 10
-647.1787980833337
 20
-3825.781390611764
 10
-637.1905642500005
 20
-3825.781390611764
  0
LWPOLYLINE
  5
3AE
330
1F
100
AcDbEntity
  8
0
  6
Continuous
370
    20
100
AcDbPolyline
 90
        2
 70
     0
 43
0.0
 10
-637.1905642500005
 20
-3820.787273695098
 10
-637.1905642500005
 20
-3830.775507528431
  0
LWPOLYLINE
  5
3AF
330
1F
100
AcDbEntity
  8
0
  6
Continuous
370
    20
100
AcDbPolyline
 90
        2
 70
     0
 43
0.0
 10
-481.8441509833337
 20
-4081.303913795098
 10
-480.6690646500006
 20
-4071.374434278431
  0
LWPOLYLINE
  5
3B0
330
1F
100
AcDbEntity
  8
0
  6
Continuous
370
    20
100
AcDbPolyline
 90
        2
 70
     0
 43
0.0
 10
-485.6631815666673
 20
-4070.786891111764
 10
-475.7337020500004
 20
-4071.903223128432
  0
LWPOLYLINE
  5
3B1
330
1F
100
AcDbEntity
  8
0
  6
Continuous
370
    20
100
AcDbPolyline
 90
        2
 70
     0
 43
0.0
 10
-146.6507744000004
 20
-4164.500026195098
 10
-146.9445459833341
 20
-4154.570546678431
  0
LWPOLYLINE
  5
3B2
330
1F
100
AcDbEntity
  8
0
  6
Continuous
370
    20
100
AcDbPolyline
 90
        2
 70
     0
 43
0.0
 10
-151.9386629000005
 20
-4154.629300995098
 10
-141.9504290666673
 20
-4154.394283728431
  0
LWPOLYLINE
  5
3B3
330
1F
100
AcDbEntity
  8
0
  6
Continuous
370
    20
100
AcDbPolyline
 90
        2
 70
     0
 43
0.0
 10
114.277145916666
 20
-3825.781390611764
 10
104.2889120833328
 20
-3825.781390611764
  0
LWPOLYLINE
  5
3B4
330
1F
100
AcDbEntity
  8
0
  6
Continuous
370
    20
100
AcDbPolyline
 90
        2
 70
     0
 43
0.0
 10
104.2889120833328
 20
-3830.775507528431
 10
104.2889120833328
 20
-3820.669765061765
  0
LWPOLYLINE
  5
3B5
330
1F
100
AcDbEntity
  8
0
  6
Continuous
370
    20
100
AcDbPolyline
 90
        2
 70
     0
 43
0.0
 10
-740.4218986333339
 20
-4006.920948895098
 10
-739.1880579833339
 20
-3933.360544428431
  0
LWPOLYLINE
  5
3B6
330
1F
100
AcDbEntity
  8
0
  6
Continuous
370
    20
100
AcDbPolyline
 90
        2
 70
     0
 43
0.0
 10
-739.1880579833339
 20
-3933.360544428431
 10
-736.1915878333339
 20
-3848.166785261764
  0
LWPOLYLINE
  5
3B7
330
1F
100
AcDbEntity
  8
0
  6
Continuous
370
    20
100
AcDbPolyline
 90
        2
 70
     0
 43
0.0
 10
-736.1915878333339
 20
-3848.166785261764
 10
-731.4324881833337
 20
-3763.149289045097
  0
LWPOLYLINE
  5
3B8
330
1F
100
AcDbEntity
  8
0
  6
Continuous
370
    20
100
AcDbPolyline
 90
        2
 70
     0
 43
0.0
 10
-731.4324881833337
 20
-3763.149289045097
 10
-726.0858453666673
 20
-3692.174074511764
  0
LWPOLYLINE
  5
3B9
330
1F
100
AcDbEntity
  8
0
  6
Continuous
370
    20
100
AcDbPolyline
 90
        2
 70
     0
 43
0.0
 10
-726.0858453666673
 20
-3692.174074511764
 10
-932.3722511833338
 20
-3694.641755811764
  0
LWPOLYLINE
  5
3BA
330
1F
100
AcDbEntity
  8
0
  6
Continuous
370
    20
100
AcDbPolyline
 90
        2
 70
     0
 43
0.0
 10
-932.3722511833338
 20
-3694.641755811764
 10
-1138.717411316667
 20
-3697.168191428431
  0
LWPOLYLINE
  5
3BB
330
1F
100
AcDbEntity
  8
0
  6
Continuous
370
    20
100
AcDbPolyline
 90
        2
 70
     0
 43
0.0
 10
-1138.717411316667
 20
-3697.168191428431
 10
-1140.186269233333
 20
-3708.860300445098
  0
LWPOLYLINE
  5
3BC
330
1F
100
AcDbEntity
  8
0
  6
Continuous
370
    20
100
AcDbPolyline
 90
        2
 70
     0
 43
0.0
 10
-1140.186269233333
 20
-3708.860300445098
 10
-1143.359002333334
 20
-3720.199883561764
  0
LWPOLYLINE
  5
3BD
330
1F
100
AcDbEntity
  8
0
  6
Continuous
370
    20
100
AcDbPolyline
 90
        2
 70
     0
 43
0.0
 10
-1143.359002333334
 20
-3720.199883561764
 10
-1148.764399466667
 20
-3730.599397611764
  0
LWPOLYLINE
  5
3BE
330
1F
100
AcDbEntity
  8
0
  6
Continuous
370
    20
100
AcDbPolyline
 90
        2
 70
     0
 43
0.0
 10
-1148.764399466667
 20
-3730.599397611764
 10
-1155.873671783333
 20
-3740.000088278431
  0
LWPOLYLINE
  5
3BF
330
1F
100
AcDbEntity
  8
0
  6
Continuous
370
    20
100
AcDbPolyline
 90
        2
 70
     0
 43
0.0
 10
-1155.873671783333
 20
-3740.000088278431
 10
-1164.863082233333
 20
-3748.871990095098
  0
LWPOLYLINE
  5
3C0
330
1F
100
AcDbEntity
  8
0
  6
Continuous
370
    20
100
AcDbPolyline
 90
        2
 70
     0
 43
0.0
 10
-1164.863082233333
 20
-3748.871990095098
 10
-1174.851316066667
 20
-3756.803822845098
  0
LWPOLYLINE
  5
3C1
330
1F
100
AcDbEntity
  8
0
  6
Continuous
370
    20
100
AcDbPolyline
 90
        2
 70
     0
 43
0.0
 10
-1174.851316066667
 20
-3756.803822845098
 10
-1185.779618966667
 20
-3763.266797678431
  0
LWPOLYLINE
  5
3C2
330
1F
100
AcDbEntity
  8
0
  6
Continuous
370
    20
100
AcDbPolyline
 90
        2
 70
     0
 43
0.0
 10
-1185.779618966667
 20
-3763.266797678431
 10
-1197.35421935
 20
-3768.319668911764
  0
LWPOLYLINE
  5
3C3
330
1F
100
AcDbEntity
  8
0
  6
Continuous
370
    20
100
AcDbPolyline
 90
        2
 70
     0
 43
0.0
 10
-1197.35421935
 20
-3768.319668911764
 10
-1209.34009995
 20
-3772.314962445098
  0
LWPOLYLINE
  5
3C4
330
1F
100
AcDbEntity
  8
0
  6
Continuous
370
    20
100
AcDbPolyline
 90
        2
 70
     0
 43
0.0
 10
-1209.34009995
 20
-3772.314962445098
 10
-1221.619752133334
 20
-3775.487695545097
  0
LWPOLYLINE
  5
3C5
330
1F
100
AcDbEntity
  8
0
  6
Continuous
370
    20
100
AcDbPolyline
 90
        2
 70
     0
 43
0.0
 10
-1221.619752133334
 20
-3775.487695545097
 10
-1234.075667266667
 20
-3778.131639795098
  0
LWPOLYLINE
  5
3C6
330
1F
100
AcDbEntity
  8
0
  6
Continuous
370
    20
100
AcDbPolyline
 90
        2
 70
     0
 43
0.0
 10
-1234.075667266667
 20
-3778.131639795098
 10
-1246.590336716667
 20
-3780.246795195097
  0
LWPOLYLINE
  5
3C7
330
1F
100
AcDbEntity
  8
0
  6
Continuous
370
    20
100
AcDbPolyline
 90
        2
 70
     0
 43
0.0
 10
-1246.590336716667
 20
-3780.246795195097
 10
-1259.105006166667
 20
-3781.950670378431
  0
LWPOLYLINE
  5
3C8
330
1F
100
AcDbEntity
  8
0
  6
Continuous
370
    20
100
AcDbPolyline
 90
        2
 70
     0
 43
0.0
 10
-1259.105006166667
 20
-3781.950670378431
 10
-1271.73718425
 20
-3783.302019661764
  0
LWPOLYLINE
  5
3C9
330
1F
100
AcDbEntity
  8
0
  6
Continuous
370
    20
100
AcDbPolyline
 90
        2
 70
     0
 43
0.0
 10
-1271.73718425
 20
-3783.302019661764
 10
-1286.19074615
 20
-3783.537036928431
  0
LWPOLYLINE
  5
3CA
330
1F
100
AcDbEntity
  8
0
  6
Continuous
370
    20
100
AcDbPolyline
 90
        2
 70
     0
 43
0.0
 10
-1286.19074615
 20
-3783.537036928431
 10
-1300.585553733333
 20
-3783.302019661764
  0
LWPOLYLINE
  5
3CB
330
1F
100
AcDbEntity
  8
0
  6
Continuous
370
    20
100
AcDbPolyline
 90
        2
 70
     0
 43
0.0
 10
-1300.585553733333
 20
-3783.302019661764
 10
-1314.980361316667
 20
-3782.420704911764
  0
LWPOLYLINE
  5
3CC
330
1F
100
AcDbEntity
  8
0
  6
Continuous
370
    20
100
AcDbPolyline
 90
        2
 70
     0
 43
0.0
 10
-1314.980361316667
 20
-3782.420704911764
 10
-1329.257660266667
 20
-3780.658075411764
  0
LWPOLYLINE
  5
3CD
330
1F
100
AcDbEntity
  8
0
  6
Continuous
370
    20
100
AcDbPolyline
 90
        2
 70
     0
 43
0.0
 10
-1329.257660266667
 20
-3780.658075411764
 10
-1343.358696266667
 20
-3778.307902745098
  0
LWPOLYLINE
  5
3CE
330
1F
100
AcDbEntity
  8
0
  6
Continuous
370
    20
100
AcDbPolyline
 90
        2
 70
     0
 43
0.0
 10
-1343.358696266667
 20
-3778.307902745098
 10
-1357.283469316667
 20
-3774.841398061764
  0
LWPOLYLINE
  5
3CF
330
1F
100
AcDbEntity
  8
0
  6
Continuous
370
    20
100
AcDbPolyline
 90
        2
 70
     0
 43
0.0
 10
-1357.283469316667
 20
-3774.841398061764
 10
-1370.9732251
 20
-3770.611087261765
  0
LWPOLYLINE
  5
3D0
330
1F
100
AcDbEntity
  8
0
  6
Continuous
370
    20
100
AcDbPolyline
 90
        2
 70
     0
 43
0.0
 10
-1370.9732251
 20
-3770.611087261765
 10
-1384.486717933333
 20
-3765.851987611764
  0
LWPOLYLINE
  5
3D1
330
1F
100
AcDbEntity
  8
0
  6
Continuous
370
    20
100
AcDbPolyline
 90
        2
 70
     0
 43
0.0
 10
-1384.486717933333
 20
-3765.851987611764
 10
-1397.706439183334
 20
-3760.387836161764
  0
LWPOLYLINE
  5
3D2
330
1F
100
AcDbEntity
  8
0
  6
Continuous
370
    20
100
AcDbPolyline
 90
        2
 70
     0
 43
0.0
 10
-1397.706439183334
 20
-3760.387836161764
 10
-1457.459579233333
 20
-3904.512174945097
  0
LWPOLYLINE
  5
3D3
330
1F
100
AcDbEntity
  8
0
  6
Continuous
370
    20
100
AcDbPolyline
 90
        2
 70
     0
 43
0.0
 10
-1457.459579233333
 20
-3904.512174945097
 10
-1440.94961625
 20
-3907.567399411765
  0
LWPOLYLINE
  5
3D4
330
1F
100
AcDbEntity
  8
0
  6
Continuous
370
    20
100
AcDbPolyline
 90
        2
 70
     0
 43
0.0
 10
-1440.94961625
 20
-3907.567399411765
 10
-1425.027196433334
 20
-3912.737779278431
  0
LWPOLYLINE
  5
3D5
330
1F
100
AcDbEntity
  8
0
  6
Continuous
370
    20
100
AcDbPolyline
 90
        2
 70
     0
 43
0.0
 10
-1425.027196433334
 20
-3912.737779278431
 10
-1409.692319783333
 20
-3919.435771378431
  0
LWPOLYLINE
  5
3D6
330
1F
100
AcDbEntity
  8
0
  6
Continuous
370
    20
100
AcDbPolyline
 90
        2
 70
     0
 43
0.0
 10
-1409.692319783333
 20
-3919.435771378431
 10
-1395.180003566667
 20
-3927.896392978431
  0
LWPOLYLINE
  5
3D7
330
1F
100
AcDbEntity
  8
0
  6
Continuous
370
    20
100
AcDbPolyline
 90
        2
 70
     0
 43
0.0
 10
-1395.180003566667
 20
-3927.896392978431
 10
-1381.72526505
 20
-3937.767118178431
  0
LWPOLYLINE
  5
3D8
330
1F
100
AcDbEntity
  8
0
  6
Continuous
370
    20
100
AcDbPolyline
 90
        2
 70
     0
 43
0.0
 10
-1381.72526505
 20
-3937.767118178431
 10
-1372.677100283334
 20
-3947.520334745098
  0
LWPOLYLINE
  5
3D9
330
1F
100
AcDbEntity
  8
0
  6
Continuous
370
    20
100
AcDbPolyline
 90
        2
 70
     0
 43
0.0
 10
-1372.677100283334
 20
-3947.520334745098
 10
-1364.686513216667
 20
-3958.154866061764
  0
LWPOLYLINE
  5
3DA
330
1F
100
AcDbEntity
  8
0
  6
Continuous
370
    20
100
AcDbPolyline
 90
        2
 70
     0
 43
0.0
 10
-1364.686513216667
 20
-3958.154866061764
 10
-1357.9297668
 20
-3969.611957811764
  0
LWPOLYLINE
  5
3DB
330
1F
100
AcDbEntity
  8
0
  6
Continuous
370
    20
100
AcDbPolyline
 90
        2
 70
     0
 43
0.0
 10
-1357.9297668
 20
-3969.611957811764
 10
-1353.3469301
 20
-3981.715347045097
  0
LWPOLYLINE
  5
3DC
330
1F
100
AcDbEntity
  8
0
  6
Continuous
370
    20
100
AcDbPolyline
 90
        2
 70
     0
 43
0.0
 10
-1353.3469301
 20
-3981.715347045097
 10
-1350.291705633333
 20
-3994.230016495098
  0
LWPOLYLINE
  5
3DD
330
1F
100
AcDbEntity
  8
0
  6
Continuous
370
    20
100
AcDbPolyline
 90
        2
 70
     0
 43
0.0
 10
-1350.291705633333
 20
-3994.230016495098
 10
-1349.8216711
 20
-4006.920948895098
  0
LWPOLYLINE
  5
3DE
330
1F
100
AcDbEntity
  8
0
  6
Continuous
370
    20
100
AcDbPolyline
 90
        2
 70
     0
 43
0.0
 10
-1349.8216711
 20
-4006.920948895098
 10
-1269.4457659
 20
-4006.920948895098
  0
LWPOLYLINE
  5
3DF
330
1F
100
AcDbEntity
  8
0
  6
Continuous
370
    20
100
AcDbPolyline
 90
        2
 70
     0
 43
0.0
 10
-1269.4457659
 20
-4006.920948895098
 10
-1139.069937216667
 20
-4006.920948895098
  0
LWPOLYLINE
  5
3E0
330
1F
100
AcDbEntity
  8
0
  6
Continuous
370
    20
100
AcDbPolyline
 90
        2
 70
     0
 43
0.0
 10
-1139.069937216667
 20
-4006.920948895098
 10
-1004.287534783333
 20
-4006.920948895098
  0
LWPOLYLINE
  5
3E1
330
1F
100
AcDbEntity
  8
0
  6
Continuous
370
    20
100
AcDbPolyline
 90
        2
 70
     0
 43
0.0
 10
-1004.287534783333
 20
-4006.920948895098
 10
-868.565063283334
 20
-4006.920948895098
  0
LWPOLYLINE
  5
3E2
330
1F
100
AcDbEntity
  8
0
  6
Continuous
370
    20
100
AcDbPolyline
 90
        2
 70
     0
 43
0.0
 10
-868.565063283334
 20
-4006.920948895098
 10
-740.4218986333339
 20
-4006.920948895098
  0
LWPOLYLINE
  5
3E3
330
1F
100
AcDbEntity
  8
0
  6
Continuous
370
    20
100
AcDbPolyline
 90
        2
 70
     0
 43
0.0
 10
-730.5511734333338
 20
-4016.909182728431
 10
-730.5511734333338
 20
-4016.909182728431
  0
LWPOLYLINE
  5
3E4
330
1F
100
AcDbEntity
  8
0
  6
Continuous
370
    20
100
AcDbPolyline
 90
        2
 70
     0
 43
0.0
 10
-730.5511734333338
 20
-4016.909182728431
 10
-729.1998241500005
 20
-3933.654316011764
  0
LWPOLYLINE
  5
3E5
330
1F
100
AcDbEntity
  8
0
  6
Continuous
370
    20
100
AcDbPolyline
 90
        2
 70
     0
 43
0.0
 10
-729.1998241500005
 20
-3933.654316011764
 10
-726.2033540000007
 20
-3848.695574111765
  0
LWPOLYLINE
  5
3E6
330
1F
100
AcDbEntity
  8
0
  6
Continuous
370
    20
100
AcDbPolyline
 90
        2
 70
     0
 43
0.0
 10
-726.2033540000007
 20
-3848.695574111765
 10
-721.4442543500004
 20
-3763.854340845098
  0
LWPOLYLINE
  5
3E7
330
1F
100
AcDbEntity
  8
0
  6
Continuous
370
    20
100
AcDbPolyline
 90
        2
 70
     0
 43
0.0
 10
-721.4442543500004
 20
-3763.854340845098
 10
-715.2750511000006
 20
-3682.009577728431
  0
LWPOLYLINE
  5
3E8
330
1F
100
AcDbEntity
  8
0
  6
Continuous
370
    20
100
AcDbPolyline
 90
        2
 70
     0
 43
0.0
 10
-715.2750511000006
 20
-3682.009577728431
 10
-715.2750511000006
 20
-3682.009577728431
  0
LWPOLYLINE
  5
3E9
330
1F
100
AcDbEntity
  8
0
  6
Continuous
370
    20
100
AcDbPolyline
 90
        2
 70
     0
 43
0.0
 10
-715.2750511000006
 20
-3682.009577728431
 10
-932.5485141333338
 20
-3684.653521978431
  0
LWPOLYLINE
  5
3EA
330
1F
100
AcDbEntity
  8
0
  6
Continuous
370
    20
100
AcDbPolyline
 90
        2
 70
     0
 43
0.0
 10
-932.5485141333338
 20
-3684.653521978431
 10
-1147.589313133334
 20
-3687.238711911764
  0
LWPOLYLINE
  5
3EB
330
1F
100
AcDbEntity
  8
0
  6
Continuous
370
    20
100
AcDbPolyline
 90
        2
 70
     0
 43
0.0
 10
-1147.589313133334
 20
-3687.238711911764
 10
-1147.589313133334
 20
-3687.238711911764
  0
LWPOLYLINE
  5
3EC
330
1F
100
AcDbEntity
  8
0
  6
Continuous
370
    20
100
AcDbPolyline
 90
        2
 70
     0
 43
0.0
 10
-1147.589313133334
 20
-3687.238711911764
 10
-1148.5293822
 20
-3697.050682795098
  0
LWPOLYLINE
  5
3ED
330
1F
100
AcDbEntity
  8
0
  6
Continuous
370
    20
100
AcDbPolyline
 90
        2
 70
     0
 43
0.0
 10
-1148.5293822
 20
-3697.050682795098
 10
-1149.998240116667
 20
-3706.921407995098
  0
LWPOLYLINE
  5
3EE
330
1F
100
AcDbEntity
  8
0
  6
Continuous
370
    20
100
AcDbPolyline
 90
        2
 70
     0
 43
0.0
 10
-1149.998240116667
 20
-3706.921407995098
 10
-1152.700938683334
 20
-3716.439607295098
  0
LWPOLYLINE
  5
3EF
330
1F
100
AcDbEntity
  8
0
  6
Continuous
370
    20
100
AcDbPolyline
 90
        2
 70
     0
 43
0.0
 10
-1152.700938683334
 20
-3716.439607295098
 10
-1157.225021066667
 20
-3725.194000478431
  0
LWPOLYLINE
  5
3F0
330
1F
100
AcDbEntity
  8
0
  6
Continuous
370
    20
100
AcDbPolyline
 90
        2
 70
     0
 43
0.0
 10
-1157.225021066667
 20
-3725.194000478431
 10
-1163.452978633333
 20
-3733.360850495097
  0
LWPOLYLINE
  5
3F1
330
1F
100
AcDbEntity
  8
0
  6
Continuous
370
    20
100
AcDbPolyline
 90
        2
 70
     0
 43
0.0
 10
-1163.452978633333
 20
-3733.360850495097
 10
-1171.561074333334
 20
-3741.410191878431
  0
LWPOLYLINE
  5
3F2
330
1F
100
AcDbEntity
  8
0
  6
Continuous
370
    20
100
AcDbPolyline
 90
        2
 70
     0
 43
0.0
 10
-1171.561074333334
 20
-3741.410191878431
 10
-1180.491730466667
 20
-3748.519464195098
  0
LWPOLYLINE
  5
3F3
330
1F
100
AcDbEntity
  8
0
  6
Continuous
370
    20
100
AcDbPolyline
 90
        2
 70
     0
 43
0.0
 10
-1180.491730466667
 20
-3748.519464195098
 10
-1190.30370135
 20
-3754.277387228431
  0
LWPOLYLINE
  5
3F4
330
1F
100
AcDbEntity
  8
0
  6
Continuous
370
    20
100
AcDbPolyline
 90
        2
 70
     0
 43
0.0
 10
-1190.30370135
 20
-3754.277387228431
 10
-1200.87947835
 20
-3758.918978245098
  0
LWPOLYLINE
  5
3F5
330
1F
100
AcDbEntity
  8
0
  6
Continuous
370
    20
100
AcDbPolyline
 90
        2
 70
     0
 43
0.0
 10
-1200.87947835
 20
-3758.918978245098
 10
-1212.219061466667
 20
-3762.620500195097
  0
LWPOLYLINE
  5
3F6
330
1F
100
AcDbEntity
  8
0
  6
Continuous
370
    20
100
AcDbPolyline
 90
        2
 70
     0
 43
0.0
 10
-1212.219061466667
 20
-3762.620500195097
 10
-1224.028679116667
 20
-3765.793233295097
  0
LWPOLYLINE
  5
3F7
330
1F
100
AcDbEntity
  8
0
  6
Continuous
370
    20
100
AcDbPolyline
 90
        2
 70
     0
 43
0.0
 10
-1224.028679116667
 20
-3765.793233295097
 10
-1235.9558054
 20
-3768.319668911764
  0
LWPOLYLINE
  5
3F8
330
1F
100
AcDbEntity
  8
0
  6
Continuous
370
    20
100
AcDbPolyline
 90
        2
 70
     0
 43
0.0
 10
-1235.9558054
 20
-3768.319668911764
 10
-1248.11794895
 20
-3770.376069995097
  0
LWPOLYLINE
  5
3F9
330
1F
100
AcDbEntity
  8
0
  6
Continuous
370
    20
100
AcDbPolyline
 90
        2
 70
     0
 43
0.0
 10
-1248.11794895
 20
-3770.376069995097
 10
-1260.45635545
 20
-3772.021190861765
  0
LWPOLYLINE
  5
3FA
330
1F
100
AcDbEntity
  8
0
  6
Continuous
370
    20
100
AcDbPolyline
 90
        2
 70
     0
 43
0.0
 10
-1260.45635545
 20
-3772.021190861765
 10
-1272.383481733333
 20
-3773.313785828431
  0
LWPOLYLINE
  5
3FB
330
1F
100
AcDbEntity
  8
0
  6
Continuous
370
    20
100
AcDbPolyline
 90
        2
 70
     0
 43
0.0
 10
-1272.383481733333
 20
-3773.313785828431
 10
-1272.383481733333
 20
-3773.313785828431
  0
LWPOLYLINE
  5
3FC
330
1F
100
AcDbEntity
  8
0
  6
Continuous
370
    20
100
AcDbPolyline
 90
        2
 70
     0
 43
0.0
 10
-1272.383481733333
 20
-3773.313785828431
 10
-1286.131991833333
 20
-3773.548803095098
  0
LWPOLYLINE
  5
3FD
330
1F
100
AcDbEntity
  8
0
  6
Continuous
370
    20
100
AcDbPolyline
 90
        2
 70
     0
 43
0.0
 10
-1286.131991833333
 20
-3773.548803095098
 10
-1300.174273516667
 20
-3773.313785828431
  0
LWPOLYLINE
  5
3FE
330
1F
100
AcDbEntity
  8
0
  6
Continuous
370
    20
100
AcDbPolyline
 90
        2
 70
     0
 43
0.0
 10
-1300.174273516667
 20
-3773.313785828431
 10
-1314.04029225
 20
-3772.491225395098
  0
LWPOLYLINE
  5
3FF
330
1F
100
AcDbEntity
  8
0
  6
Continuous
370
    20
100
AcDbPolyline
 90
        2
 70
     0
 43
0.0
 10
-1314.04029225
 20
-3772.491225395098
 10
-1327.78880235
 20
-3770.787350211764
  0
LWPOLYLINE
  5
400
330
1F
100
AcDbEntity
  8
0
  6
Continuous
370
    20
100
AcDbPolyline
 90
        2
 70
     0
 43
0.0
 10
-1327.78880235
 20
-3770.787350211764
 10
-1341.3610495
 20
-3768.495931861765
  0
LWPOLYLINE
  5
401
330
1F
100
AcDbEntity
  8
0
  6
Continuous
370
    20
100
AcDbPolyline
 90
        2
 70
     0
 43
0.0
 10
-1341.3610495
 20
-3768.495931861765
 10
-1354.639525066667
 20
-3765.205690128431
  0
LWPOLYLINE
  5
402
330
1F
100
AcDbEntity
  8
0
  6
Continuous
370
    20
100
AcDbPolyline
 90
        2
 70
     0
 43
0.0
 10
-1354.639525066667
 20
-3765.205690128431
 10
-1367.859246316667
 20
-3761.151642278431
  0
LWPOLYLINE
  5
403
330
1F
100
AcDbEntity
  8
0
  6
Continuous
370
    20
100
AcDbPolyline
 90
        2
 70
     0
 43
0.0
 10
-1367.859246316667
 20
-3761.151642278431
 10
-1380.961458933334
 20
-3756.451296945098
  0
LWPOLYLINE
  5
404
330
1F
100
AcDbEntity
  8
0
  6
Continuous
370
    20
100
AcDbPolyline
 90
        2
 70
     0
 43
0.0
 10
-1380.961458933334
 20
-3756.451296945098
 10
-1393.8874086
 20
-3751.163408445098
  0
LWPOLYLINE
  5
405
330
1F
100
AcDbEntity
  8
0
  6
Continuous
370
    20
100
AcDbPolyline
 90
        2
 70
     0
 43
0.0
 10
-1393.8874086
 20
-3751.163408445098
 10
-1393.8874086
 20
-3751.163408445098
  0
LWPOLYLINE
  5
406
330
1F
100
AcDbEntity
  8
0
  6
Continuous
370
    20
100
AcDbPolyline
 90
        2
 70
     0
 43
0.0
 10
-1393.8874086
 20
-3751.163408445098
 10
-1403.111836316667
 20
-3747.344377861764
  0
LWPOLYLINE
  5
407
330
1F
100
AcDbEntity
  8
0
  6
Continuous
370
    20
100
AcDbPolyline
 90
        2
 70
     0
 43
0.0
 10
-1403.111836316667
 20
-3747.344377861764
 10
-1403.111836316667
 20
-3747.344377861764
  0
LWPOLYLINE
  5
408
330
1F
100
AcDbEntity
  8
0
  6
Continuous
370
    20
100
AcDbPolyline
 90
        2
 70
     0
 43
0.0
 10
-1403.111836316667
 20
-3747.344377861764
 10
-1470.561791849999
 20
-3910.093835028431
  0
LWPOLYLINE
  5
409
330
1F
100
AcDbEntity
  8
0
  6
Continuous
370
    20
100
AcDbPolyline
 90
        2
 70
     0
 43
0.0
 10
-1470.561791849999
 20
-3910.093835028431
 10
-1470.561791849999
 20
-3910.093835028431
  0
LWPOLYLINE
  5
40A
330
1F
100
AcDbEntity
  8
0
  6
Continuous
370
    20
100
AcDbPolyline
 90
        2
 70
     0
 43
0.0
 10
-1470.561791849999
 20
-3910.093835028431
 10
-1461.337364133334
 20
-3913.912865611765
  0
LWPOLYLINE
  5
40B
330
1F
100
AcDbEntity
  8
0
  6
Continuous
370
    20
100
AcDbPolyline
 90
        2
 70
     0
 43
0.0
 10
-1461.337364133334
 20
-3913.912865611765
 10
-1461.337364133334
 20
-3913.912865611765
  0
LWPOLYLINE
  5
40C
330
1F
100
AcDbEntity
  8
0
  6
Continuous
370
    20
100
AcDbPolyline
 90
        2
 70
     0
 43
0.0
 10
-1461.337364133334
 20
-3913.912865611765
 10
-1443.476051866667
 20
-3917.320615978431
  0
LWPOLYLINE
  5
40D
330
1F
100
AcDbEntity
  8
0
  6
Continuous
370
    20
100
AcDbPolyline
 90
        2
 70
     0
 43
0.0
 10
-1443.476051866667
 20
-3917.320615978431
 10
-1428.552455433333
 20
-3922.138469945098
  0
LWPOLYLINE
  5
40E
330
1F
100
AcDbEntity
  8
0
  6
Continuous
370
    20
100
AcDbPolyline
 90
        2
 70
     0
 43
0.0
 10
-1428.552455433333
 20
-3922.138469945098
 10
-1414.216402166666
 20
-3928.366427511764
  0
LWPOLYLINE
  5
40F
330
1F
100
AcDbEntity
  8
0
  6
Continuous
370
    20
100
AcDbPolyline
 90
        2
 70
     0
 43
0.0
 10
-1414.216402166666
 20
-3928.366427511764
 10
-1400.644155016667
 20
-3936.239505945098
  0
LWPOLYLINE
  5
410
330
1F
100
AcDbEntity
  8
0
  6
Continuous
370
    20
100
AcDbPolyline
 90
        2
 70
     0
 43
0.0
 10
-1400.644155016667
 20
-3936.239505945098
 10
-1394.298688816667
 20
-3940.587325378431
  0
LWPOLYLINE
  5
411
330
1F
100
AcDbEntity
  8
0
  6
Continuous
370
    20
100
AcDbPolyline
 90
        2
 70
     0
 43
0.0
 10
-1394.298688816667
 20
-3940.587325378431
 10
-1388.364502833334
 20
-3945.287670711764
  0
LWPOLYLINE
  5
412
330
1F
100
AcDbEntity
  8
0
  6
Continuous
370
    20
100
AcDbPolyline
 90
        2
 70
     0
 43
0.0
 10
-1388.364502833334
 20
-3945.287670711764
 10
-1380.256407133333
 20
-3953.924555261764
  0
LWPOLYLINE
  5
413
330
1F
100
AcDbEntity
  8
0
  6
Continuous
370
    20
100
AcDbPolyline
 90
        2
 70
     0
 43
0.0
 10
-1380.256407133333
 20
-3953.924555261764
 10
-1372.970871866667
 20
-3963.736526145098
  0
LWPOLYLINE
  5
414
330
1F
100
AcDbEntity
  8
0
  6
Continuous
370
    20
100
AcDbPolyline
 90
        2
 70
     0
 43
0.0
 10
-1372.970871866667
 20
-3963.736526145098
 10
-1366.977931566667
 20
-3974.018531561764
  0
LWPOLYLINE
  5
415
330
1F
100
AcDbEntity
  8
0
  6
Continuous
370
    20
100
AcDbPolyline
 90
        2
 70
     0
 43
0.0
 10
-1366.977931566667
 20
-3974.018531561764
 10
-1362.923883716667
 20
-3984.653062878431
  0
LWPOLYLINE
  5
416
330
1F
100
AcDbEntity
  8
0
  6
Continuous
370
    20
100
AcDbPolyline
 90
        2
 70
     0
 43
0.0
 10
-1362.923883716667
 20
-3984.653062878431
 10
-1360.279939466667
 20
-3995.640120095098
  0
LWPOLYLINE
  5
417
330
1F
100
AcDbEntity
  8
0
  6
Continuous
370
    20
100
AcDbPolyline
 90
        2
 70
     0
 43
0.0
 10
-1360.279939466667
 20
-3995.640120095098
 10
-1359.51613335
 20
-4002.690638095097
  0
LWPOLYLINE
  5
418
330
1F
100
AcDbEntity
  8
0
  6
Continuous
370
    20
100
AcDbPolyline
 90
        2
 70
     0
 43
0.0
 10
-1359.51613335
 20
-4002.690638095097
 10
-1359.281116083333
 20
-4009.799910411764
  0
LWPOLYLINE
  5
419
330
1F
100
AcDbEntity
  8
0
  6
Continuous
370
    20
100
AcDbPolyline
 90
        2
 70
     0
 43
0.0
 10
-1359.281116083333
 20
-4009.799910411764
 10
-1359.398624716667
 20
-4016.909182728431
  0
LWPOLYLINE
  5
41A
330
1F
100
AcDbEntity
  8
0
  6
Continuous
370
    20
100
AcDbPolyline
 90
        2
 70
     0
 43
0.0
 10
-1359.398624716667
 20
-4016.909182728431
 10
-1359.398624716667
 20
-4016.909182728431
  0
LWPOLYLINE
  5
41B
330
1F
100
AcDbEntity
  8
0
  6
Continuous
370
    20
100
AcDbPolyline
 90
        2
 70
     0
 43
0.0
 10
-1359.398624716667
 20
-4016.909182728431
 10
-1269.4457659
 20
-4016.909182728431
  0
LWPOLYLINE
  5
41C
330
1F
100
AcDbEntity
  8
0
  6
Continuous
370
    20
100
AcDbPolyline
 90
        2
 70
     0
 43
0.0
 10
-1269.4457659
 20
-4016.909182728431
 10
-1269.4457659
 20
-4016.909182728431
  0
LWPOLYLINE
  5
41D
330
1F
100
AcDbEntity
  8
0
  6
Continuous
370
    20
100
AcDbPolyline
 90
        2
 70
     0
 43
0.0
 10
-1269.4457659
 20
-4016.909182728431
 10
-1139.069937216667
 20
-4016.909182728431
  0
LWPOLYLINE
  5
41E
330
1F
100
AcDbEntity
  8
0
  6
Continuous
370
    20
100
AcDbPolyline
 90
        2
 70
     0
 43
0.0
 10
-1139.069937216667
 20
-4016.909182728431
 10
-1139.069937216667
 20
-4016.909182728431
  0
LWPOLYLINE
  5
41F
330
1F
100
AcDbEntity
  8
0
  6
Continuous
370
    20
100
AcDbPolyline
 90
        2
 70
     0
 43
0.0
 10
-1139.069937216667
 20
-4016.909182728431
 10
-1004.287534783333
 20
-4016.909182728431
  0
LWPOLYLINE
  5
420
330
1F
100
AcDbEntity
  8
0
  6
Continuous
370
    20
100
AcDbPolyline
 90
        2
 70
     0
 43
0.0
 10
-1004.287534783333
 20
-4016.909182728431
 10
-1004.287534783333
 20
-4016.909182728431
  0
LWPOLYLINE
  5
421
330
1F
100
AcDbEntity
  8
0
  6
Continuous
370
    20
100
AcDbPolyline
 90
        2
 70
     0
 43
0.0
 10
-1004.287534783333
 20
-4016.909182728431
 10
-868.565063283334
 20
-4016.909182728431
  0
LWPOLYLINE
  5
422
330
1F
100
AcDbEntity
  8
0
  6
Continuous
370
    20
100
AcDbPolyline
 90
        2
 70
     0
 43
0.0
 10
-868.565063283334
 20
-4016.909182728431
 10
-868.565063283334
 20
-4016.909182728431
  0
LWPOLYLINE
  5
423
330
1F
100
AcDbEntity
  8
0
  6
Continuous
370
    20
100
AcDbPolyline
 90
        2
 70
     0
 43
0.0
 10
-868.565063283334
 20
-4016.909182728431
 10
-730.5511734333338
 20
-4016.909182728431
  0
LWPOLYLINE
  5
424
330
1F
100
AcDbEntity
  8
0
  6
Continuous
370
    20
100
AcDbPolyline
 90
        2
 70
     0
 43
0.0
 10
-782.3724807333337
 20
-3865.029274145097
 10
-782.3724807333337
 20
-3865.029274145097
  0
LWPOLYLINE
  5
425
330
1F
100
AcDbEntity
  8
0
  6
Continuous
370
    20
100
AcDbPolyline
 90
        2
 70
     0
 43
0.0
 10
-782.3724807333337
 20
-3865.029274145097
 10
-1391.889761833333
 20
-3865.029274145097
  0
LWPOLYLINE
  5
426
330
1F
100
AcDbEntity
  8
0
  6
Continuous
370
    20
100
AcDbPolyline
 90
        2
 70
     0
 43
0.0
 10
-932.5485141333338
 20
-3684.653521978431
 10
-932.3722511833338
 20
-3694.641755811764
  0
LWPOLYLINE
  5
427
330
1F
100
AcDbEntity
  8
0
  6
Continuous
370
    20
100
AcDbPolyline
 90
        2
 70
     0
 43
0.0
 10
-927.3781342666671
 20
-3694.641755811764
 10
-937.4251224166672
 20
-3694.700510128431
  0
LWPOLYLINE
  5
428
330
1F
100
AcDbEntity
  8
0
  6
Continuous
370
    20
100
AcDbPolyline
 90
        2
 70
     0
 43
0.0
 10
-1272.383481733333
 20
-3773.313785828431
 10
-1271.73718425
 20
-3783.302019661764
  0
LWPOLYLINE
  5
429
330
1F
100
AcDbEntity
  8
0
  6
Continuous
370
    20
100
AcDbPolyline
 90
        2
 70
     0
 43
0.0
 10
-1266.743067333333
 20
-3783.067002395098
 10
-1276.731301166667
 20
-3783.654545561764
  0
LWPOLYLINE
  5
42A
330
1F
100
AcDbEntity
  8
0
  6
Continuous
370
    20
100
AcDbPolyline
 90
        2
 70
     0
 43
0.0
 10
-1269.4457659
 20
-4016.909182728431
 10
-1269.4457659
 20
-4006.920948895098
  0
LWPOLYLINE
  5
42B
330
1F
100
AcDbEntity
  8
0
  6
Continuous
370
    20
100
AcDbPolyline
 90
        2
 70
     0
 43
0.0
 10
-1274.439882816666
 20
-4006.920948895098
 10
-1264.451648983334
 20
-4006.920948895098
  0
LWPOLYLINE
  5
42C
330
1F
100
AcDbEntity
  8
0
  6
Continuous
370
    20
100
AcDbPolyline
 90
        2
 70
     0
 43
0.0
 10
-1139.069937216667
 20
-4016.909182728431
 10
-1139.069937216667
 20
-4006.920948895098
  0
LWPOLYLINE
  5
42D
330
1F
100
AcDbEntity
  8
0
  6
Continuous
370
    20
100
AcDbPolyline
 90
        2
 70
     0
 43
0.0
 10
-1144.064054133334
 20
-4006.920948895098
 10
-1134.0758203
 20
-4006.920948895098
  0
LWPOLYLINE
  5
42E
330
1F
100
AcDbEntity
  8
0
  6
Continuous
370
    20
100
AcDbPolyline
 90
        2
 70
     0
 43
0.0
 10
-1004.287534783333
 20
-4016.909182728431
 10
-1004.287534783333
 20
-4006.920948895098
  0
LWPOLYLINE
  5
42F
330
1F
100
AcDbEntity
  8
0
  6
Continuous
370
    20
100
AcDbPolyline
 90
        2
 70
     0
 43
0.0
 10
-1009.340406016667
 20
-4006.920948895098
 10
-999.293417866667
 20
-4006.920948895098
  0
LWPOLYLINE
  5
430
330
1F
100
AcDbEntity
  8
0
  6
Continuous
370
    20
100
AcDbPolyline
 90
        2
 70
     0
 43
0.0
 10
-868.565063283334
 20
-4016.909182728431
 10
-868.565063283334
 20
-4006.920948895098
  0
LWPOLYLINE
  5
431
330
1F
100
AcDbEntity
  8
0
  6
Continuous
370
    20
100
AcDbPolyline
 90
        2
 70
     0
 43
0.0
 10
-873.5591802000003
 20
-4006.920948895098
 10
-863.5709463666671
 20
-4006.920948895098
  0
LWPOLYLINE
  5
432
330
1F
100
AcDbEntity
  8
0
  6
Continuous
370
    20
100
AcDbPolyline
 90
        2
 70
     0
 43
0.0
 10
-740.4218986333339
 20
-4045.463780628431
 10
-868.565063283334
 20
-4045.463780628431
  0
LWPOLYLINE
  5
433
330
1F
100
AcDbEntity
  8
0
  6
Continuous
370
    20
100
AcDbPolyline
 90
        2
 70
     0
 43
0.0
 10
-868.565063283334
 20
-4045.463780628431
 10
-1004.287534783333
 20
-4045.463780628431
  0
LWPOLYLINE
  5
434
330
1F
100
AcDbEntity
  8
0
  6
Continuous
370
    20
100
AcDbPolyline
 90
        2
 70
     0
 43
0.0
 10
-1004.287534783333
 20
-4045.463780628431
 10
-1139.069937216667
 20
-4045.463780628431
  0
LWPOLYLINE
  5
435
330
1F
100
AcDbEntity
  8
0
  6
Continuous
370
    20
100
AcDbPolyline
 90
        2
 70
     0
 43
0.0
 10
-1139.069937216667
 20
-4045.463780628431
 10
-1269.4457659
 20
-4045.463780628431
  0
LWPOLYLINE
  5
436
330
1F
100
AcDbEntity
  8
0
  6
Continuous
370
    20
100
AcDbPolyline
 90
        2
 70
     0
 43
0.0
 10
-1269.4457659
 20
-4045.463780628431
 10
-1349.8216711
 20
-4045.463780628431
  0
LWPOLYLINE
  5
437
330
1F
100
AcDbEntity
  8
0
  6
Continuous
370
    20
100
AcDbPolyline
 90
        2
 70
     0
 43
0.0
 10
-1349.8216711
 20
-4045.463780628431
 10
-1350.291705633333
 20
-4058.154713028431
  0
LWPOLYLINE
  5
438
330
1F
100
AcDbEntity
  8
0
  6
Continuous
370
    20
100
AcDbPolyline
 90
        2
 70
     0
 43
0.0
 10
-1350.291705633333
 20
-4058.154713028431
 10
-1353.3469301
 20
-4070.728136795097
  0
LWPOLYLINE
  5
439
330
1F
100
AcDbEntity
  8
0
  6
Continuous
370
    20
100
AcDbPolyline
 90
        2
 70
     0
 43
0.0
 10
-1353.3469301
 20
-4070.728136795097
 10
-1357.9297668
 20
-4082.772771711765
  0
LWPOLYLINE
  5
43A
330
1F
100
AcDbEntity
  8
0
  6
Continuous
370
    20
100
AcDbPolyline
 90
        2
 70
     0
 43
0.0
 10
-1357.9297668
 20
-4082.772771711765
 10
-1364.686513216667
 20
-4094.229863461765
  0
LWPOLYLINE
  5
43B
330
1F
100
AcDbEntity
  8
0
  6
Continuous
370
    20
100
AcDbPolyline
 90
        2
 70
     0
 43
0.0
 10
-1364.686513216667
 20
-4094.229863461765
 10
-1372.677100283334
 20
-4104.864394778431
  0
LWPOLYLINE
  5
43C
330
1F
100
AcDbEntity
  8
0
  6
Continuous
370
    20
100
AcDbPolyline
 90
        2
 70
     0
 43
0.0
 10
-1372.677100283334
 20
-4104.864394778431
 10
-1381.72526505
 20
-4114.617611345098
  0
LWPOLYLINE
  5
43D
330
1F
100
AcDbEntity
  8
0
  6
Continuous
370
    20
100
AcDbPolyline
 90
        2
 70
     0
 43
0.0
 10
-1381.72526505
 20
-4114.617611345098
 10
-1395.180003566667
 20
-4124.488336545097
  0
LWPOLYLINE
  5
43E
330
1F
100
AcDbEntity
  8
0
  6
Continuous
370
    20
100
AcDbPolyline
 90
        2
 70
     0
 43
0.0
 10
-1395.180003566667
 20
-4124.488336545097
 10
-1409.692319783333
 20
-4132.948958145098
  0
LWPOLYLINE
  5
43F
330
1F
100
AcDbEntity
  8
0
  6
Continuous
370
    20
100
AcDbPolyline
 90
        2
 70
     0
 43
0.0
 10
-1409.692319783333
 20
-4132.948958145098
 10
-1425.027196433334
 20
-4139.646950245098
  0
LWPOLYLINE
  5
440
330
1F
100
AcDbEntity
  8
0
  6
Continuous
370
    20
100
AcDbPolyline
 90
        2
 70
     0
 43
0.0
 10
-1425.027196433334
 20
-4139.646950245098
 10
-1440.94961625
 20
-4144.817330111764
  0
LWPOLYLINE
  5
441
330
1F
100
AcDbEntity
  8
0
  6
Continuous
370
    20
100
AcDbPolyline
 90
        2
 70
     0
 43
0.0
 10
-1440.94961625
 20
-4144.817330111764
 10
-1457.459579233333
 20
-4147.931308895097
  0
LWPOLYLINE
  5
442
330
1F
100
AcDbEntity
  8
0
  6
Continuous
370
    20
100
AcDbPolyline
 90
        2
 70
     0
 43
0.0
 10
-1457.459579233333
 20
-4147.931308895097
 10
-1397.706439183334
 20
-4292.055647678431
  0
LWPOLYLINE
  5
443
330
1F
100
AcDbEntity
  8
0
  6
Continuous
370
    20
100
AcDbPolyline
 90
        2
 70
     0
 43
0.0
 10
-1397.706439183334
 20
-4292.055647678431
 10
-1384.486717933333
 20
-4286.591496228431
  0
LWPOLYLINE
  5
444
330
1F
100
AcDbEntity
  8
0
  6
Continuous
370
    20
100
AcDbPolyline
 90
        2
 70
     0
 43
0.0
 10
-1384.486717933333
 20
-4286.591496228431
 10
-1370.9732251
 20
-4281.773642261764
  0
LWPOLYLINE
  5
445
330
1F
100
AcDbEntity
  8
0
  6
Continuous
370
    20
100
AcDbPolyline
 90
        2
 70
     0
 43
0.0
 10
-1370.9732251
 20
-4281.773642261764
 10
-1357.283469316667
 20
-4277.543331461765
  0
LWPOLYLINE
  5
446
330
1F
100
AcDbEntity
  8
0
  6
Continuous
370
    20
100
AcDbPolyline
 90
        2
 70
     0
 43
0.0
 10
-1357.283469316667
 20
-4277.543331461765
 10
-1343.358696266667
 20
-4274.076826778432
  0
LWPOLYLINE
  5
447
330
1F
100
AcDbEntity
  8
0
  6
Continuous
370
    20
100
AcDbPolyline
 90
        2
 70
     0
 43
0.0
 10
-1343.358696266667
 20
-4274.076826778432
 10
-1329.257660266667
 20
-4271.726654111764
  0
LWPOLYLINE
  5
448
330
1F
100
AcDbEntity
  8
0
  6
Continuous
370
    20
100
AcDbPolyline
 90
        2
 70
     0
 43
0.0
 10
-1329.257660266667
 20
-4271.726654111764
 10
-1314.980361316667
 20
-4269.964024611764
  0
LWPOLYLINE
  5
449
330
1F
100
AcDbEntity
  8
0
  6
Continuous
370
    20
100
AcDbPolyline
 90
        2
 70
     0
 43
0.0
 10
-1314.980361316667
 20
-4269.964024611764
 10
-1300.585553733333
 20
-4269.082709861764
  0
LWPOLYLINE
  5
44A
330
1F
100
AcDbEntity
  8
0
  6
Continuous
370
    20
100
AcDbPolyline
 90
        2
 70
     0
 43
0.0
 10
-1300.585553733333
 20
-4269.082709861764
 10
-1286.19074615
 20
-4268.847692595097
  0
LWPOLYLINE
  5
44B
330
1F
100
AcDbEntity
  8
0
  6
Continuous
370
    20
100
AcDbPolyline
 90
        2
 70
     0
 43
0.0
 10
-1286.19074615
 20
-4268.847692595097
 10
-1271.73718425
 20
-4269.082709861764
  0
LWPOLYLINE
  5
44C
330
1F
100
AcDbEntity
  8
0
  6
Continuous
370
    20
100
AcDbPolyline
 90
        2
 70
     0
 43
0.0
 10
-1271.73718425
 20
-4269.082709861764
 10
-1259.105006166667
 20
-4270.434059145098
  0
LWPOLYLINE
  5
44D
330
1F
100
AcDbEntity
  8
0
  6
Continuous
370
    20
100
AcDbPolyline
 90
        2
 70
     0
 43
0.0
 10
-1259.105006166667
 20
-4270.434059145098
 10
-1246.590336716667
 20
-4272.137934328432
  0
LWPOLYLINE
  5
44E
330
1F
100
AcDbEntity
  8
0
  6
Continuous
370
    20
100
AcDbPolyline
 90
        2
 70
     0
 43
0.0
 10
-1246.590336716667
 20
-4272.137934328432
 10
-1234.075667266667
 20
-4274.253089728431
  0
LWPOLYLINE
  5
44F
330
1F
100
AcDbEntity
  8
0
  6
Continuous
370
    20
100
AcDbPolyline
 90
        2
 70
     0
 43
0.0
 10
-1234.075667266667
 20
-4274.253089728431
 10
-1221.619752133334
 20
-4276.897033978431
  0
LWPOLYLINE
  5
450
330
1F
100
AcDbEntity
  8
0
  6
Continuous
370
    20
100
AcDbPolyline
 90
        2
 70
     0
 43
0.0
 10
-1221.619752133334
 20
-4276.897033978431
 10
-1209.34009995
 20
-4280.128521395098
  0
LWPOLYLINE
  5
451
330
1F
100
AcDbEntity
  8
0
  6
Continuous
370
    20
100
AcDbPolyline
 90
        2
 70
     0
 43
0.0
 10
-1209.34009995
 20
-4280.128521395098
 10
-1197.35421935
 20
-4284.182569245097
  0
LWPOLYLINE
  5
452
330
1F
100
AcDbEntity
  8
0
  6
Continuous
370
    20
100
AcDbPolyline
 90
        2
 70
     0
 43
0.0
 10
-1197.35421935
 20
-4284.182569245097
 10
-1185.779618966667
 20
-4289.176686161765
  0
LWPOLYLINE
  5
453
330
1F
100
AcDbEntity
  8
0
  6
Continuous
370
    20
100
AcDbPolyline
 90
        2
 70
     0
 43
0.0
 10
-1185.779618966667
 20
-4289.176686161765
 10
-1174.851316066667
 20
-4295.639660995098
  0
LWPOLYLINE
  5
454
330
1F
100
AcDbEntity
  8
0
  6
Continuous
370
    20
100
AcDbPolyline
 90
        2
 70
     0
 43
0.0
 10
-1174.851316066667
 20
-4295.639660995098
 10
-1164.863082233333
 20
-4303.51273942843
  0
LWPOLYLINE
  5
455
330
1F
100
AcDbEntity
  8
0
  6
Continuous
370
    20
100
AcDbPolyline
 90
        2
 70
     0
 43
0.0
 10
-1164.863082233333
 20
-4303.51273942843
 10
-1155.873671783333
 20
-4312.443395561763
  0
LWPOLYLINE
  5
456
330
1F
100
AcDbEntity
  8
0
  6
Continuous
370
    20
100
AcDbPolyline
 90
        2
 70
     0
 43
0.0
 10
-1155.873671783333
 20
-4312.443395561763
 10
-1148.764399466667
 20
-4321.785331911764
  0
LWPOLYLINE
  5
457
330
1F
100
AcDbEntity
  8
0
  6
Continuous
370
    20
100
AcDbPolyline
 90
        2
 70
     0
 43
0.0
 10
-1148.764399466667
 20
-4321.785331911764
 10
-1143.359002333334
 20
-4332.243600278431
  0
LWPOLYLINE
  5
458
330
1F
100
AcDbEntity
  8
0
  6
Continuous
370
    20
100
AcDbPolyline
 90
        2
 70
     0
 43
0.0
 10
-1143.359002333334
 20
-4332.243600278431
 10
-1140.186269233333
 20
-4343.583183395097
  0
LWPOLYLINE
  5
459
330
1F
100
AcDbEntity
  8
0
  6
Continuous
370
    20
100
AcDbPolyline
 90
        2
 70
     0
 43
0.0
 10
-1140.186269233333
 20
-4343.583183395097
 10
-1138.717411316667
 20
-4355.216538095098
  0
LWPOLYLINE
  5
45A
330
1F
100
AcDbEntity
  8
0
  6
Continuous
370
    20
100
AcDbPolyline
 90
        2
 70
     0
 43
0.0
 10
-1138.717411316667
 20
-4355.216538095098
 10
-932.3722511833338
 20
-4357.742973711764
  0
LWPOLYLINE
  5
45B
330
1F
100
AcDbEntity
  8
0
  6
Continuous
370
    20
100
AcDbPolyline
 90
        2
 70
     0
 43
0.0
 10
-932.3722511833338
 20
-4357.742973711764
 10
-726.0858453666673
 20
-4360.210655011764
  0
LWPOLYLINE
  5
45C
330
1F
100
AcDbEntity
  8
0
  6
Continuous
370
    20
100
AcDbPolyline
 90
        2
 70
     0
 43
0.0
 10
-726.0858453666673
 20
-4360.210655011764
 10
-731.4324881833337
 20
-4289.235440478431
  0
LWPOLYLINE
  5
45D
330
1F
100
AcDbEntity
  8
0
  6
Continuous
370
    20
100
AcDbPolyline
 90
        2
 70
     0
 43
0.0
 10
-731.4324881833337
 20
-4289.235440478431
 10
-736.1915878333339
 20
-4204.217944261764
  0
LWPOLYLINE
  5
45E
330
1F
100
AcDbEntity
  8
0
  6
Continuous
370
    20
100
AcDbPolyline
 90
        2
 70
     0
 43
0.0
 10
-736.1915878333339
 20
-4204.217944261764
 10
-739.1880579833339
 20
-4119.024185095098
  0
LWPOLYLINE
  5
45F
330
1F
100
AcDbEntity
  8
0
  6
Continuous
370
    20
100
AcDbPolyline
 90
        2
 70
     0
 43
0.0
 10
-739.1880579833339
 20
-4119.024185095098
 10
-740.4218986333339
 20
-4045.463780628431
  0
LWPOLYLINE
  5
460
330
1F
100
AcDbEntity
  8
0
  6
Continuous
370
    20
100
AcDbPolyline
 90
        2
 70
     0
 43
0.0
 10
-730.5511734333338
 20
-4035.475546795098
 10
-730.5511734333338
 20
-4035.475546795098
  0
LWPOLYLINE
  5
461
330
1F
100
AcDbEntity
  8
0
  6
Continuous
370
    20
100
AcDbPolyline
 90
        2
 70
     0
 43
0.0
 10
-730.5511734333338
 20
-4035.475546795098
 10
-868.565063283334
 20
-4035.475546795098
  0
LWPOLYLINE
  5
462
330
1F
100
AcDbEntity
  8
0
  6
Continuous
370
    20
100
AcDbPolyline
 90
        2
 70
     0
 43
0.0
 10
-868.565063283334
 20
-4035.475546795098
 10
-868.565063283334
 20
-4035.475546795098
  0
LWPOLYLINE
  5
463
330
1F
100
AcDbEntity
  8
0
  6
Continuous
370
    20
100
AcDbPolyline
 90
        2
 70
     0
 43
0.0
 10
-868.565063283334
 20
-4035.475546795098
 10
-1004.287534783333
 20
-4035.475546795098
  0
LWPOLYLINE
  5
464
330
1F
100
AcDbEntity
  8
0
  6
Continuous
370
    20
100
AcDbPolyline
 90
        2
 70
     0
 43
0.0
 10
-1004.287534783333
 20
-4035.475546795098
 10
-1004.287534783333
 20
-4035.475546795098
  0
LWPOLYLINE
  5
465
330
1F
100
AcDbEntity
  8
0
  6
Continuous
370
    20
100
AcDbPolyline
 90
        2
 70
     0
 43
0.0
 10
-1004.287534783333
 20
-4035.475546795098
 10
-1139.069937216667
 20
-4035.475546795098
  0
LWPOLYLINE
  5
466
330
1F
100
AcDbEntity
  8
0
  6
Continuous
370
    20
100
AcDbPolyline
 90
        2
 70
     0
 43
0.0
 10
-1139.069937216667
 20
-4035.475546795098
 10
-1139.069937216667
 20
-4035.475546795098
  0
LWPOLYLINE
  5
467
330
1F
100
AcDbEntity
  8
0
  6
Continuous
370
    20
100
AcDbPolyline
 90
        2
 70
     0
 43
0.0
 10
-1139.069937216667
 20
-4035.475546795098
 10
-1269.4457659
 20
-4035.475546795098
  0
LWPOLYLINE
  5
468
330
1F
100
AcDbEntity
  8
0
  6
Continuous
370
    20
100
AcDbPolyline
 90
        2
 70
     0
 43
0.0
 10
-1269.4457659
 20
-4035.475546795098
 10
-1269.4457659
 20
-4035.475546795098
  0
LWPOLYLINE
  5
469
330
1F
100
AcDbEntity
  8
0
  6
Continuous
370
    20
100
AcDbPolyline
 90
        2
 70
     0
 43
0.0
 10
-1269.4457659
 20
-4035.475546795098
 10
-1359.398624716667
 20
-4035.475546795098
  0
LWPOLYLINE
  5
46A
330
1F
100
AcDbEntity
  8
0
  6
Continuous
370
    20
100
AcDbPolyline
 90
        2
 70
     0
 43
0.0
 10
-1359.398624716667
 20
-4035.475546795098
 10
-1359.398624716667
 20
-4035.475546795098
  0
LWPOLYLINE
  5
46B
330
1F
100
AcDbEntity
  8
0
  6
Continuous
370
    20
100
AcDbPolyline
 90
        2
 70
     0
 43
0.0
 10
-1359.398624716667
 20
-4035.475546795098
 10
-1359.398624716667
 20
-4046.16883242843
  0
LWPOLYLINE
  5
46C
330
1F
100
AcDbEntity
  8
0
  6
Continuous
370
    20
100
AcDbPolyline
 90
        2
 70
     0
 43
0.0
 10
-1359.398624716667
 20
-4046.16883242843
 10
-1360.279939466667
 20
-4056.803363745097
  0
LWPOLYLINE
  5
46D
330
1F
100
AcDbEntity
  8
0
  6
Continuous
370
    20
100
AcDbPolyline
 90
        2
 70
     0
 43
0.0
 10
-1360.279939466667
 20
-4056.803363745097
 10
-1362.923883716667
 20
-4067.731666645097
  0
LWPOLYLINE
  5
46E
330
1F
100
AcDbEntity
  8
0
  6
Continuous
370
    20
100
AcDbPolyline
 90
        2
 70
     0
 43
0.0
 10
-1362.923883716667
 20
-4067.731666645097
 10
-1366.977931566667
 20
-4078.483706595098
  0
LWPOLYLINE
  5
46F
330
1F
100
AcDbEntity
  8
0
  6
Continuous
370
    20
100
AcDbPolyline
 90
        2
 70
     0
 43
0.0
 10
-1366.977931566667
 20
-4078.483706595098
 10
-1372.970871866667
 20
-4088.706957695097
  0
LWPOLYLINE
  5
470
330
1F
100
AcDbEntity
  8
0
  6
Continuous
370
    20
100
AcDbPolyline
 90
        2
 70
     0
 43
0.0
 10
-1372.970871866667
 20
-4088.706957695097
 10
-1380.256407133333
 20
-4098.460174261764
  0
LWPOLYLINE
  5
471
330
1F
100
AcDbEntity
  8
0
  6
Continuous
370
    20
100
AcDbPolyline
 90
        2
 70
     0
 43
0.0
 10
-1380.256407133333
 20
-4098.460174261764
 10
-1388.364502833334
 20
-4107.097058811764
  0
LWPOLYLINE
  5
472
330
1F
100
AcDbEntity
  8
0
  6
Continuous
370
    20
100
AcDbPolyline
 90
        2
 70
     0
 43
0.0
 10
-1388.364502833334
 20
-4107.097058811764
 10
-1394.298688816667
 20
-4111.914912778431
  0
LWPOLYLINE
  5
473
330
1F
100
AcDbEntity
  8
0
  6
Continuous
370
    20
100
AcDbPolyline
 90
        2
 70
     0
 43
0.0
 10
-1394.298688816667
 20
-4111.914912778431
 10
-1400.644155016667
 20
-4116.14522357843
  0
LWPOLYLINE
  5
474
330
1F
100
AcDbEntity
  8
0
  6
Continuous
370
    20
100
AcDbPolyline
 90
        2
 70
     0
 43
0.0
 10
-1400.644155016667
 20
-4116.14522357843
 10
-1414.216402166666
 20
-4124.018302011765
  0
LWPOLYLINE
  5
475
330
1F
100
AcDbEntity
  8
0
  6
Continuous
370
    20
100
AcDbPolyline
 90
        2
 70
     0
 43
0.0
 10
-1414.216402166666
 20
-4124.018302011765
 10
-1428.552455433333
 20
-4130.363768211764
  0
LWPOLYLINE
  5
476
330
1F
100
AcDbEntity
  8
0
  6
Continuous
370
    20
100
AcDbPolyline
 90
        2
 70
     0
 43
0.0
 10
-1428.552455433333
 20
-4130.363768211764
 10
-1443.476051866667
 20
-4135.064113545097
  0
LWPOLYLINE
  5
477
330
1F
100
AcDbEntity
  8
0
  6
Continuous
370
    20
100
AcDbPolyline
 90
        2
 70
     0
 43
0.0
 10
-1443.476051866667
 20
-4135.064113545097
 10
-1461.337364133334
 20
-4138.471863911764
  0
LWPOLYLINE
  5
478
330
1F
100
AcDbEntity
  8
0
  6
Continuous
370
    20
100
AcDbPolyline
 90
        2
 70
     0
 43
0.0
 10
-1461.337364133334
 20
-4138.471863911764
 10
-1461.337364133334
 20
-4138.471863911764
  0
LWPOLYLINE
  5
479
330
1F
100
AcDbEntity
  8
0
  6
Continuous
370
    20
100
AcDbPolyline
 90
        2
 70
     0
 43
0.0
 10
-1461.337364133334
 20
-4138.471863911764
 10
-1470.561791849999
 20
-4142.290894495097
  0
LWPOLYLINE
  5
47A
330
1F
100
AcDbEntity
  8
0
  6
Continuous
370
    20
100
AcDbPolyline
 90
        2
 70
     0
 43
0.0
 10
-1470.561791849999
 20
-4142.290894495097
 10
-1470.561791849999
 20
-4142.290894495097
  0
LWPOLYLINE
  5
47B
330
1F
100
AcDbEntity
  8
0
  6
Continuous
370
    20
100
AcDbPolyline
 90
        2
 70
     0
 43
0.0
 10
-1470.561791849999
 20
-4142.290894495097
 10
-1403.111836316667
 20
-4305.157860295097
  0
LWPOLYLINE
  5
47C
330
1F
100
AcDbEntity
  8
0
  6
Continuous
370
    20
100
AcDbPolyline
 90
        2
 70
     0
 43
0.0
 10
-1403.111836316667
 20
-4305.157860295097
 10
-1403.111836316667
 20
-4305.157860295097
  0
LWPOLYLINE
  5
47D
330
1F
100
AcDbEntity
  8
0
  6
Continuous
370
    20
100
AcDbPolyline
 90
        2
 70
     0
 43
0.0
 10
-1403.111836316667
 20
-4305.157860295097
 10
-1393.8874086
 20
-4301.280075395097
  0
LWPOLYLINE
  5
47E
330
1F
100
AcDbEntity
  8
0
  6
Continuous
370
    20
100
AcDbPolyline
 90
        2
 70
     0
 43
0.0
 10
-1393.8874086
 20
-4301.280075395097
 10
-1393.8874086
 20
-4301.280075395097
  0
LWPOLYLINE
  5
47F
330
1F
100
AcDbEntity
  8
0
  6
Continuous
370
    20
100
AcDbPolyline
 90
        2
 70
     0
 43
0.0
 10
-1393.8874086
 20
-4301.280075395097
 10
-1380.961458933334
 20
-4295.933432578431
  0
LWPOLYLINE
  5
480
330
1F
100
AcDbEntity
  8
0
  6
Continuous
370
    20
100
AcDbPolyline
 90
        2
 70
     0
 43
0.0
 10
-1380.961458933334
 20
-4295.933432578431
 10
-1367.859246316667
 20
-4291.291841561764
  0
LWPOLYLINE
  5
481
330
1F
100
AcDbEntity
  8
0
  6
Continuous
370
    20
100
AcDbPolyline
 90
        2
 70
     0
 43
0.0
 10
-1367.859246316667
 20
-4291.291841561764
 10
-1354.639525066667
 20
-4287.179039395097
  0
LWPOLYLINE
  5
482
330
1F
100
AcDbEntity
  8
0
  6
Continuous
370
    20
100
AcDbPolyline
 90
        2
 70
     0
 43
0.0
 10
-1354.639525066667
 20
-4287.179039395097
 10
-1341.3610495
 20
-4283.888797661764
  0
LWPOLYLINE
  5
483
330
1F
100
AcDbEntity
  8
0
  6
Continuous
370
    20
100
AcDbPolyline
 90
        2
 70
     0
 43
0.0
 10
-1341.3610495
 20
-4283.888797661764
 10
-1327.78880235
 20
-4281.597379311764
  0
LWPOLYLINE
  5
484
330
1F
100
AcDbEntity
  8
0
  6
Continuous
370
    20
100
AcDbPolyline
 90
        2
 70
     0
 43
0.0
 10
-1327.78880235
 20
-4281.597379311764
 10
-1314.04029225
 20
-4279.952258445097
  0
LWPOLYLINE
  5
485
330
1F
100
AcDbEntity
  8
0
  6
Continuous
370
    20
100
AcDbPolyline
 90
        2
 70
     0
 43
0.0
 10
-1314.04029225
 20
-4279.952258445097
 10
-1300.174273516667
 20
-4279.070943695097
  0
LWPOLYLINE
  5
486
330
1F
100
AcDbEntity
  8
0
  6
Continuous
370
    20
100
AcDbPolyline
 90
        2
 70
     0
 43
0.0
 10
-1300.174273516667
 20
-4279.070943695097
 10
-1286.131991833333
 20
-4278.894680745097
  0
LWPOLYLINE
  5
487
330
1F
100
AcDbEntity
  8
0
  6
Continuous
370
    20
100
AcDbPolyline
 90
        2
 70
     0
 43
0.0
 10
-1286.131991833333
 20
-4278.894680745097
 10
-1272.383481733333
 20
-4279.070943695097
  0
LWPOLYLINE
  5
488
330
1F
100
AcDbEntity
  8
0
  6
Continuous
370
    20
100
AcDbPolyline
 90
        2
 70
     0
 43
0.0
 10
-1272.383481733333
 20
-4279.070943695097
 10
-1272.383481733333
 20
-4279.070943695097
  0
LWPOLYLINE
  5
489
330
1F
100
AcDbEntity
  8
0
  6
Continuous
370
    20
100
AcDbPolyline
 90
        2
 70
     0
 43
0.0
 10
-1272.383481733333
 20
-4279.070943695097
 10
-1260.45635545
 20
-4280.363538661764
  0
LWPOLYLINE
  5
48A
330
1F
100
AcDbEntity
  8
0
  6
Continuous
370
    20
100
AcDbPolyline
 90
        2
 70
     0
 43
0.0
 10
-1260.45635545
 20
-4280.363538661764
 10
-1248.11794895
 20
-4282.067413845097
  0
LWPOLYLINE
  5
48B
330
1F
100
AcDbEntity
  8
0
  6
Continuous
370
    20
100
AcDbPolyline
 90
        2
 70
     0
 43
0.0
 10
-1248.11794895
 20
-4282.067413845097
 10
-1235.9558054
 20
-4284.065060611764
  0
LWPOLYLINE
  5
48C
330
1F
100
AcDbEntity
  8
0
  6
Continuous
370
    20
100
AcDbPolyline
 90
        2
 70
     0
 43
0.0
 10
-1235.9558054
 20
-4284.065060611764
 10
-1224.028679116667
 20
-4286.591496228431
  0
LWPOLYLINE
  5
48D
330
1F
100
AcDbEntity
  8
0
  6
Continuous
370
    20
100
AcDbPolyline
 90
        2
 70
     0
 43
0.0
 10
-1224.028679116667
 20
-4286.591496228431
 10
-1212.219061466667
 20
-4289.76422932843
  0
LWPOLYLINE
  5
48E
330
1F
100
AcDbEntity
  8
0
  6
Continuous
370
    20
100
AcDbPolyline
 90
        2
 70
     0
 43
0.0
 10
-1212.219061466667
 20
-4289.76422932843
 10
-1200.87947835
 20
-4293.465751278431
  0
LWPOLYLINE
  5
48F
330
1F
100
AcDbEntity
  8
0
  6
Continuous
370
    20
100
AcDbPolyline
 90
        2
 70
     0
 43
0.0
 10
-1200.87947835
 20
-4293.465751278431
 10
-1190.30370135
 20
-4298.107342295097
  0
LWPOLYLINE
  5
490
330
1F
100
AcDbEntity
  8
0
  6
Continuous
370
    20
100
AcDbPolyline
 90
        2
 70
     0
 43
0.0
 10
-1190.30370135
 20
-4298.107342295097
 10
-1180.491730466667
 20
-4303.865265328431
  0
LWPOLYLINE
  5
491
330
1F
100
AcDbEntity
  8
0
  6
Continuous
370
    20
100
AcDbPolyline
 90
        2
 70
     0
 43
0.0
 10
-1180.491730466667
 20
-4303.865265328431
 10
-1171.561074333334
 20
-4310.974537645098
  0
LWPOLYLINE
  5
492
330
1F
100
AcDbEntity
  8
0
  6
Continuous
370
    20
100
AcDbPolyline
 90
        2
 70
     0
 43
0.0
 10
-1171.561074333334
 20
-4310.974537645098
 10
-1163.452978633333
 20
-4319.02387902843
  0
LWPOLYLINE
  5
493
330
1F
100
AcDbEntity
  8
0
  6
Continuous
370
    20
100
AcDbPolyline
 90
        2
 70
     0
 43
0.0
 10
-1163.452978633333
 20
-4319.02387902843
 10
-1157.225021066667
 20
-4327.249483361764
  0
LWPOLYLINE
  5
494
330
1F
100
AcDbEntity
  8
0
  6
Continuous
370
    20
100
AcDbPolyline
 90
        2
 70
     0
 43
0.0
 10
-1157.225021066667
 20
-4327.249483361764
 10
-1152.700938683334
 20
-4335.945122228431
  0
LWPOLYLINE
  5
495
330
1F
100
AcDbEntity
  8
0
  6
Continuous
370
    20
100
AcDbPolyline
 90
        2
 70
     0
 43
0.0
 10
-1152.700938683334
 20
-4335.945122228431
 10
-1149.998240116667
 20
-4345.580830161764
  0
LWPOLYLINE
  5
496
330
1F
100
AcDbEntity
  8
0
  6
Continuous
370
    20
100
AcDbPolyline
 90
        2
 70
     0
 43
0.0
 10
-1149.998240116667
 20
-4345.580830161764
 10
-1148.5293822
 20
-4355.334046728431
  0
LWPOLYLINE
  5
497
330
1F
100
AcDbEntity
  8
0
  6
Continuous
370
    20
100
AcDbPolyline
 90
        2
 70
     0
 43
0.0
 10
-1148.5293822
 20
-4355.334046728431
 10
-1147.589313133334
 20
-4365.146017611764
  0
LWPOLYLINE
  5
498
330
1F
100
AcDbEntity
  8
0
  6
Continuous
370
    20
100
AcDbPolyline
 90
        2
 70
     0
 43
0.0
 10
-1147.589313133334
 20
-4365.146017611764
 10
-1147.589313133334
 20
-4365.146017611764
  0
LWPOLYLINE
  5
499
330
1F
100
AcDbEntity
  8
0
  6
Continuous
370
    20
100
AcDbPolyline
 90
        2
 70
     0
 43
0.0
 10
-1147.589313133334
 20
-4365.146017611764
 10
-932.5485141333338
 20
-4367.731207545098
  0
LWPOLYLINE
  5
49A
330
1F
100
AcDbEntity
  8
0
  6
Continuous
370
    20
100
AcDbPolyline
 90
        2
 70
     0
 43
0.0
 10
-932.5485141333338
 20
-4367.731207545098
 10
-715.2750511000006
 20
-4370.375151795097
  0
LWPOLYLINE
  5
49B
330
1F
100
AcDbEntity
  8
0
  6
Continuous
370
    20
100
AcDbPolyline
 90
        2
 70
     0
 43
0.0
 10
-715.2750511000006
 20
-4370.375151795097
 10
-715.2750511000006
 20
-4370.375151795097
  0
LWPOLYLINE
  5
49C
330
1F
100
AcDbEntity
  8
0
  6
Continuous
370
    20
100
AcDbPolyline
 90
        2
 70
     0
 43
0.0
 10
-715.2750511000006
 20
-4370.375151795097
 10
-721.4442543500004
 20
-4288.647897311764
  0
LWPOLYLINE
  5
49D
330
1F
100
AcDbEntity
  8
0
  6
Continuous
370
    20
100
AcDbPolyline
 90
        2
 70
     0
 43
0.0
 10
-721.4442543500004
 20
-4288.647897311764
 10
-726.2033540000007
 20
-4203.689155411765
  0
LWPOLYLINE
  5
49E
330
1F
100
AcDbEntity
  8
0
  6
Continuous
370
    20
100
AcDbPolyline
 90
        2
 70
     0
 43
0.0
 10
-726.2033540000007
 20
-4203.689155411765
 10
-729.1998241500005
 20
-4118.730413511765
  0
LWPOLYLINE
  5
49F
330
1F
100
AcDbEntity
  8
0
  6
Continuous
370
    20
100
AcDbPolyline
 90
        2
 70
     0
 43
0.0
 10
-729.1998241500005
 20
-4118.730413511765
 10
-730.5511734333338
 20
-4035.475546795098
  0
LWPOLYLINE
  5
4A0
330
1F
100
AcDbEntity
  8
0
  6
Continuous
370
    20
100
AcDbPolyline
 90
        2
 70
     0
 43
0.0
 10
-1391.889761833333
 20
-4187.472964011765
 10
-1391.889761833333
 20
-4187.472964011765
  0
LWPOLYLINE
  5
4A1
330
1F
100
AcDbEntity
  8
0
  6
Continuous
370
    20
100
AcDbPolyline
 90
        2
 70
     0
 43
0.0
 10
-1391.889761833333
 20
-4187.472964011765
 10
-782.3724807333337
 20
-4187.472964011765
  0
LWPOLYLINE
  5
4A2
330
1F
100
AcDbEntity
  8
0
  6
Continuous
370
    20
100
AcDbPolyline
 90
        2
 70
     0
 43
0.0
 10
-868.565063283334
 20
-4035.475546795098
 10
-868.565063283334
 20
-4045.463780628431
  0
LWPOLYLINE
  5
4A3
330
1F
100
AcDbEntity
  8
0
  6
Continuous
370
    20
100
AcDbPolyline
 90
        2
 70
     0
 43
0.0
 10
-863.5709463666671
 20
-4045.463780628431
 10
-873.5591802000003
 20
-4045.463780628431
  0
LWPOLYLINE
  5
4A4
330
1F
100
AcDbEntity
  8
0
  6
Continuous
370
    20
100
AcDbPolyline
 90
        2
 70
     0
 43
0.0
 10
-1004.287534783333
 20
-4035.475546795098
 10
-1004.287534783333
 20
-4045.463780628431
  0
LWPOLYLINE
  5
4A5
330
1F
100
AcDbEntity
  8
0
  6
Continuous
370
    20
100
AcDbPolyline
 90
        2
 70
     0
 43
0.0
 10
-999.293417866667
 20
-4045.463780628431
 10
-1009.340406016667
 20
-4045.463780628431
  0
LWPOLYLINE
  5
4A6
330
1F
100
AcDbEntity
  8
0
  6
Continuous
370
    20
100
AcDbPolyline
 90
        2
 70
     0
 43
0.0
 10
-1139.069937216667
 20
-4035.475546795098
 10
-1139.069937216667
 20
-4045.463780628431
  0
LWPOLYLINE
  5
4A7
330
1F
100
AcDbEntity
  8
0
  6
Continuous
370
    20
100
AcDbPolyline
 90
        2
 70
     0
 43
0.0
 10
-1134.0758203
 20
-4045.463780628431
 10
-1144.064054133334
 20
-4045.463780628431
  0
LWPOLYLINE
  5
4A8
330
1F
100
AcDbEntity
  8
0
  6
Continuous
370
    20
100
AcDbPolyline
 90
        2
 70
     0
 43
0.0
 10
-1269.4457659
 20
-4035.475546795098
 10
-1269.4457659
 20
-4045.463780628431
  0
LWPOLYLINE
  5
4A9
330
1F
100
AcDbEntity
  8
0
  6
Continuous
370
    20
100
AcDbPolyline
 90
        2
 70
     0
 43
0.0
 10
-1264.451648983334
 20
-4045.463780628431
 10
-1274.439882816666
 20
-4045.463780628431
  0
LWPOLYLINE
  5
4AA
330
1F
100
AcDbEntity
  8
0
  6
Continuous
370
    20
100
AcDbPolyline
 90
        2
 70
     0
 43
0.0
 10
-1272.383481733333
 20
-4279.070943695097
 10
-1271.73718425
 20
-4269.082709861764
  0
LWPOLYLINE
  5
4AB
330
1F
100
AcDbEntity
  8
0
  6
Continuous
370
    20
100
AcDbPolyline
 90
        2
 70
     0
 43
0.0
 10
-1276.731301166667
 20
-4268.788938278431
 10
-1266.743067333333
 20
-4269.435235761764
  0
LWPOLYLINE
  5
4AC
330
1F
100
AcDbEntity
  8
0
  6
Continuous
370
    20
100
AcDbPolyline
 90
        2
 70
     0
 43
0.0
 10
-932.5485141333338
 20
-4367.731207545098
 10
-932.3722511833338
 20
-4357.742973711764
  0
LWPOLYLINE
  5
4AD
330
1F
100
AcDbEntity
  8
0
  6
Continuous
370
    20
100
AcDbPolyline
 90
        2
 70
     0
 43
0.0
 10
-937.4251224166672
 20
-4357.684219395098
 10
-927.3781342666671
 20
-4357.860482345098
  0
LWPOLYLINE
  5
4AE
330
1F
100
AcDbEntity
  8
0
  6
Continuous
370
    20
100
AcDbPolyline
 90
        2
 70
     0
 43
0.0
 10
-1530.549949166667
 20
-3490.999294245098
 10
-1691.007987983334
 20
-3490.999294245098
  0
LWPOLYLINE
  5
4AF
330
1F
100
AcDbEntity
  8
0
  6
Continuous
370
    20
100
AcDbPolyline
 90
        2
 70
     0
 43
0.0
 10
-1691.007987983334
 20
-3490.999294245098
 10
-1825.614127466667
 20
-3490.999294245098
  0
LWPOLYLINE
  5
4B0
330
1F
100
AcDbEntity
  8
0
  6
Continuous
370
    20
100
AcDbPolyline
 90
        2
 70
     0
 43
0.0
 10
-1825.614127466667
 20
-3490.999294245098
 10
-1957.2237968
 20
-3490.999294245098
  0
LWPOLYLINE
  5
4B1
330
1F
100
AcDbEntity
  8
0
  6
Continuous
370
    20
100
AcDbPolyline
 90
        2
 70
     0
 43
0.0
 10
-1957.2237968
 20
-3490.999294245098
 10
-1958.6339004
 20
-3502.573894628431
  0
LWPOLYLINE
  5
4B2
330
1F
100
AcDbEntity
  8
0
  6
Continuous
370
    20
100
AcDbPolyline
 90
        2
 70
     0
 43
0.0
 10
-1958.6339004
 20
-3502.573894628431
 10
-1961.689124866667
 20
-3513.795969111764
  0
LWPOLYLINE
  5
4B3
330
1F
100
AcDbEntity
  8
0
  6
Continuous
370
    20
100
AcDbPolyline
 90
        2
 70
     0
 43
0.0
 10
-1961.689124866667
 20
-3513.795969111764
 10
-1967.035767683333
 20
-3524.07797452843
  0
LWPOLYLINE
  5
4B4
330
1F
100
AcDbEntity
  8
0
  6
Continuous
370
    20
100
AcDbPolyline
 90
        2
 70
     0
 43
0.0
 10
-1967.035767683333
 20
-3524.07797452843
 10
-1974.027531366667
 20
-3533.478665195097
  0
LWPOLYLINE
  5
4B5
330
1F
100
AcDbEntity
  8
0
  6
Continuous
370
    20
100
AcDbPolyline
 90
        2
 70
     0
 43
0.0
 10
-1974.027531366667
 20
-3533.478665195097
 10
-1982.899433183334
 20
-3542.23305837843
  0
LWPOLYLINE
  5
4B6
330
1F
100
AcDbEntity
  8
0
  6
Continuous
370
    20
100
AcDbPolyline
 90
        2
 70
     0
 43
0.0
 10
-1982.899433183334
 20
-3542.23305837843
 10
-1992.711404066668
 20
-3550.106136811765
  0
LWPOLYLINE
  5
4B7
330
1F
100
AcDbEntity
  8
0
  6
Continuous
370
    20
100
AcDbPolyline
 90
        2
 70
     0
 43
0.0
 10
-1992.711404066668
 20
-3550.106136811765
 10
-2003.463444016666
 20
-3556.569111645098
  0
LWPOLYLINE
  5
4B8
330
1F
100
AcDbEntity
  8
0
  6
Continuous
370
    20
100
AcDbPolyline
 90
        2
 70
     0
 43
0.0
 10
-2003.463444016666
 20
-3556.569111645098
 10
-2014.979290083334
 20
-3561.563228561764
  0
LWPOLYLINE
  5
4B9
330
1F
100
AcDbEntity
  8
0
  6
Continuous
370
    20
100
AcDbPolyline
 90
        2
 70
     0
 43
0.0
 10
-2014.979290083334
 20
-3561.563228561764
 10
-2026.906416366666
 20
-3565.499767778431
  0
LWPOLYLINE
  5
4BA
330
1F
100
AcDbEntity
  8
0
  6
Continuous
370
    20
100
AcDbPolyline
 90
        2
 70
     0
 43
0.0
 10
-2026.906416366666
 20
-3565.499767778431
 10
-2039.0098056
 20
-3568.731255195097
  0
LWPOLYLINE
  5
4BB
330
1F
100
AcDbEntity
  8
0
  6
Continuous
370
    20
100
AcDbPolyline
 90
        2
 70
     0
 43
0.0
 10
-2039.0098056
 20
-3568.731255195097
 10
-2051.289457783334
 20
-3571.375199445098
  0
LWPOLYLINE
  5
4BC
330
1F
100
AcDbEntity
  8
0
  6
Continuous
370
    20
100
AcDbPolyline
 90
        2
 70
     0
 43
0.0
 10
-2051.289457783334
 20
-3571.375199445098
 10
-2063.627864283333
 20
-3573.549109161763
  0
LWPOLYLINE
  5
4BD
330
1F
100
AcDbEntity
  8
0
  6
Continuous
370
    20
100
AcDbPolyline
 90
        2
 70
     0
 43
0.0
 10
-2063.627864283333
 20
-3573.549109161763
 10
-2076.083779416667
 20
-3575.252984345098
  0
LWPOLYLINE
  5
4BE
330
1F
100
AcDbEntity
  8
0
  6
Continuous
370
    20
100
AcDbPolyline
 90
        2
 70
     0
 43
0.0
 10
-2076.083779416667
 20
-3575.252984345098
 10
-2088.480940233333
 20
-3576.663087945098
  0
LWPOLYLINE
  5
4BF
330
1F
100
AcDbEntity
  8
0
  6
Continuous
370
    20
100
AcDbPolyline
 90
        2
 70
     0
 43
0.0
 10
-2088.480940233333
 20
-3576.663087945098
 10
-2102.8169935
 20
-3576.839350895097
  0
LWPOLYLINE
  5
4C0
330
1F
100
AcDbEntity
  8
0
  6
Continuous
370
    20
100
AcDbPolyline
 90
        2
 70
     0
 43
0.0
 10
-2102.8169935
 20
-3576.839350895097
 10
-2117.035538133334
 20
-3576.663087945098
  0
LWPOLYLINE
  5
4C1
330
1F
100
AcDbEntity
  8
0
  6
Continuous
370
    20
100
AcDbPolyline
 90
        2
 70
     0
 43
0.0
 10
-2117.035538133334
 20
-3576.663087945098
 10
-2131.254082766667
 20
-3575.840527511764
  0
LWPOLYLINE
  5
4C2
330
1F
100
AcDbEntity
  8
0
  6
Continuous
370
    20
100
AcDbPolyline
 90
        2
 70
     0
 43
0.0
 10
-2131.254082766667
 20
-3575.840527511764
 10
-2145.355118766667
 20
-3574.136652328431
  0
LWPOLYLINE
  5
4C3
330
1F
100
AcDbEntity
  8
0
  6
Continuous
370
    20
100
AcDbPolyline
 90
        2
 70
     0
 43
0.0
 10
-2145.355118766667
 20
-3574.136652328431
 10
-2159.39740045
 20
-3571.845233978431
  0
LWPOLYLINE
  5
4C4
330
1F
100
AcDbEntity
  8
0
  6
Continuous
370
    20
100
AcDbPolyline
 90
        2
 70
     0
 43
0.0
 10
-2159.39740045
 20
-3571.845233978431
 10
-2173.204664866667
 20
-3568.496237928431
  0
LWPOLYLINE
  5
4C5
330
1F
100
AcDbEntity
  8
0
  6
Continuous
370
    20
100
AcDbPolyline
 90
        2
 70
     0
 43
0.0
 10
-2173.204664866667
 20
-3568.496237928431
 10
-2186.7181577
 20
-3564.265927128431
  0
LWPOLYLINE
  5
4C6
330
1F
100
AcDbEntity
  8
0
  6
Continuous
370
    20
100
AcDbPolyline
 90
        2
 70
     0
 43
0.0
 10
-2186.7181577
 20
-3564.265927128431
 10
-2200.1141419
 20
-3559.565581795097
  0
LWPOLYLINE
  5
4C7
330
1F
100
AcDbEntity
  8
0
  6
Continuous
370
    20
100
AcDbPolyline
 90
        2
 70
     0
 43
0.0
 10
-2200.1141419
 20
-3559.565581795097
 10
-2213.216354516667
 20
-3554.160184661764
  0
LWPOLYLINE
  5
4C8
330
1F
100
AcDbEntity
  8
0
  6
Continuous
370
    20
100
AcDbPolyline
 90
        2
 70
     0
 43
0.0
 10
-2213.216354516667
 20
-3554.160184661764
 10
-2275.9072104
 20
-3698.343277761764
  0
LWPOLYLINE
  5
4C9
330
1F
100
AcDbEntity
  8
0
  6
Continuous
370
    20
100
AcDbPolyline
 90
        2
 70
     0
 43
0.0
 10
-2275.9072104
 20
-3698.343277761764
 10
-2259.397247416667
 20
-3701.398502228431
  0
LWPOLYLINE
  5
4CA
330
1F
100
AcDbEntity
  8
0
  6
Continuous
370
    20
100
AcDbPolyline
 90
        2
 70
     0
 43
0.0
 10
-2259.397247416667
 20
-3701.398502228431
 10
-2243.533581916667
 20
-3706.568882095097
  0
LWPOLYLINE
  5
4CB
330
1F
100
AcDbEntity
  8
0
  6
Continuous
370
    20
100
AcDbPolyline
 90
        2
 70
     0
 43
0.0
 10
-2243.533581916667
 20
-3706.568882095097
 10
-2228.198705266667
 20
-3713.325628511764
  0
LWPOLYLINE
  5
4CC
330
1F
100
AcDbEntity
  8
0
  6
Continuous
370
    20
100
AcDbPolyline
 90
        2
 70
     0
 43
0.0
 10
-2228.198705266667
 20
-3713.325628511764
 10
-2213.627634733333
 20
-3721.727495795097
  0
LWPOLYLINE
  5
4CD
330
1F
100
AcDbEntity
  8
0
  6
Continuous
370
    20
100
AcDbPolyline
 90
        2
 70
     0
 43
0.0
 10
-2213.627634733333
 20
-3721.727495795097
 10
-2200.172896216667
 20
-3731.656975311764
  0
LWPOLYLINE
  5
4CE
330
1F
100
AcDbEntity
  8
0
  6
Continuous
370
    20
100
AcDbPolyline
 90
        2
 70
     0
 43
0.0
 10
-2200.172896216667
 20
-3731.656975311764
 10
-2191.12473145
 20
-3741.410191878431
  0
LWPOLYLINE
  5
4CF
330
1F
100
AcDbEntity
  8
0
  6
Continuous
370
    20
100
AcDbPolyline
 90
        2
 70
     0
 43
0.0
 10
-2191.12473145
 20
-3741.410191878431
 10
-2183.1928987
 20
-3751.985968878431
  0
LWPOLYLINE
  5
4D0
330
1F
100
AcDbEntity
  8
0
  6
Continuous
370
    20
100
AcDbPolyline
 90
        2
 70
     0
 43
0.0
 10
-2183.1928987
 20
-3751.985968878431
 10
-2176.436152283333
 20
-3763.501814945097
  0
LWPOLYLINE
  5
4D1
330
1F
100
AcDbEntity
  8
0
  6
Continuous
370
    20
100
AcDbPolyline
 90
        2
 70
     0
 43
0.0
 10
-2176.436152283333
 20
-3763.501814945097
 10
-2171.853315583333
 20
-3775.605204178431
  0
LWPOLYLINE
  5
4D2
330
1F
100
AcDbEntity
  8
0
  6
Continuous
370
    20
100
AcDbPolyline
 90
        2
 70
     0
 43
0.0
 10
-2171.853315583333
 20
-3775.605204178431
 10
-2168.798091116667
 20
-3788.119873628431
  0
LWPOLYLINE
  5
4D3
330
1F
100
AcDbEntity
  8
0
  6
Continuous
370
    20
100
AcDbPolyline
 90
        2
 70
     0
 43
0.0
 10
-2168.798091116667
 20
-3788.119873628431
 10
-2168.269302266667
 20
-3800.810806028431
  0
LWPOLYLINE
  5
4D4
330
1F
100
AcDbEntity
  8
0
  6
Continuous
370
    20
100
AcDbPolyline
 90
        2
 70
     0
 43
0.0
 10
-2168.269302266667
 20
-3800.810806028431
 10
-2088.480940233333
 20
-3800.810806028431
  0
LWPOLYLINE
  5
4D5
330
1F
100
AcDbEntity
  8
0
  6
Continuous
370
    20
100
AcDbPolyline
 90
        2
 70
     0
 43
0.0
 10
-2088.480940233333
 20
-3800.810806028431
 10
-1959.221443566667
 20
-3800.810806028431
  0
LWPOLYLINE
  5
4D6
330
1F
100
AcDbEntity
  8
0
  6
Continuous
370
    20
100
AcDbPolyline
 90
        2
 70
     0
 43
0.0
 10
-1959.221443566667
 20
-3800.810806028431
 10
-1825.614127466667
 20
-3800.810806028431
  0
LWPOLYLINE
  5
4D7
330
1F
100
AcDbEntity
  8
0
  6
Continuous
370
    20
100
AcDbPolyline
 90
        2
 70
     0
 43
0.0
 10
-1825.614127466667
 20
-3800.810806028431
 10
-1691.007987983334
 20
-3800.810806028431
  0
LWPOLYLINE
  5
4D8
330
1F
100
AcDbEntity
  8
0
  6
Continuous
370
    20
100
AcDbPolyline
 90
        2
 70
     0
 43
0.0
 10
-1691.007987983334
 20
-3800.810806028431
 10
-1563.863646716667
 20
-3800.810806028431
  0
LWPOLYLINE
  5
4D9
330
1F
100
AcDbEntity
  8
0
  6
Continuous
370
    20
100
AcDbPolyline
 90
        2
 70
     0
 43
0.0
 10
-1563.863646716667
 20
-3800.810806028431
 10
-1538.893062133333
 20
-3800.810806028431
  0
LWPOLYLINE
  5
4DA
330
1F
100
AcDbEntity
  8
0
  6
Continuous
370
    20
100
AcDbPolyline
 90
        2
 70
     0
 43
0.0
 10
-1538.893062133333
 20
-3800.810806028431
 10
-1539.010570766667
 20
-3728.719259478431
  0
LWPOLYLINE
  5
4DB
330
1F
100
AcDbEntity
  8
0
  6
Continuous
370
    20
100
AcDbPolyline
 90
        2
 70
     0
 43
0.0
 10
-1539.010570766667
 20
-3728.719259478431
 10
-1537.365449900001
 20
-3645.464392761764
  0
LWPOLYLINE
  5
4DC
330
1F
100
AcDbEntity
  8
0
  6
Continuous
370
    20
100
AcDbPolyline
 90
        2
 70
     0
 43
0.0
 10
-1537.365449900001
 20
-3645.464392761764
 10
-1534.427734066667
 20
-3562.327034678431
  0
LWPOLYLINE
  5
4DD
330
1F
100
AcDbEntity
  8
0
  6
Continuous
370
    20
100
AcDbPolyline
 90
        2
 70
     0
 43
0.0
 10
-1534.427734066667
 20
-3562.327034678431
 10
-1530.549949166667
 20
-3490.999294245098
  0
LWPOLYLINE
  5
4DE
330
1F
100
AcDbEntity
  8
0
  6
Continuous
370
    20
100
AcDbPolyline
 90
        2
 70
     0
 43
0.0
 10
-1520.561715333333
 20
-3481.011060411765
 10
-1520.561715333333
 20
-3481.011060411765
  0
LWPOLYLINE
  5
4DF
330
1F
100
AcDbEntity
  8
0
  6
Continuous
370
    20
100
AcDbPolyline
 90
        2
 70
     0
 43
0.0
 10
-1520.561715333333
 20
-3481.011060411765
 10
-1691.007987983334
 20
-3481.011060411765
  0
LWPOLYLINE
  5
4E0
330
1F
100
AcDbEntity
  8
0
  6
Continuous
370
    20
100
AcDbPolyline
 90
        2
 70
     0
 43
0.0
 10
-1691.007987983334
 20
-3481.011060411765
 10
-1691.007987983334
 20
-3481.011060411765
  0
LWPOLYLINE
  5
4E1
330
1F
100
AcDbEntity
  8
0
  6
Continuous
370
    20
100
AcDbPolyline
 90
        2
 70
     0
 43
0.0
 10
-1691.007987983334
 20
-3481.011060411765
 10
-1825.614127466667
 20
-3481.011060411765
  0
LWPOLYLINE
  5
4E2
330
1F
100
AcDbEntity
  8
0
  6
Continuous
370
    20
100
AcDbPolyline
 90
        2
 70
     0
 43
0.0
 10
-1825.614127466667
 20
-3481.011060411765
 10
-1825.614127466667
 20
-3481.011060411765
  0
LWPOLYLINE
  5
4E3
330
1F
100
AcDbEntity
  8
0
  6
Continuous
370
    20
100
AcDbPolyline
 90
        2
 70
     0
 43
0.0
 10
-1825.614127466667
 20
-3481.011060411765
 10
-1966.095698616667
 20
-3481.011060411765
  0
LWPOLYLINE
  5
4E4
330
1F
100
AcDbEntity
  8
0
  6
Continuous
370
    20
100
AcDbPolyline
 90
        2
 70
     0
 43
0.0
 10
-1966.095698616667
 20
-3481.011060411765
 10
-1966.095698616667
 20
-3481.011060411765
  0
LWPOLYLINE
  5
4E5
330
1F
100
AcDbEntity
  8
0
  6
Continuous
370
    20
100
AcDbPolyline
 90
        2
 70
     0
 43
0.0
 10
-1966.095698616667
 20
-3481.011060411765
 10
-1967.035767683333
 20
-3490.823031295098
  0
LWPOLYLINE
  5
4E6
330
1F
100
AcDbEntity
  8
0
  6
Continuous
370
    20
100
AcDbPolyline
 90
        2
 70
     0
 43
0.0
 10
-1967.035767683333
 20
-3490.823031295098
 10
-1968.445871283333
 20
-3500.635002178431
  0
LWPOLYLINE
  5
4E7
330
1F
100
AcDbEntity
  8
0
  6
Continuous
370
    20
100
AcDbPolyline
 90
        2
 70
     0
 43
0.0
 10
-1968.445871283333
 20
-3500.635002178431
 10
-1971.089815533334
 20
-3510.094447161764
  0
LWPOLYLINE
  5
4E8
330
1F
100
AcDbEntity
  8
0
  6
Continuous
370
    20
100
AcDbPolyline
 90
        2
 70
     0
 43
0.0
 10
-1971.089815533334
 20
-3510.094447161764
 10
-1975.555143600001
 20
-3518.731331711764
  0
LWPOLYLINE
  5
4E9
330
1F
100
AcDbEntity
  8
0
  6
Continuous
370
    20
100
AcDbPolyline
 90
        2
 70
     0
 43
0.0
 10
-1975.555143600001
 20
-3518.731331711764
 10
-1981.665592533333
 20
-3526.839427411764
  0
LWPOLYLINE
  5
4EA
330
1F
100
AcDbEntity
  8
0
  6
Continuous
370
    20
100
AcDbPolyline
 90
        2
 70
     0
 43
0.0
 10
-1981.665592533333
 20
-3526.839427411764
 10
-1989.597425283334
 20
-3534.830014478431
  0
LWPOLYLINE
  5
4EB
330
1F
100
AcDbEntity
  8
0
  6
Continuous
370
    20
100
AcDbPolyline
 90
        2
 70
     0
 43
0.0
 10
-1989.597425283334
 20
-3534.830014478431
 10
-1998.410572783333
 20
-3541.821778161764
  0
LWPOLYLINE
  5
4EC
330
1F
100
AcDbEntity
  8
0
  6
Continuous
370
    20
100
AcDbPolyline
 90
        2
 70
     0
 43
0.0
 10
-1998.410572783333
 20
-3541.821778161764
 10
-2008.046280716667
 20
-3547.579701195098
  0
LWPOLYLINE
  5
4ED
330
1F
100
AcDbEntity
  8
0
  6
Continuous
370
    20
100
AcDbPolyline
 90
        2
 70
     0
 43
0.0
 10
-2008.046280716667
 20
-3547.579701195098
 10
-2018.622057716667
 20
-3552.221292211764
  0
LWPOLYLINE
  5
4EE
330
1F
100
AcDbEntity
  8
0
  6
Continuous
370
    20
100
AcDbPolyline
 90
        2
 70
     0
 43
0.0
 10
-2018.622057716667
 20
-3552.221292211764
 10
-2029.785377883333
 20
-3555.981568478431
  0
LWPOLYLINE
  5
4EF
330
1F
100
AcDbEntity
  8
0
  6
Continuous
370
    20
100
AcDbPolyline
 90
        2
 70
     0
 43
0.0
 10
-2029.785377883333
 20
-3555.981568478431
 10
-2041.359978266667
 20
-3558.978038628431
  0
LWPOLYLINE
  5
4F0
330
1F
100
AcDbEntity
  8
0
  6
Continuous
370
    20
100
AcDbPolyline
 90
        2
 70
     0
 43
0.0
 10
-2041.359978266667
 20
-3558.978038628431
 10
-2053.169595916667
 20
-3561.563228561764
  0
LWPOLYLINE
  5
4F1
330
1F
100
AcDbEntity
  8
0
  6
Continuous
370
    20
100
AcDbPolyline
 90
        2
 70
     0
 43
0.0
 10
-2053.169595916667
 20
-3561.563228561764
 10
-2065.155476516667
 20
-3563.678383961764
  0
LWPOLYLINE
  5
4F2
330
1F
100
AcDbEntity
  8
0
  6
Continuous
370
    20
100
AcDbPolyline
 90
        2
 70
     0
 43
0.0
 10
-2065.155476516667
 20
-3563.678383961764
 10
-2077.4351287
 20
-3565.32350482843
  0
LWPOLYLINE
  5
4F3
330
1F
100
AcDbEntity
  8
0
  6
Continuous
370
    20
100
AcDbPolyline
 90
        2
 70
     0
 43
0.0
 10
-2077.4351287
 20
-3565.32350482843
 10
-2089.185992033334
 20
-3566.674854111765
  0
LWPOLYLINE
  5
4F4
330
1F
100
AcDbEntity
  8
0
  6
Continuous
370
    20
100
AcDbPolyline
 90
        2
 70
     0
 43
0.0
 10
-2089.185992033334
 20
-3566.674854111765
 10
-2089.185992033334
 20
-3566.674854111765
  0
LWPOLYLINE
  5
4F5
330
1F
100
AcDbEntity
  8
0
  6
Continuous
370
    20
100
AcDbPolyline
 90
        2
 70
     0
 43
0.0
 10
-2089.185992033334
 20
-3566.674854111765
 10
-2102.8169935
 20
-3566.851117061764
  0
LWPOLYLINE
  5
4F6
330
1F
100
AcDbEntity
  8
0
  6
Continuous
370
    20
100
AcDbPolyline
 90
        2
 70
     0
 43
0.0
 10
-2102.8169935
 20
-3566.851117061764
 10
-2116.683012233333
 20
-3566.674854111765
  0
LWPOLYLINE
  5
4F7
330
1F
100
AcDbEntity
  8
0
  6
Continuous
370
    20
100
AcDbPolyline
 90
        2
 70
     0
 43
0.0
 10
-2116.683012233333
 20
-3566.674854111765
 10
-2130.372768016667
 20
-3565.911047995097
  0
LWPOLYLINE
  5
4F8
330
1F
100
AcDbEntity
  8
0
  6
Continuous
370
    20
100
AcDbPolyline
 90
        2
 70
     0
 43
0.0
 10
-2130.372768016667
 20
-3565.911047995097
 10
-2144.003769483334
 20
-3564.265927128431
  0
LWPOLYLINE
  5
4F9
330
1F
100
AcDbEntity
  8
0
  6
Continuous
370
    20
100
AcDbPolyline
 90
        2
 70
     0
 43
0.0
 10
-2144.003769483334
 20
-3564.265927128431
 10
-2157.399753683333
 20
-3562.033263095098
  0
LWPOLYLINE
  5
4FA
330
1F
100
AcDbEntity
  8
0
  6
Continuous
370
    20
100
AcDbPolyline
 90
        2
 70
     0
 43
0.0
 10
-2157.399753683333
 20
-3562.033263095098
 10
-2170.5019663
 20
-3558.860529995097
  0
LWPOLYLINE
  5
4FB
330
1F
100
AcDbEntity
  8
0
  6
Continuous
370
    20
100
AcDbPolyline
 90
        2
 70
     0
 43
0.0
 10
-2170.5019663
 20
-3558.860529995097
 10
-2183.604178916667
 20
-3554.747727828431
  0
LWPOLYLINE
  5
4FC
330
1F
100
AcDbEntity
  8
0
  6
Continuous
370
    20
100
AcDbPolyline
 90
        2
 70
     0
 43
0.0
 10
-2183.604178916667
 20
-3554.747727828431
 10
-2196.530128583333
 20
-3550.223645445098
  0
LWPOLYLINE
  5
4FD
330
1F
100
AcDbEntity
  8
0
  6
Continuous
370
    20
100
AcDbPolyline
 90
        2
 70
     0
 43
0.0
 10
-2196.530128583333
 20
-3550.223645445098
 10
-2209.221060983334
 20
-3545.053265578431
  0
LWPOLYLINE
  5
4FE
330
1F
100
AcDbEntity
  8
0
  6
Continuous
370
    20
100
AcDbPolyline
 90
        2
 70
     0
 43
0.0
 10
-2209.221060983334
 20
-3545.053265578431
 10
-2209.221060983334
 20
-3545.053265578431
  0
LWPOLYLINE
  5
4FF
330
1F
100
AcDbEntity
  8
0
  6
Continuous
370
    20
100
AcDbPolyline
 90
        2
 70
     0
 43
0.0
 10
-2209.221060983334
 20
-3545.053265578431
 10
-2218.386734383333
 20
-3541.057972045097
  0
LWPOLYLINE
  5
500
330
1F
100
AcDbEntity
  8
0
  6
Continuous
370
    20
100
AcDbPolyline
 90
        2
 70
     0
 43
0.0
 10
-2218.386734383333
 20
-3541.057972045097
 10
-2218.386734383333
 20
-3541.057972045097
  0
LWPOLYLINE
  5
501
330
1F
100
AcDbEntity
  8
0
  6
Continuous
370
    20
100
AcDbPolyline
 90
        2
 70
     0
 43
0.0
 10
-2218.386734383333
 20
-3541.057972045097
 10
-2289.126931649999
 20
-3703.748674895097
  0
LWPOLYLINE
  5
502
330
1F
100
AcDbEntity
  8
0
  6
Continuous
370
    20
100
AcDbPolyline
 90
        2
 70
     0
 43
0.0
 10
-2289.126931649999
 20
-3703.748674895097
 10
-2289.126931649999
 20
-3703.748674895097
  0
LWPOLYLINE
  5
503
330
1F
100
AcDbEntity
  8
0
  6
Continuous
370
    20
100
AcDbPolyline
 90
        2
 70
     0
 43
0.0
 10
-2289.126931649999
 20
-3703.748674895097
 10
-2279.96125825
 20
-3707.743968428431
  0
LWPOLYLINE
  5
504
330
1F
100
AcDbEntity
  8
0
  6
Continuous
370
    20
100
AcDbPolyline
 90
        2
 70
     0
 43
0.0
 10
-2279.96125825
 20
-3707.743968428431
 10
-2279.96125825
 20
-3707.743968428431
  0
LWPOLYLINE
  5
505
330
1F
100
AcDbEntity
  8
0
  6
Continuous
370
    20
100
AcDbPolyline
 90
        2
 70
     0
 43
0.0
 10
-2279.96125825
 20
-3707.743968428431
 10
-2261.923683033334
 20
-3711.151718795098
  0
LWPOLYLINE
  5
506
330
1F
100
AcDbEntity
  8
0
  6
Continuous
370
    20
100
AcDbPolyline
 90
        2
 70
     0
 43
0.0
 10
-2261.923683033334
 20
-3711.151718795098
 10
-2247.058840916666
 20
-3715.969572761764
  0
LWPOLYLINE
  5
507
330
1F
100
AcDbEntity
  8
0
  6
Continuous
370
    20
100
AcDbPolyline
 90
        2
 70
     0
 43
0.0
 10
-2247.058840916666
 20
-3715.969572761764
 10
-2232.664033333334
 20
-3722.197530328431
  0
LWPOLYLINE
  5
508
330
1F
100
AcDbEntity
  8
0
  6
Continuous
370
    20
100
AcDbPolyline
 90
        2
 70
     0
 43
0.0
 10
-2232.664033333334
 20
-3722.197530328431
 10
-2219.1505405
 20
-3730.070608761764
  0
LWPOLYLINE
  5
509
330
1F
100
AcDbEntity
  8
0
  6
Continuous
370
    20
100
AcDbPolyline
 90
        2
 70
     0
 43
0.0
 10
-2219.1505405
 20
-3730.070608761764
 10
-2212.8050743
 20
-3734.418428195097
  0
LWPOLYLINE
  5
50A
330
1F
100
AcDbEntity
  8
0
  6
Continuous
370
    20
100
AcDbPolyline
 90
        2
 70
     0
 43
0.0
 10
-2212.8050743
 20
-3734.418428195097
 10
-2206.870888316667
 20
-3739.118773528431
  0
LWPOLYLINE
  5
50B
330
1F
100
AcDbEntity
  8
0
  6
Continuous
370
    20
100
AcDbPolyline
 90
        2
 70
     0
 43
0.0
 10
-2206.870888316667
 20
-3739.118773528431
 10
-2198.762792616667
 20
-3747.755658078431
  0
LWPOLYLINE
  5
50C
330
1F
100
AcDbEntity
  8
0
  6
Continuous
370
    20
100
AcDbPolyline
 90
        2
 70
     0
 43
0.0
 10
-2198.762792616667
 20
-3747.755658078431
 10
-2191.47725735
 20
-3757.567628961764
  0
LWPOLYLINE
  5
50D
330
1F
100
AcDbEntity
  8
0
  6
Continuous
370
    20
100
AcDbPolyline
 90
        2
 70
     0
 43
0.0
 10
-2191.47725735
 20
-3757.567628961764
 10
-2185.48431705
 20
-3767.790880061764
  0
LWPOLYLINE
  5
50E
330
1F
100
AcDbEntity
  8
0
  6
Continuous
370
    20
100
AcDbPolyline
 90
        2
 70
     0
 43
0.0
 10
-2185.48431705
 20
-3767.790880061764
 10
-2181.4302692
 20
-3778.542920011764
  0
LWPOLYLINE
  5
50F
330
1F
100
AcDbEntity
  8
0
  6
Continuous
370
    20
100
AcDbPolyline
 90
        2
 70
     0
 43
0.0
 10
-2181.4302692
 20
-3778.542920011764
 10
-2178.78632495
 20
-3789.471222911764
  0
LWPOLYLINE
  5
510
330
1F
100
AcDbEntity
  8
0
  6
Continuous
370
    20
100
AcDbPolyline
 90
        2
 70
     0
 43
0.0
 10
-2178.78632495
 20
-3789.471222911764
 10
-2178.022518833334
 20
-3796.462986595098
  0
LWPOLYLINE
  5
511
330
1F
100
AcDbEntity
  8
0
  6
Continuous
370
    20
100
AcDbPolyline
 90
        2
 70
     0
 43
0.0
 10
-2178.022518833334
 20
-3796.462986595098
 10
-2177.787501566667
 20
-3803.572258911764
  0
LWPOLYLINE
  5
512
330
1F
100
AcDbEntity
  8
0
  6
Continuous
370
    20
100
AcDbPolyline
 90
        2
 70
     0
 43
0.0
 10
-2177.787501566667
 20
-3803.572258911764
 10
-2177.846255883333
 20
-3810.799039861764
  0
LWPOLYLINE
  5
513
330
1F
100
AcDbEntity
  8
0
  6
Continuous
370
    20
100
AcDbPolyline
 90
        2
 70
     0
 43
0.0
 10
-2177.846255883333
 20
-3810.799039861764
 10
-2177.846255883333
 20
-3810.799039861764
  0
LWPOLYLINE
  5
514
330
1F
100
AcDbEntity
  8
0
  6
Continuous
370
    20
100
AcDbPolyline
 90
        2
 70
     0
 43
0.0
 10
-2177.846255883333
 20
-3810.799039861764
 10
-2088.480940233333
 20
-3810.799039861764
  0
LWPOLYLINE
  5
515
330
1F
100
AcDbEntity
  8
0
  6
Continuous
370
    20
100
AcDbPolyline
 90
        2
 70
     0
 43
0.0
 10
-2088.480940233333
 20
-3810.799039861764
 10
-2088.480940233333
 20
-3810.799039861764
  0
LWPOLYLINE
  5
516
330
1F
100
AcDbEntity
  8
0
  6
Continuous
370
    20
100
AcDbPolyline
 90
        2
 70
     0
 43
0.0
 10
-2088.480940233333
 20
-3810.799039861764
 10
-1959.221443566667
 20
-3810.799039861764
  0
LWPOLYLINE
  5
517
330
1F
100
AcDbEntity
  8
0
  6
Continuous
370
    20
100
AcDbPolyline
 90
        2
 70
     0
 43
0.0
 10
-1959.221443566667
 20
-3810.799039861764
 10
-1959.221443566667
 20
-3810.799039861764
  0
LWPOLYLINE
  5
518
330
1F
100
AcDbEntity
  8
0
  6
Continuous
370
    20
100
AcDbPolyline
 90
        2
 70
     0
 43
0.0
 10
-1959.221443566667
 20
-3810.799039861764
 10
-1825.614127466667
 20
-3810.799039861764
  0
LWPOLYLINE
  5
519
330
1F
100
AcDbEntity
  8
0
  6
Continuous
370
    20
100
AcDbPolyline
 90
        2
 70
     0
 43
0.0
 10
-1825.614127466667
 20
-3810.799039861764
 10
-1825.614127466667
 20
-3810.799039861764
  0
LWPOLYLINE
  5
51A
330
1F
100
AcDbEntity
  8
0
  6
Continuous
370
    20
100
AcDbPolyline
 90
        2
 70
     0
 43
0.0
 10
-1825.614127466667
 20
-3810.799039861764
 10
-1691.007987983334
 20
-3810.799039861764
  0
LWPOLYLINE
  5
51B
330
1F
100
AcDbEntity
  8
0
  6
Continuous
370
    20
100
AcDbPolyline
 90
        2
 70
     0
 43
0.0
 10
-1691.007987983334
 20
-3810.799039861764
 10
-1691.007987983334
 20
-3810.799039861764
  0
LWPOLYLINE
  5
51C
330
1F
100
AcDbEntity
  8
0
  6
Continuous
370
    20
100
AcDbPolyline
 90
        2
 70
     0
 43
0.0
 10
-1691.007987983334
 20
-3810.799039861764
 10
-1563.863646716667
 20
-3810.799039861764
  0
LWPOLYLINE
  5
51D
330
1F
100
AcDbEntity
  8
0
  6
Continuous
370
    20
100
AcDbPolyline
 90
        2
 70
     0
 43
0.0
 10
-1563.863646716667
 20
-3810.799039861764
 10
-1563.863646716667
 20
-3810.799039861764
  0
LWPOLYLINE
  5
51E
330
1F
100
AcDbEntity
  8
0
  6
Continuous
370
    20
100
AcDbPolyline
 90
        2
 70
     0
 43
0.0
 10
-1563.863646716667
 20
-3810.799039861764
 10
-1528.9048283
 20
-3810.799039861764
  0
LWPOLYLINE
  5
51F
330
1F
100
AcDbEntity
  8
0
  6
Continuous
370
    20
100
AcDbPolyline
 90
        2
 70
     0
 43
0.0
 10
-1528.9048283
 20
-3810.799039861764
 10
-1528.9048283
 20
-3810.799039861764
  0
LWPOLYLINE
  5
520
330
1F
100
AcDbEntity
  8
0
  6
Continuous
370
    20
100
AcDbPolyline
 90
        2
 70
     0
 43
0.0
 10
-1528.9048283
 20
-3810.799039861764
 10
-1529.022336933333
 20
-3728.778013795097
  0
LWPOLYLINE
  5
521
330
1F
100
AcDbEntity
  8
0
  6
Continuous
370
    20
100
AcDbPolyline
 90
        2
 70
     0
 43
0.0
 10
-1529.022336933333
 20
-3728.778013795097
 10
-1527.377216066667
 20
-3645.699410028431
  0
LWPOLYLINE
  5
522
330
1F
100
AcDbEntity
  8
0
  6
Continuous
370
    20
100
AcDbPolyline
 90
        2
 70
     0
 43
0.0
 10
-1527.377216066667
 20
-3645.699410028431
 10
-1527.377216066667
 20
-3645.699410028431
  0
LWPOLYLINE
  5
523
330
1F
100
AcDbEntity
  8
0
  6
Continuous
370
    20
100
AcDbPolyline
 90
        2
 70
     0
 43
0.0
 10
-1527.377216066667
 20
-3645.699410028431
 10
-1524.439500233333
 20
-3562.738314895098
  0
LWPOLYLINE
  5
524
330
1F
100
AcDbEntity
  8
0
  6
Continuous
370
    20
100
AcDbPolyline
 90
        2
 70
     0
 43
0.0
 10
-1524.439500233333
 20
-3562.738314895098
 10
-1520.561715333333
 20
-3490.999294245098
  0
LWPOLYLINE
  5
525
330
1F
100
AcDbEntity
  8
0
  6
Continuous
370
    20
100
AcDbPolyline
 90
        2
 70
     0
 43
0.0
 10
-1520.561715333333
 20
-3490.999294245098
 10
-1520.561715333333
 20
-3490.999294245098
  0
LWPOLYLINE
  5
526
330
1F
100
AcDbEntity
  8
0
  6
Continuous
370
    20
100
AcDbPolyline
 90
        2
 70
     0
 43
0.0
 10
-1520.561715333333
 20
-3490.999294245098
 10
-1520.561715333333
 20
-3481.011060411765
  0
LWPOLYLINE
  5
527
330
1F
100
AcDbEntity
  8
0
  6
Continuous
370
    20
100
AcDbPolyline
 90
        2
 70
     0
 43
0.0
 10
-1796.707003666667
 20
-3602.926267495098
 10
-1796.707003666667
 20
-3602.926267495098
  0
LWPOLYLINE
  5
528
330
1F
100
AcDbEntity
  8
0
  6
Continuous
370
    20
100
AcDbPolyline
 90
        2
 70
     0
 43
0.0
 10
-1796.707003666667
 20
-3602.926267495098
 10
-1802.053646483333
 20
-3573.372846211764
  0
LWPOLYLINE
  5
529
330
1F
100
AcDbEntity
  8
0
  6
Continuous
370
    20
100
AcDbPolyline
 90
        2
 70
     0
 43
0.0
 10
-1802.053646483333
 20
-3573.372846211764
 10
-1802.053646483333
 20
-3573.372846211764
  0
LWPOLYLINE
  5
52A
330
1F
100
AcDbEntity
  8
0
  6
Continuous
370
    20
100
AcDbPolyline
 90
        2
 70
     0
 43
0.0
 10
-1802.053646483333
 20
-3573.372846211764
 10
-1629.962252966667
 20
-3542.409321328431
  0
LWPOLYLINE
  5
52B
330
1F
100
AcDbEntity
  8
0
  6
Continuous
370
    20
100
AcDbPolyline
 90
        2
 70
     0
 43
0.0
 10
-1629.962252966667
 20
-3542.409321328431
 10
-1629.962252966667
 20
-3542.409321328431
  0
LWPOLYLINE
  5
52C
330
1F
100
AcDbEntity
  8
0
  6
Continuous
370
    20
100
AcDbPolyline
 90
        2
 70
     0
 43
0.0
 10
-1629.962252966667
 20
-3542.409321328431
 10
-1624.61561015
 20
-3571.962742611765
  0
LWPOLYLINE
  5
52D
330
1F
100
AcDbEntity
  8
0
  6
Continuous
370
    20
100
AcDbPolyline
 90
        2
 70
     0
 43
0.0
 10
-1624.61561015
 20
-3571.962742611765
 10
-1624.61561015
 20
-3571.962742611765
  0
LWPOLYLINE
  5
52E
330
1F
100
AcDbEntity
  8
0
  6
Continuous
370
    20
100
AcDbPolyline
 90
        2
 70
     0
 43
0.0
 10
-1624.61561015
 20
-3571.962742611765
 10
-1796.707003666667
 20
-3602.926267495098
  0
LWPOLYLINE
  5
52F
330
1F
100
AcDbEntity
  8
0
  6
Continuous
370
    20
100
AcDbPolyline
 90
        2
 70
     0
 43
0.0
 10
-2088.480940233333
 20
-3800.810806028431
 10
-2088.480940233333
 20
-3800.810806028431
  0
LWPOLYLINE
  5
530
330
1F
100
AcDbEntity
  8
0
  6
Continuous
370
    20
100
AcDbPolyline
 90
        2
 70
     0
 43
0.0
 10
-2088.480940233333
 20
-3800.810806028431
 10
-2088.480940233333
 20
-3576.663087945098
  0
LWPOLYLINE
  5
531
330
1F
100
AcDbEntity
  8
0
  6
Continuous
370
    20
100
AcDbPolyline
 90
        2
 70
     0
 43
0.0
 10
-1825.614127466667
 20
-3800.810806028431
 10
-1825.614127466667
 20
-3800.810806028431
  0
LWPOLYLINE
  5
532
330
1F
100
AcDbEntity
  8
0
  6
Continuous
370
    20
100
AcDbPolyline
 90
        2
 70
     0
 43
0.0
 10
-1825.614127466667
 20
-3800.810806028431
 10
-1825.614127466667
 20
-3490.999294245098
  0
LWPOLYLINE
  5
533
330
1F
100
AcDbEntity
  8
0
  6
Continuous
370
    20
100
AcDbPolyline
 90
        2
 70
     0
 43
0.0
 10
-1959.221443566667
 20
-3800.810806028431
 10
-1959.221443566667
 20
-3800.810806028431
  0
LWPOLYLINE
  5
534
330
1F
100
AcDbEntity
  8
0
  6
Continuous
370
    20
100
AcDbPolyline
 90
        2
 70
     0
 43
0.0
 10
-1959.221443566667
 20
-3800.810806028431
 10
-1959.221443566667
 20
-3490.999294245098
  0
LWPOLYLINE
  5
535
330
1F
100
AcDbEntity
  8
0
  6
Continuous
370
    20
100
AcDbPolyline
 90
        2
 70
     0
 43
0.0
 10
-1691.007987983334
 20
-3800.810806028431
 10
-1691.007987983334
 20
-3800.810806028431
  0
LWPOLYLINE
  5
536
330
1F
100
AcDbEntity
  8
0
  6
Continuous
370
    20
100
AcDbPolyline
 90
        2
 70
     0
 43
0.0
 10
-1691.007987983334
 20
-3800.810806028431
 10
-1691.007987983334
 20
-3490.999294245098
  0
LWPOLYLINE
  5
537
330
1F
100
AcDbEntity
  8
0
  6
Continuous
370
    20
100
AcDbPolyline
 90
        2
 70
     0
 43
0.0
 10
-1544.298459266667
 20
-3682.009577728431
 10
-1544.298459266667
 20
-3682.009577728431
  0
LWPOLYLINE
  5
538
330
1F
100
AcDbEntity
  8
0
  6
Continuous
370
    20
100
AcDbPolyline
 90
        2
 70
     0
 43
0.0
 10
-1544.298459266667
 20
-3682.009577728431
 10
-2253.756833016667
 20
-3682.009577728431
  0
LWPOLYLINE
  5
539
330
1F
100
AcDbEntity
  8
0
  6
Continuous
370
    20
100
AcDbPolyline
 90
        2
 70
     0
 43
0.0
 10
-1691.007987983334
 20
-3481.011060411765
 10
-1691.007987983334
 20
-3490.999294245098
  0
LWPOLYLINE
  5
53A
330
1F
100
AcDbEntity
  8
0
  6
Continuous
370
    20
100
AcDbPolyline
 90
        2
 70
     0
 43
0.0
 10
-1686.013871066667
 20
-3490.999294245098
 10
-1696.0021049
 20
-3490.999294245098
  0
LWPOLYLINE
  5
53B
330
1F
100
AcDbEntity
  8
0
  6
Continuous
370
    20
100
AcDbPolyline
 90
        2
 70
     0
 43
0.0
 10
-1825.614127466667
 20
-3481.011060411765
 10
-1825.614127466667
 20
-3490.999294245098
  0
LWPOLYLINE
  5
53C
330
1F
100
AcDbEntity
  8
0
  6
Continuous
370
    20
100
AcDbPolyline
 90
        2
 70
     0
 43
0.0
 10
-1820.62001055
 20
-3490.999294245098
 10
-1830.608244383333
 20
-3490.999294245098
  0
LWPOLYLINE
  5
53D
330
1F
100
AcDbEntity
  8
0
  6
Continuous
370
    20
100
AcDbPolyline
 90
        2
 70
     0
 43
0.0
 10
-2089.185992033334
 20
-3566.674854111765
 10
-2088.480940233333
 20
-3576.663087945098
  0
LWPOLYLINE
  5
53E
330
1F
100
AcDbEntity
  8
0
  6
Continuous
370
    20
100
AcDbPolyline
 90
        2
 70
     0
 43
0.0
 10
-2083.545577633333
 20
-3576.369316361764
 10
-2093.475057150001
 20
-3576.956859528431
  0
LWPOLYLINE
  5
53F
330
1F
100
AcDbEntity
  8
0
  6
Continuous
370
    20
100
AcDbPolyline
 90
        2
 70
     0
 43
0.0
 10
-2088.480940233333
 20
-3810.799039861764
 10
-2088.480940233333
 20
-3800.810806028431
  0
LWPOLYLINE
  5
540
330
1F
100
AcDbEntity
  8
0
  6
Continuous
370
    20
100
AcDbPolyline
 90
        2
 70
     0
 43
0.0
 10
-2093.475057150001
 20
-3800.810806028431
 10
-2083.545577633333
 20
-3800.810806028431
  0
LWPOLYLINE
  5
541
330
1F
100
AcDbEntity
  8
0
  6
Continuous
370
    20
100
AcDbPolyline
 90
        2
 70
     0
 43
0.0
 10
-1959.221443566667
 20
-3810.799039861764
 10
-1959.221443566667
 20
-3800.810806028431
  0
LWPOLYLINE
  5
542
330
1F
100
AcDbEntity
  8
0
  6
Continuous
370
    20
100
AcDbPolyline
 90
        2
 70
     0
 43
0.0
 10
-1964.215560483334
 20
-3800.810806028431
 10
-1954.22732665
 20
-3800.810806028431
  0
LWPOLYLINE
  5
543
330
1F
100
AcDbEntity
  8
0
  6
Continuous
370
    20
100
AcDbPolyline
 90
        2
 70
     0
 43
0.0
 10
-1825.614127466667
 20
-3810.799039861764
 10
-1825.614127466667
 20
-3800.810806028431
  0
LWPOLYLINE
  5
544
330
1F
100
AcDbEntity
  8
0
  6
Continuous
370
    20
100
AcDbPolyline
 90
        2
 70
     0
 43
0.0
 10
-1830.608244383333
 20
-3800.810806028431
 10
-1820.62001055
 20
-3800.810806028431
  0
LWPOLYLINE
  5
545
330
1F
100
AcDbEntity
  8
0
  6
Continuous
370
    20
100
AcDbPolyline
 90
        2
 70
     0
 43
0.0
 10
-1691.007987983334
 20
-3810.799039861764
 10
-1691.007987983334
 20
-3800.810806028431
  0
LWPOLYLINE
  5
546
330
1F
100
AcDbEntity
  8
0
  6
Continuous
370
    20
100
AcDbPolyline
 90
        2
 70
     0
 43
0.0
 10
-1696.0021049
 20
-3800.810806028431
 10
-1686.013871066667
 20
-3800.810806028431
  0
LWPOLYLINE
  5
547
330
1F
100
AcDbEntity
  8
0
  6
Continuous
370
    20
100
AcDbPolyline
 90
        2
 70
     0
 43
0.0
 10
-1563.863646716667
 20
-3810.799039861764
 10
-1563.863646716667
 20
-3800.810806028431
  0
LWPOLYLINE
  5
548
330
1F
100
AcDbEntity
  8
0
  6
Continuous
370
    20
100
AcDbPolyline
 90
        2
 70
     0
 43
0.0
 10
-1568.857763633333
 20
-3800.810806028431
 10
-1558.8695298
 20
-3800.810806028431
  0
LWPOLYLINE
  5
549
330
1F
100
AcDbEntity
  8
0
  6
Continuous
370
    20
100
AcDbPolyline
 90
        2
 70
     0
 43
0.0
 10
-1527.377216066667
 20
-3645.699410028431
 10
-1537.365449900001
 20
-3645.464392761764
  0
LWPOLYLINE
  5
54A
330
1F
100
AcDbEntity
  8
0
  6
Continuous
370
    20
100
AcDbPolyline
 90
        2
 70
     0
 43
0.0
 10
-1537.54171285
 20
-3650.458509678431
 10
-1537.18918695
 20
-3640.470275845097
  0
LWPOLYLINE
  5
102E9
330
1F
100
AcDbEntity
  8
0
  6
Continuous
370
    20
100
AcDbPolyline
 90
        2
 70
     0
 43
0.0
 10
889.3640913833333
 20
-3481.011060411765
 10
889.3640913833333
 20
-4376.661863678431
  0
LWPOLYLINE
  5
102EA
330
1F
100
AcDbEntity
  8
0
  6
Continuous
370
    20
100
AcDbPolyline
 90
        2
 70
     0
 43
0.0
 10
647.0612894499995
 20
-4325.428099545098
 10
646.7087635499997
 20
-4335.416333378431
  0
LWPOLYLINE
  5
102EB
330
1F
100
AcDbEntity
  8
0
  6
Continuous
370
    20
100
AcDbPolyline
 90
        2
 70
     0
 43
0.0
 10
636.8967926666664
 20
-4330.128444878432
 10
646.8850264999996
 20
-4330.422216461764
  0
LWPOLYLINE
  5
102EC
330
1F
100
AcDbEntity
  8
0
  6
Continuous
370
    20
100
AcDbPolyline
 90
        2
 70
     0
 43
0.0
 10
697.4137388333333
 20
-4188.471787395097
 10
690.7157467333331
 20
-4195.933585611764
  0
LWPOLYLINE
  5
102ED
330
1F
100
AcDbEntity
  8
0
  6
Continuous
370
    20
100
AcDbPolyline
 90
        2
 70
     0
 43
0.0
 10
686.6029445666663
 20
-4185.534071561764
 10
694.1234970999994
 20
-4192.173309345097
  0
LWPOLYLINE
  5
102EE
330
1F
100
AcDbEntity
  8
0
  6
Continuous
370
    20
100
AcDbPolyline
 90
        2
 70
     0
 43
0.0
 10
879.7283834499999
 20
-4234.770188928432
 10
879.1408402833331
 20
-4224.781955095098
  0
LWPOLYLINE
  5
102EF
330
1F
100
AcDbEntity
  8
0
  6
Continuous
370
    20
100
AcDbPolyline
 90
        2
 70
     0
 43
0.0
 10
889.3640913833333
 20
-4229.247283161764
 10
879.3758575500001
 20
-4229.776072011765
  0
LWPOLYLINE
  5
102F0
330
1F
100
AcDbEntity
  8
0
  6
Continuous
370
    20
100
AcDbPolyline
 90
        2
 70
     0
 43
0.0
 10
846.2384229499999
 20
-4335.357579061765
 10
847.413509283333
 20
-4325.428099545098
  0
LWPOLYLINE
  5
102F1
330
1F
100
AcDbEntity
  8
0
  6
Continuous
370
    20
100
AcDbPolyline
 90
        2
 70
     0
 43
0.0
 10
856.6966913166666
 20
-4331.597302795097
 10
846.8259661166671
 20
-4330.422216461765
  0
LWPOLYLINE
  5
102F2
330
1F
100
AcDbEntity
  8
0
  6
Continuous
370
    20
100
AcDbPolyline
 90
        2
 70
     0
 43
0.0
 10
647.0612894499995
 20
-4325.428099545098
 10
646.7087635499997
 20
-4335.416333378431
  0
LWPOLYLINE
  5
102F3
330
1F
100
AcDbEntity
  8
0
  6
Continuous
370
    20
100
AcDbPolyline
 90
        2
 70
     0
 43
0.0
 10
636.8967926666664
 20
-4330.128444878432
 10
646.8850264999996
 20
-4330.422216461764
  0
LWPOLYLINE
  5
102F4
330
1F
100
AcDbEntity
  8
0
  6
Continuous
370
    20
100
AcDbPolyline
 90
        2
 70
     0
 43
0.0
 10
659.8697304833327
 20
-4248.988733561765
 10
834.7225768833336
 20
-4248.988733561765
  0
LWPOLYLINE
  5
102F5
330
1F
100
AcDbEntity
  8
0
  6
Continuous
370
    20
100
AcDbPolyline
 90
        2
 70
     0
 43
0.0
 10
659.8697304833327
 20
-4248.988733561765
 10
659.8697304833327
 20
-4248.988733561765
  0
LWPOLYLINE
  5
102F6
330
1F
100
AcDbEntity
  8
0
  6
Continuous
370
    20
100
AcDbPolyline
 90
        2
 70
     0
 43
0.0
 10
651.8791434166664
 20
-4360.386917961764
 10
651.8791434166664
 20
-4330.422216461764
  0
LWPOLYLINE
  5
102F7
330
1F
100
AcDbEntity
  8
0
  6
Continuous
370
    20
100
AcDbPolyline
 90
        2
 70
     0
 43
0.0
 10
651.8791434166664
 20
-4360.386917961764
 10
651.8791434166664
 20
-4360.386917961764
  0
LWPOLYLINE
  5
102F8
330
1F
100
AcDbEntity
  8
0
  6
Continuous
370
    20
100
AcDbPolyline
 90
        2
 70
     0
 43
0.0
 10
826.7907441333331
 20
-4360.386917961764
 10
651.8791434166664
 20
-4360.386917961764
  0
LWPOLYLINE
  5
102F9
330
1F
100
AcDbEntity
  8
0
  6
Continuous
370
    20
100
AcDbPolyline
 90
        2
 70
     0
 43
0.0
 10
826.7907441333331
 20
-4360.386917961764
 10
826.7907441333331
 20
-4360.386917961764
  0
LWPOLYLINE
  5
102FA
330
1F
100
AcDbEntity
  8
0
  6
Continuous
370
    20
100
AcDbPolyline
 90
        2
 70
     0
 43
0.0
 10
826.7907441333331
 20
-4330.422216461765
 10
826.7907441333331
 20
-4360.386917961764
  0
LWPOLYLINE
  5
102FB
330
1F
100
AcDbEntity
  8
0
  6
Continuous
370
    20
100
AcDbPolyline
 90
        2
 70
     0
 43
0.0
 10
826.7907441333331
 20
-4330.422216461765
 10
826.7907441333331
 20
-4330.422216461765
  0
LWPOLYLINE
  5
102FC
330
1F
100
AcDbEntity
  8
0
  6
Continuous
370
    20
100
AcDbPolyline
 90
        2
 70
     0
 43
0.0
 10
651.8791434166664
 20
-4330.422216461764
 10
826.7907441333331
 20
-4330.422216461765
  0
LWPOLYLINE
  5
102FD
330
1F
100
AcDbEntity
  8
0
  6
Continuous
370
    20
100
AcDbPolyline
 90
        2
 70
     0
 43
0.0
 10
651.8791434166664
 20
-4330.422216461764
 10
651.8791434166664
 20
-4330.422216461764
  0
LWPOLYLINE
  5
102FE
330
1F
100
AcDbEntity
  8
0
  6
Continuous
370
    20
100
AcDbPolyline
 90
        2
 70
     0
 43
0.0
 10
637.7781074166664
 20
-4311.150800595098
 10
636.8967926666664
 20
-4330.128444878432
  0
LWPOLYLINE
  5
102FF
330
1F
100
AcDbEntity
  8
0
  6
Continuous
370
    20
100
AcDbPolyline
 90
        2
 70
     0
 43
0.0
 10
639.3057196500003
 20
-4292.173156311764
 10
637.7781074166664
 20
-4311.150800595098
  0
LWPOLYLINE
  5
10300
330
1F
100
AcDbEntity
  8
0
  6
Continuous
370
    20
100
AcDbPolyline
 90
        2
 70
     0
 43
0.0
 10
640.657068933333
 20
-4282.654957011764
 10
639.3057196500003
 20
-4292.173156311764
  0
LWPOLYLINE
  5
10301
330
1F
100
AcDbEntity
  8
0
  6
Continuous
370
    20
100
AcDbPolyline
 90
        2
 70
     0
 43
0.0
 10
642.3021898000001
 20
-4273.078003395098
 10
640.657068933333
 20
-4282.654957011764
  0
LWPOLYLINE
  5
10302
330
1F
100
AcDbEntity
  8
0
  6
Continuous
370
    20
100
AcDbPolyline
 90
        2
 70
     0
 43
0.0
 10
644.5348538333332
 20
-4263.677312728431
 10
642.3021898000001
 20
-4273.078003395098
  0
LWPOLYLINE
  5
10303
330
1F
100
AcDbEntity
  8
0
  6
Continuous
370
    20
100
AcDbPolyline
 90
        2
 70
     0
 43
0.0
 10
647.2963067166666
 20
-4254.570393645098
 10
644.5348538333332
 20
-4263.677312728431
  0
LWPOLYLINE
  5
10304
330
1F
100
AcDbEntity
  8
0
  6
Continuous
370
    20
100
AcDbPolyline
 90
        2
 70
     0
 43
0.0
 10
652.0554063666668
 20
-4242.467004411764
 10
647.2963067166666
 20
-4254.570393645098
  0
LWPOLYLINE
  5
10305
330
1F
100
AcDbEntity
  8
0
  6
Continuous
370
    20
100
AcDbPolyline
 90
        2
 70
     0
 43
0.0
 10
657.6370664500005
 20
-4230.774895395097
 10
652.0554063666668
 20
-4242.467004411764
  0
LWPOLYLINE
  5
10306
330
1F
100
AcDbEntity
  8
0
  6
Continuous
370
    20
100
AcDbPolyline
 90
        2
 70
     0
 43
0.0
 10
663.8062697
 20
-4219.376557961765
 10
657.6370664500005
 20
-4230.774895395097
  0
LWPOLYLINE
  5
10307
330
1F
100
AcDbEntity
  8
0
  6
Continuous
370
    20
100
AcDbPolyline
 90
        2
 70
     0
 43
0.0
 10
668.9766495666672
 20
-4210.445901828431
 10
663.8062697
 20
-4219.376557961765
  0
LWPOLYLINE
  5
10308
330
1F
100
AcDbEntity
  8
0
  6
Continuous
370
    20
100
AcDbPolyline
 90
        2
 70
     0
 43
0.0
 10
674.3820467
 20
-4201.867771595098
 10
668.9766495666672
 20
-4210.445901828431
  0
LWPOLYLINE
  5
10309
330
1F
100
AcDbEntity
  8
0
  6
Continuous
370
    20
100
AcDbPolyline
 90
        2
 70
     0
 43
0.0
 10
680.2574783666663
 20
-4193.524658628431
 10
674.3820467
 20
-4201.867771595098
  0
LWPOLYLINE
  5
1030A
330
1F
100
AcDbEntity
  8
0
  6
Continuous
370
    20
100
AcDbPolyline
 90
        2
 70
     0
 43
0.0
 10
686.6029445666663
 20
-4185.534071561764
 10
680.2574783666663
 20
-4193.524658628431
  0
LWPOLYLINE
  5
1030B
330
1F
100
AcDbEntity
  8
0
  6
Continuous
370
    20
100
AcDbPolyline
 90
        2
 70
     0
 43
0.0
 10
693.3596909833331
 20
-4178.131027661765
 10
686.6029445666663
 20
-4185.534071561764
  0
LWPOLYLINE
  5
1030C
330
1F
100
AcDbEntity
  8
0
  6
Continuous
370
    20
100
AcDbPolyline
 90
        2
 70
     0
 43
0.0
 10
700.6452262499997
 20
-4171.374281245098
 10
693.3596909833331
 20
-4178.131027661765
  0
LWPOLYLINE
  5
1030D
330
1F
100
AcDbEntity
  8
0
  6
Continuous
370
    20
100
AcDbPolyline
 90
        2
 70
     0
 43
0.0
 10
708.5183046833326
 20
-4165.14632367843
 10
700.6452262499997
 20
-4171.374281245098
  0
LWPOLYLINE
  5
1030E
330
1F
100
AcDbEntity
  8
0
  6
Continuous
370
    20
100
AcDbPolyline
 90
        2
 70
     0
 43
0.0
 10
716.6851547000001
 20
-4159.682172228431
 10
708.5183046833326
 20
-4165.14632367843
  0
LWPOLYLINE
  5
1030F
330
1F
100
AcDbEntity
  8
0
  6
Continuous
370
    20
100
AcDbPolyline
 90
        2
 70
     0
 43
0.0
 10
729.7286130000002
 20
-4152.925425811765
 10
716.6851547000001
 20
-4159.682172228431
  0
LWPOLYLINE
  5
10310
330
1F
100
AcDbEntity
  8
0
  6
Continuous
370
    20
100
AcDbPolyline
 90
        2
 70
     0
 43
0.0
 10
743.4183687833333
 20
-4147.343765728431
 10
729.7286130000002
 20
-4152.925425811765
  0
LWPOLYLINE
  5
10311
330
1F
100
AcDbEntity
  8
0
  6
Continuous
370
    20
100
AcDbPolyline
 90
        2
 70
     0
 43
0.0
 10
757.4018961500001
 20
-4142.467157445097
 10
743.4183687833333
 20
-4147.343765728431
  0
LWPOLYLINE
  5
10312
330
1F
100
AcDbEntity
  8
0
  6
Continuous
370
    20
100
AcDbPolyline
 90
        2
 70
     0
 43
0.0
 10
767.3901299833333
 20
-4140.763282261764
 10
757.4018961500001
 20
-4142.467157445097
  0
LWPOLYLINE
  5
10313
330
1F
100
AcDbEntity
  8
0
  6
Continuous
370
    20
100
AcDbPolyline
 90
        2
 70
     0
 43
0.0
 10
777.4371181333326
 20
-4139.235670028432
 10
767.3901299833333
 20
-4140.763282261764
  0
LWPOLYLINE
  5
10314
330
1F
100
AcDbEntity
  8
0
  6
Continuous
370
    20
100
AcDbPolyline
 90
        2
 70
     0
 43
0.0
 10
787.4253519666667
 20
-4138.119338011764
 10
777.4371181333326
 20
-4139.235670028432
  0
LWPOLYLINE
  5
10315
330
1F
100
AcDbEntity
  8
0
  6
Continuous
370
    20
100
AcDbPolyline
 90
        2
 70
     0
 43
0.0
 10
797.5898487500003
 20
-4137.531794845098
 10
787.4253519666667
 20
-4138.119338011764
  0
LWPOLYLINE
  5
10316
330
1F
100
AcDbEntity
  8
0
  6
Continuous
370
    20
100
AcDbPolyline
 90
        2
 70
     0
 43
0.0
 10
805.8742073999997
 20
-4137.708057795098
 10
797.5898487500003
 20
-4137.531794845098
  0
LWPOLYLINE
  5
10317
330
1F
100
AcDbEntity
  8
0
  6
Continuous
370
    20
100
AcDbPolyline
 90
        2
 70
     0
 43
0.0
 10
814.15856605
 20
-4138.413109595098
 10
805.8742073999997
 20
-4137.708057795098
  0
LWPOLYLINE
  5
10318
330
1F
100
AcDbEntity
  8
0
  6
Continuous
370
    20
100
AcDbPolyline
 90
        2
 70
     0
 43
0.0
 10
822.3841703833327
 20
-4139.823213195098
 10
814.15856605
 20
-4138.413109595098
  0
LWPOLYLINE
  5
10319
330
1F
100
AcDbEntity
  8
0
  6
Continuous
370
    20
100
AcDbPolyline
 90
        2
 70
     0
 43
0.0
 10
830.4335117666663
 20
-4141.997122911765
 10
822.3841703833327
 20
-4139.823213195098
  0
LWPOLYLINE
  5
1031A
330
1F
100
AcDbEntity
  8
0
  6
Continuous
370
    20
100
AcDbPolyline
 90
        2
 70
     0
 43
0.0
 10
837.3665211333328
 20
-4144.758575795098
 10
830.4335117666663
 20
-4141.997122911765
  0
LWPOLYLINE
  5
1031B
330
1F
100
AcDbEntity
  8
0
  6
Continuous
370
    20
100
AcDbPolyline
 90
        2
 70
     0
 43
0.0
 10
843.9470045999996
 20
-4148.04881752843
 10
837.3665211333328
 20
-4144.758575795098
  0
LWPOLYLINE
  5
1031C
330
1F
100
AcDbEntity
  8
0
  6
Continuous
370
    20
100
AcDbPolyline
 90
        2
 70
     0
 43
0.0
 10
850.2337164833338
 20
-4151.985356745098
 10
843.9470045999996
 20
-4148.04881752843
  0
LWPOLYLINE
  5
1031D
330
1F
100
AcDbEntity
  8
0
  6
Continuous
370
    20
100
AcDbPolyline
 90
        2
 70
     0
 43
0.0
 10
855.9328851999994
 20
-4156.685702078432
 10
850.2337164833338
 20
-4151.985356745098
  0
LWPOLYLINE
  5
1031E
330
1F
100
AcDbEntity
  8
0
  6
Continuous
370
    20
100
AcDbPolyline
 90
        2
 70
     0
 43
0.0
 10
862.1608427666664
 20
-4163.031168278432
 10
855.9328851999994
 20
-4156.685702078432
  0
LWPOLYLINE
  5
1031F
330
1F
100
AcDbEntity
  8
0
  6
Continuous
370
    20
100
AcDbPolyline
 90
        2
 70
     0
 43
0.0
 10
867.7425028500001
 20
-4169.964177645097
 10
862.1608427666664
 20
-4163.031168278432
  0
LWPOLYLINE
  5
10320
330
1F
100
AcDbEntity
  8
0
  6
Continuous
370
    20
100
AcDbPolyline
 90
        2
 70
     0
 43
0.0
 10
872.6191111333328
 20
-4177.367221545098
 10
867.7425028500001
 20
-4169.964177645097
  0
LWPOLYLINE
  5
10321
330
1F
100
AcDbEntity
  8
0
  6
Continuous
370
    20
100
AcDbPolyline
 90
        2
 70
     0
 43
0.0
 10
876.2031244499999
 20
-4183.301407528431
 10
872.6191111333328
 20
-4177.367221545098
  0
LWPOLYLINE
  5
10322
330
1F
100
AcDbEntity
  8
0
  6
Continuous
370
    20
100
AcDbPolyline
 90
        2
 70
     0
 43
0.0
 10
879.3758575500001
 20
-4189.411856461765
 10
876.2031244499999
 20
-4183.301407528431
  0
LWPOLYLINE
  5
10323
330
1F
100
AcDbEntity
  8
0
  6
Continuous
370
    20
100
AcDbPolyline
 90
        2
 70
     0
 43
0.0
 10
882.19606475
 20
-4195.639814028432
 10
879.3758575500001
 20
-4189.411856461765
  0
LWPOLYLINE
  5
10324
330
1F
100
AcDbEntity
  8
0
  6
Continuous
370
    20
100
AcDbPolyline
 90
        2
 70
     0
 43
0.0
 10
884.4874831000002
 20
-4202.102788861764
 10
882.19606475
 20
-4195.639814028432
  0
LWPOLYLINE
  5
10325
330
1F
100
AcDbEntity
  8
0
  6
Continuous
370
    20
100
AcDbPolyline
 90
        2
 70
     0
 43
0.0
 10
887.5427075666665
 20
-4215.440018745097
 10
884.4874831000002
 20
-4202.102788861764
  0
LWPOLYLINE
  5
10326
330
1F
100
AcDbEntity
  8
0
  6
Continuous
370
    20
100
AcDbPolyline
 90
        2
 70
     0
 43
0.0
 10
889.3640913833333
 20
-4229.247283161764
 10
887.5427075666665
 20
-4215.440018745097
  0
LWPOLYLINE
  5
10327
330
1F
100
AcDbEntity
  8
0
  6
Continuous
370
    20
100
AcDbPolyline
 90
        2
 70
     0
 43
0.0
 10
889.3640913833333
 20
-4229.247283161764
 10
889.3640913833333
 20
-4229.247283161764
  0
LWPOLYLINE
  5
10328
330
1F
100
AcDbEntity
  8
0
  6
Continuous
370
    20
100
AcDbPolyline
 90
        2
 70
     0
 43
0.0
 10
889.3640913833333
 20
-4236.532818428432
 10
889.3640913833333
 20
-4229.247283161764
  0
LWPOLYLINE
  5
10329
330
1F
100
AcDbEntity
  8
0
  6
Continuous
370
    20
100
AcDbPolyline
 90
        2
 70
     0
 43
0.0
 10
889.1878284333339
 20
-4243.877108011765
 10
889.3640913833333
 20
-4236.532818428432
  0
LWPOLYLINE
  5
1032A
330
1F
100
AcDbEntity
  8
0
  6
Continuous
370
    20
100
AcDbPolyline
 90
        2
 70
     0
 43
0.0
 10
888.5415309499999
 20
-4251.103888961765
 10
889.1878284333339
 20
-4243.877108011765
  0
LWPOLYLINE
  5
1032B
330
1F
100
AcDbEntity
  8
0
  6
Continuous
370
    20
100
AcDbPolyline
 90
        2
 70
     0
 43
0.0
 10
887.3664446166662
 20
-4258.095652645098
 10
888.5415309499999
 20
-4251.103888961765
  0
LWPOLYLINE
  5
1032C
330
1F
100
AcDbEntity
  8
0
  6
Continuous
370
    20
100
AcDbPolyline
 90
        2
 70
     0
 43
0.0
 10
884.3699744666659
 20
-4267.496343311765
 10
887.3664446166662
 20
-4258.095652645098
  0
LWPOLYLINE
  5
1032D
330
1F
100
AcDbEntity
  8
0
  6
Continuous
370
    20
100
AcDbPolyline
 90
        2
 70
     0
 43
0.0
 10
880.2571722999996
 20
-4276.603262395098
 10
884.3699744666659
 20
-4267.496343311765
  0
LWPOLYLINE
  5
1032E
330
1F
100
AcDbEntity
  8
0
  6
Continuous
370
    20
100
AcDbPolyline
 90
        2
 70
     0
 43
0.0
 10
875.3218097000003
 20
-4285.357655578431
 10
880.2571722999996
 20
-4276.603262395098
  0
LWPOLYLINE
  5
1032F
330
1F
100
AcDbEntity
  8
0
  6
Continuous
370
    20
100
AcDbPolyline
 90
        2
 70
     0
 43
0.0
 10
871.855305016666
 20
-4290.939315661765
 10
875.3218097000003
 20
-4285.357655578431
  0
LWPOLYLINE
  5
10330
330
1F
100
AcDbEntity
  8
0
  6
Continuous
370
    20
100
AcDbPolyline
 90
        2
 70
     0
 43
0.0
 10
868.3888003333331
 20
-4296.579730061765
 10
871.855305016666
 20
-4290.939315661765
  0
LWPOLYLINE
  5
10331
330
1F
100
AcDbEntity
  8
0
  6
Continuous
370
    20
100
AcDbPolyline
 90
        2
 70
     0
 43
0.0
 10
865.1573129166663
 20
-4302.278898778431
 10
868.3888003333331
 20
-4296.579730061765
  0
LWPOLYLINE
  5
10332
330
1F
100
AcDbEntity
  8
0
  6
Continuous
370
    20
100
AcDbPolyline
 90
        2
 70
     0
 43
0.0
 10
862.4546143499996
 20
-4308.095576128431
 10
865.1573129166663
 20
-4302.278898778431
  0
LWPOLYLINE
  5
10333
330
1F
100
AcDbEntity
  8
0
  6
Continuous
370
    20
100
AcDbPolyline
 90
        2
 70
     0
 43
0.0
 10
858.9881096666664
 20
-4319.611422195097
 10
862.4546143499996
 20
-4308.095576128431
  0
LWPOLYLINE
  5
10334
330
1F
100
AcDbEntity
  8
0
  6
Continuous
370
    20
100
AcDbPolyline
 90
        2
 70
     0
 43
0.0
 10
856.6966913166666
 20
-4331.597302795097
 10
858.9881096666664
 20
-4319.611422195097
  0
LWPOLYLINE
  5
10335
330
1F
100
AcDbEntity
  8
0
  6
Continuous
370
    20
100
AcDbPolyline
 90
        2
 70
     0
 43
0.0
 10
856.6966913166666
 20
-4331.597302795097
 10
856.6966913166666
 20
-4331.597302795097
  0
LWPOLYLINE
  5
10336
330
1F
100
AcDbEntity
  8
0
  6
Continuous
370
    20
100
AcDbPolyline
 90
        2
 70
     0
 43
0.0
 10
856.6966913166666
 20
-4370.375151795097
 10
856.6966913166666
 20
-4331.597302795097
  0
LWPOLYLINE
  5
10337
330
1F
100
AcDbEntity
  8
0
  6
Continuous
370
    20
100
AcDbPolyline
 90
        2
 70
     0
 43
0.0
 10
856.6966913166666
 20
-4370.375151795097
 10
856.6966913166666
 20
-4370.375151795097
  0
LWPOLYLINE
  5
10338
330
1F
100
AcDbEntity
  8
0
  6
Continuous
370
    20
100
AcDbPolyline
 90
        2
 70
     0
 43
0.0
 10
636.8967926666664
 20
-4370.375151795097
 10
856.6966913166666
 20
-4370.375151795097
  0
LWPOLYLINE
  5
10339
330
1F
100
AcDbEntity
  8
0
  6
Continuous
370
    20
100
AcDbPolyline
 90
        2
 70
     0
 43
0.0
 10
636.8967926666664
 20
-4370.375151795097
 10
636.8967926666664
 20
-4370.375151795097
  0
LWPOLYLINE
  5
1033A
330
1F
100
AcDbEntity
  8
0
  6
Continuous
370
    20
100
AcDbPolyline
 90
        2
 70
     0
 43
0.0
 10
636.8967926666664
 20
-4330.128444878432
 10
636.8967926666664
 20
-4370.375151795097
  0
LWPOLYLINE
  5
1033B
330
1F
100
AcDbEntity
  8
0
  6
Continuous
370
    20
100
AcDbPolyline
 90
        2
 70
     0
 43
0.0
 10
636.8967926666664
 20
-4330.128444878432
 10
636.8967926666664
 20
-4330.128444878432
  0
LWPOLYLINE
  5
1033C
330
1F
100
AcDbEntity
  8
0
  6
Continuous
370
    20
100
AcDbPolyline
 90
        2
 70
     0
 43
0.0
 10
649.2939534833335
 20
-4293.524505595097
 10
646.8850264999996
 20
-4330.422216461764
  0
LWPOLYLINE
  5
1033D
330
1F
100
AcDbEntity
  8
0
  6
Continuous
370
    20
100
AcDbPolyline
 90
        2
 70
     0
 43
0.0
 10
656.8732603333328
 20
-4257.684372428431
 10
649.2939534833335
 20
-4293.524505595097
  0
LWPOLYLINE
  5
1033E
330
1F
100
AcDbEntity
  8
0
  6
Continuous
370
    20
100
AcDbPolyline
 90
        2
 70
     0
 43
0.0
 10
672.5606628833324
 20
-4224.253166245098
 10
656.8732603333328
 20
-4257.684372428431
  0
LWPOLYLINE
  5
1033F
330
1F
100
AcDbEntity
  8
0
  6
Continuous
370
    20
100
AcDbPolyline
 90
        2
 70
     0
 43
0.0
 10
694.1234970999994
 20
-4192.29081797843
 10
672.5606628833324
 20
-4224.253166245098
  0
LWPOLYLINE
  5
10340
330
1F
100
AcDbEntity
  8
0
  6
Continuous
370
    20
100
AcDbPolyline
 90
        2
 70
     0
 43
0.0
 10
722.0317975166658
 20
-4168.260302461765
 10
694.1234970999994
 20
-4192.29081797843
  0
LWPOLYLINE
  5
10341
330
1F
100
AcDbEntity
  8
0
  6
Continuous
370
    20
100
AcDbPolyline
 90
        2
 70
     0
 43
0.0
 10
760.0458403999996
 20
-4152.161619695098
 10
722.0317975166658
 20
-4168.260302461765
  0
LWPOLYLINE
  5
10342
330
1F
100
AcDbEntity
  8
0
  6
Continuous
370
    20
100
AcDbPolyline
 90
        2
 70
     0
 43
0.0
 10
797.4723401166661
 20
-4147.578782995098
 10
760.0458403999996
 20
-4152.161619695098
  0
LWPOLYLINE
  5
10343
330
1F
100
AcDbEntity
  8
0
  6
Continuous
370
    20
100
AcDbPolyline
 90
        2
 70
     0
 43
0.0
 10
827.2020243499996
 20
-4151.691585161763
 10
797.4723401166661
 20
-4147.578782995098
  0
LWPOLYLINE
  5
10344
330
1F
100
AcDbEntity
  8
0
  6
Continuous
370
    20
100
AcDbPolyline
 90
        2
 70
     0
 43
0.0
 10
849.3524017333324
 20
-4164.382517561764
 10
827.2020243499996
 20
-4151.691585161763
  0
LWPOLYLINE
  5
10345
330
1F
100
AcDbEntity
  8
0
  6
Continuous
370
    20
100
AcDbPolyline
 90
        2
 70
     0
 43
0.0
 10
864.158489533333
 20
-4182.831372995098
 10
849.3524017333324
 20
-4164.382517561764
  0
LWPOLYLINE
  5
10346
330
1F
100
AcDbEntity
  8
0
  6
Continuous
370
    20
100
AcDbPolyline
 90
        2
 70
     0
 43
0.0
 10
874.8517751666659
 20
-4205.158013328431
 10
864.158489533333
 20
-4182.831372995098
  0
LWPOLYLINE
  5
10347
330
1F
100
AcDbEntity
  8
0
  6
Continuous
370
    20
100
AcDbPolyline
 90
        2
 70
     0
 43
0.0
 10
879.3171032333326
 20
-4229.776072011765
 10
874.8517751666659
 20
-4205.158013328431
  0
LWPOLYLINE
  5
10348
330
1F
100
AcDbEntity
  8
0
  6
Continuous
370
    20
100
AcDbPolyline
 90
        2
 70
     0
 43
0.0
 10
877.4369650999997
 20
-4255.745479978431
 10
879.3171032333326
 20
-4229.776072011765
  0
LWPOLYLINE
  5
10349
330
1F
100
AcDbEntity
  8
0
  6
Continuous
370
    20
100
AcDbPolyline
 90
        2
 70
     0
 43
0.0
 10
866.4499078833332
 20
-4280.833573195098
 10
877.4369650999997
 20
-4255.745479978431
  0
LWPOLYLINE
  5
1034A
330
1F
100
AcDbEntity
  8
0
  6
Continuous
370
    20
100
AcDbPolyline
 90
        2
 70
     0
 43
0.0
 10
853.1126779999999
 20
-4304.394054178431
 10
866.4499078833332
 20
-4280.833573195098
  0
LWPOLYLINE
  5
1034B
330
1F
100
AcDbEntity
  8
0
  6
Continuous
370
    20
100
AcDbPolyline
 90
        2
 70
     0
 43
0.0
 10
846.7672118000001
 20
-4330.422216461765
 10
853.1126779999999
 20
-4304.394054178431
  0
LWPOLYLINE
  5
1034C
330
1F
100
AcDbEntity
  8
0
  6
Continuous
370
    20
100
AcDbPolyline
 90
        2
 70
     0
 43
0.0
 10
846.7672118000001
 20
-4360.386917961764
 10
846.7672118000001
 20
-4330.422216461765
  0
LWPOLYLINE
  5
1034D
330
1F
100
AcDbEntity
  8
0
  6
Continuous
370
    20
100
AcDbPolyline
 90
        2
 70
     0
 43
0.0
 10
646.8850264999996
 20
-4360.386917961764
 10
846.7672118000001
 20
-4360.386917961764
  0
LWPOLYLINE
  5
1034E
330
1F
100
AcDbEntity
  8
0
  6
Continuous
370
    20
100
AcDbPolyline
 90
        2
 70
     0
 43
0.0
 10
646.8850264999996
 20
-4330.422216461764
 10
646.8850264999996
 20
-4360.386917961764
  0
LWPOLYLINE
  5
1034F
330
1F
100
AcDbEntity
  8
0
  6
Continuous
370
    20
100
AcDbPolyline
 90
        2
 70
     0
 43
0.0
 10
413.8654066000003
 20
-4044.053677028431
 10
413.8654066000003
 20
-4034.065443195098
  0
LWPOLYLINE
  5
10350
330
1F
100
AcDbEntity
  8
0
  6
Continuous
370
    20
100
AcDbPolyline
 90
        2
 70
     0
 43
0.0
 10
423.8536404333326
 20
-4039.059560111764
 10
413.8654066000003
 20
-4039.059560111764
  0
LWPOLYLINE
  5
10351
330
1F
100
AcDbEntity
  8
0
  6
Continuous
370
    20
100
AcDbPolyline
 90
        2
 70
     0
 43
0.0
 10
406.1685911166664
 20
-4200.575176628431
 10
407.4611860833337
 20
-4190.645697111764
  0
LWPOLYLINE
  5
10352
330
1F
100
AcDbEntity
  8
0
  6
Continuous
370
    20
100
AcDbPolyline
 90
        2
 70
     0
 43
0.0
 10
416.7443681166669
 20
-4196.932408995098
 10
406.8736429166665
 20
-4195.581059711764
  0
LWPOLYLINE
  5
10353
330
1F
100
AcDbEntity
  8
0
  6
Continuous
370
    20
100
AcDbPolyline
 90
        2
 70
     0
 43
0.0
 10
340.598773716666
 20
-4359.975637745097
 10
350.5870075499997
 20
-4359.623111845098
  0
LWPOLYLINE
  5
10354
330
1F
100
AcDbEntity
  8
0
  6
Continuous
370
    20
100
AcDbPolyline
 90
        2
 70
     0
 43
0.0
 10
345.9454165333327
 20
-4369.787608628431
 10
345.5928906333333
 20
-4359.799374795097
  0
LWPOLYLINE
  5
10355
330
1F
100
AcDbEntity
  8
0
  6
Continuous
370
    20
100
AcDbPolyline
 90
        2
 70
     0
 43
0.0
 10
388.8360677
 20
-4034.065443195098
 10
388.8360677
 20
-4044.053677028431
  0
LWPOLYLINE
  5
10356
330
1F
100
AcDbEntity
  8
0
  6
Continuous
370
    20
100
AcDbPolyline
 90
        2
 70
     0
 43
0.0
 10
378.8478338666664
 20
-4039.059560111764
 10
388.8360677
 20
-4039.059560111764
  0
LWPOLYLINE
  5
10357
330
1F
100
AcDbEntity
  8
0
  6
Continuous
370
    20
100
AcDbPolyline
 90
        2
 70
     0
 43
0.0
 10
350.5870075499997
 20
-3718.496008378432
 10
340.598773716666
 20
-3718.143482478431
  0
LWPOLYLINE
  5
10358
330
1F
100
AcDbEntity
  8
0
  6
Continuous
370
    20
100
AcDbPolyline
 90
        2
 70
     0
 43
0.0
 10
345.9454165333327
 20
-3708.331511595098
 10
345.5928906333333
 20
-3718.319745428432
  0
LWPOLYLINE
  5
10359
330
1F
100
AcDbEntity
  8
0
  6
Continuous
370
    20
100
AcDbPolyline
 90
        2
 70
     0
 43
0.0
 10
407.5199403999995
 20
-3887.70844037843
 10
406.1685911166664
 20
-3877.778960861764
  0
LWPOLYLINE
  5
1035A
330
1F
100
AcDbEntity
  8
0
  6
Continuous
370
    20
100
AcDbPolyline
 90
        2
 70
     0
 43
0.0
 10
416.7443681166669
 20
-3881.421728495098
 10
406.8736429166665
 20
-3882.773077778431
  0
LWPOLYLINE
  5
1035B
330
1F
100
AcDbEntity
  8
0
  6
Continuous
370
    20
100
AcDbPolyline
 90
        2
 70
     0
 43
0.0
 10
413.8654066000003
 20
-4044.053677028431
 10
413.8654066000003
 20
-4034.065443195098
  0
LWPOLYLINE
  5
1035C
330
1F
100
AcDbEntity
  8
0
  6
Continuous
370
    20
100
AcDbPolyline
 90
        2
 70
     0
 43
0.0
 10
423.8536404333326
 20
-4039.059560111764
 10
413.8654066000003
 20
-4039.059560111764
  0
LWPOLYLINE
  5
1035D
330
1F
100
AcDbEntity
  8
0
  6
Continuous
370
    20
100
AcDbPolyline
 90
        2
 70
     0
 43
0.0
 10
418.8595235166663
 20
-4039.059560111764
 10
383.8419507833332
 20
-4039.059560111764
  0
LWPOLYLINE
  5
1035E
330
1F
100
AcDbEntity
  8
0
  6
Continuous
370
    20
100
AcDbPolyline
 90
        2
 70
     0
 43
0.0
 10
418.8595235166663
 20
-4039.059560111764
 10
418.8595235166663
 20
-4039.059560111764
  0
LWPOLYLINE
  5
1035F
330
1F
100
AcDbEntity
  8
0
  6
Continuous
370
    20
100
AcDbPolyline
 90
        2
 70
     0
 43
0.0
 10
383.8419507833332
 20
-4039.059560111764
 10
418.8595235166663
 20
-4039.059560111764
  0
LWPOLYLINE
  5
10360
330
1F
100
AcDbEntity
  8
0
  6
Continuous
370
    20
100
AcDbPolyline
 90
        2
 70
     0
 43
0.0
 10
383.8419507833332
 20
-4039.059560111764
 10
383.8419507833332
 20
-4039.059560111764
  0
LWPOLYLINE
  5
10361
330
1F
100
AcDbEntity
  8
0
  6
Continuous
370
    20
100
AcDbPolyline
 90
        2
 70
     0
 43
0.0
 10
423.8536404333326
 20
-4128.894910295097
 10
423.8536404333326
 20
-4039.059560111764
  0
LWPOLYLINE
  5
10362
330
1F
100
AcDbEntity
  8
0
  6
Continuous
370
    20
100
AcDbPolyline
 90
        2
 70
     0
 43
0.0
 10
423.8536404333326
 20
-4128.894910295097
 10
423.8536404333326
 20
-4128.894910295097
  0
LWPOLYLINE
  5
10363
330
1F
100
AcDbEntity
  8
0
  6
Continuous
370
    20
100
AcDbPolyline
 90
        2
 70
     0
 43
0.0
 10
422.0910109333326
 20
-4149.047640911764
 10
423.8536404333326
 20
-4128.894910295097
  0
LWPOLYLINE
  5
10364
330
1F
100
AcDbEntity
  8
0
  6
Continuous
370
    20
100
AcDbPolyline
 90
        2
 70
     0
 43
0.0
 10
420.2108727999998
 20
-4168.906599945097
 10
422.0910109333326
 20
-4149.047640911764
  0
LWPOLYLINE
  5
10365
330
1F
100
AcDbEntity
  8
0
  6
Continuous
370
    20
100
AcDbPolyline
 90
        2
 70
     0
 43
0.0
 10
417.9782087666662
 20
-4188.648050345097
 10
420.2108727999998
 20
-4168.906599945097
  0
LWPOLYLINE
  5
10366
330
1F
100
AcDbEntity
  8
0
  6
Continuous
370
    20
100
AcDbPolyline
 90
        2
 70
     0
 43
0.0
 10
416.7443681166669
 20
-4196.932408995098
 10
417.9782087666662
 20
-4188.648050345097
  0
LWPOLYLINE
  5
10367
330
1F
100
AcDbEntity
  8
0
  6
Continuous
370
    20
100
AcDbPolyline
 90
        2
 70
     0
 43
0.0
 10
416.7443681166669
 20
-4196.932408995098
 10
416.7443681166669
 20
-4196.932408995098
  0
LWPOLYLINE
  5
10368
330
1F
100
AcDbEntity
  8
0
  6
Continuous
370
    20
100
AcDbPolyline
 90
        2
 70
     0
 43
0.0
 10
415.2755102000001
 20
-4208.448255061765
 10
416.7443681166669
 20
-4196.932408995098
  0
LWPOLYLINE
  5
10369
330
1F
100
AcDbEntity
  8
0
  6
Continuous
370
    20
100
AcDbPolyline
 90
        2
 70
     0
 43
0.0
 10
411.9265141500005
 20
-4228.307214095099
 10
415.2755102000001
 20
-4208.448255061765
  0
LWPOLYLINE
  5
1036A
330
1F
100
AcDbEntity
  8
0
  6
Continuous
370
    20
100
AcDbPolyline
 90
        2
 70
     0
 43
0.0
 10
407.6374490333332
 20
-4248.048664495097
 10
411.9265141500005
 20
-4228.307214095099
  0
LWPOLYLINE
  5
1036B
330
1F
100
AcDbEntity
  8
0
  6
Continuous
370
    20
100
AcDbPolyline
 90
        2
 70
     0
 43
0.0
 10
402.2320518999995
 20
-4267.555097628431
 10
407.6374490333332
 20
-4248.048664495097
  0
LWPOLYLINE
  5
1036C
330
1F
100
AcDbEntity
  8
0
  6
Continuous
370
    20
100
AcDbPolyline
 90
        2
 70
     0
 43
0.0
 10
395.9453400166662
 20
-4286.709004861765
 10
402.2320518999995
 20
-4267.555097628431
  0
LWPOLYLINE
  5
1036D
330
1F
100
AcDbEntity
  8
0
  6
Continuous
370
    20
100
AcDbPolyline
 90
        2
 70
     0
 43
0.0
 10
389.0123306499995
 20
-4305.216614611764
 10
395.9453400166662
 20
-4286.709004861765
  0
LWPOLYLINE
  5
1036E
330
1F
100
AcDbEntity
  8
0
  6
Continuous
370
    20
100
AcDbPolyline
 90
        2
 70
     0
 43
0.0
 10
382.7843730833338
 20
-4323.312944145097
 10
389.0123306499995
 20
-4305.216614611764
  0
LWPOLYLINE
  5
1036F
330
1F
100
AcDbEntity
  8
0
  6
Continuous
370
    20
100
AcDbPolyline
 90
        2
 70
     0
 43
0.0
 10
380.3754460999998
 20
-4332.302354595098
 10
382.7843730833338
 20
-4323.312944145097
  0
LWPOLYLINE
  5
10370
330
1F
100
AcDbEntity
  8
0
  6
Continuous
370
    20
100
AcDbPolyline
 90
        2
 70
     0
 43
0.0
 10
378.4365536499999
 20
-4341.468027995097
 10
380.3754460999998
 20
-4332.302354595098
  0
LWPOLYLINE
  5
10371
330
1F
100
AcDbEntity
  8
0
  6
Continuous
370
    20
100
AcDbPolyline
 90
        2
 70
     0
 43
0.0
 10
376.3213982500001
 20
-4355.15778377843
 10
378.4365536499999
 20
-4341.468027995097
  0
LWPOLYLINE
  5
10372
330
1F
100
AcDbEntity
  8
0
  6
Continuous
370
    20
100
AcDbPolyline
 90
        2
 70
     0
 43
0.0
 10
374.9112946500003
 20
-4368.847539561764
 10
376.3213982500001
 20
-4355.15778377843
  0
LWPOLYLINE
  5
10373
330
1F
100
AcDbEntity
  8
0
  6
Continuous
370
    20
100
AcDbPolyline
 90
        2
 70
     0
 43
0.0
 10
374.9112946500003
 20
-4368.847539561764
 10
374.9112946500003
 20
-4368.847539561764
  0
LWPOLYLINE
  5
10374
330
1F
100
AcDbEntity
  8
0
  6
Continuous
370
    20
100
AcDbPolyline
 90
        2
 70
     0
 43
0.0
 10
345.9454165333327
 20
-4369.787608628431
 10
374.9112946500003
 20
-4368.847539561764
  0
LWPOLYLINE
  5
10375
330
1F
100
AcDbEntity
  8
0
  6
Continuous
370
    20
100
AcDbPolyline
 90
        2
 70
     0
 43
0.0
 10
345.9454165333327
 20
-4369.787608628431
 10
345.9454165333327
 20
-4369.787608628431
  0
LWPOLYLINE
  5
10376
330
1F
100
AcDbEntity
  8
0
  6
Continuous
370
    20
100
AcDbPolyline
 90
        2
 70
     0
 43
0.0
 10
329.1416819666665
 20
-4370.375151795097
 10
345.9454165333327
 20
-4369.787608628431
  0
LWPOLYLINE
  5
10377
330
1F
100
AcDbEntity
  8
0
  6
Continuous
370
    20
100
AcDbPolyline
 90
        2
 70
     0
 43
0.0
 10
329.1416819666665
 20
-4370.375151795097
 10
329.1416819666665
 20
-4370.375151795097
  0
LWPOLYLINE
  5
10378
330
1F
100
AcDbEntity
  8
0
  6
Continuous
370
    20
100
AcDbPolyline
 90
        2
 70
     0
 43
0.0
 10
331.3155916833343
 20
-4350.809964345097
 10
329.1416819666665
 20
-4370.375151795097
  0
LWPOLYLINE
  5
10379
330
1F
100
AcDbEntity
  8
0
  6
Continuous
370
    20
100
AcDbPolyline
 90
        2
 70
     0
 43
0.0
 10
334.3708161499999
 20
-4331.479794161764
 10
331.3155916833343
 20
-4350.809964345097
  0
LWPOLYLINE
  5
1037A
330
1F
100
AcDbEntity
  8
0
  6
Continuous
370
    20
100
AcDbPolyline
 90
        2
 70
     0
 43
0.0
 10
336.8972517666666
 20
-4319.846439461765
 10
334.3708161499999
 20
-4331.479794161764
  0
LWPOLYLINE
  5
1037B
330
1F
100
AcDbEntity
  8
0
  6
Continuous
370
    20
100
AcDbPolyline
 90
        2
 70
     0
 43
0.0
 10
340.0112305500001
 20
-4308.448102028431
 10
336.8972517666666
 20
-4319.846439461765
  0
LWPOLYLINE
  5
1037C
330
1F
100
AcDbEntity
  8
0
  6
Continuous
370
    20
100
AcDbPolyline
 90
        2
 70
     0
 43
0.0
 10
347.4142744499999
 20
-4287.707828245097
 10
340.0112305500001
 20
-4308.448102028431
  0
LWPOLYLINE
  5
1037D
330
1F
100
AcDbEntity
  8
0
  6
Continuous
370
    20
100
AcDbPolyline
 90
        2
 70
     0
 43
0.0
 10
354.2297751833325
 20
-4269.611498711764
 10
347.4142744499999
 20
-4287.707828245097
  0
LWPOLYLINE
  5
1037E
330
1F
100
AcDbEntity
  8
0
  6
Continuous
370
    20
100
AcDbPolyline
 90
        2
 70
     0
 43
0.0
 10
359.987698216666
 20
-4252.513992561764
 10
354.2297751833325
 20
-4269.611498711764
  0
LWPOLYLINE
  5
1037F
330
1F
100
AcDbEntity
  8
0
  6
Continuous
370
    20
100
AcDbPolyline
 90
        2
 70
     0
 43
0.0
 10
364.8055521833335
 20
-4235.416486411764
 10
359.987698216666
 20
-4252.513992561764
  0
LWPOLYLINE
  5
10380
330
1F
100
AcDbEntity
  8
0
  6
Continuous
370
    20
100
AcDbPolyline
 90
        2
 70
     0
 43
0.0
 10
368.7420913999999
 20
-4218.083962995097
 10
364.8055521833335
 20
-4235.416486411764
  0
LWPOLYLINE
  5
10381
330
1F
100
AcDbEntity
  8
0
  6
Continuous
370
    20
100
AcDbPolyline
 90
        2
 70
     0
 43
0.0
 10
371.7385615499997
 20
-4200.398913678431
 10
368.7420913999999
 20
-4218.083962995097
  0
LWPOLYLINE
  5
10382
330
1F
100
AcDbEntity
  8
0
  6
Continuous
370
    20
100
AcDbPolyline
 90
        2
 70
     0
 43
0.0
 10
374.2062428499998
 20
-4182.302584145098
 10
371.7385615499997
 20
-4200.398913678431
  0
LWPOLYLINE
  5
10383
330
1F
100
AcDbEntity
  8
0
  6
Continuous
370
    20
100
AcDbPolyline
 90
        2
 70
     0
 43
0.0
 10
376.0863809833331
 20
-4163.618711445097
 10
374.2062428499998
 20
-4182.302584145098
  0
LWPOLYLINE
  5
10384
330
1F
100
AcDbEntity
  8
0
  6
Continuous
370
    20
100
AcDbPolyline
 90
        2
 70
     0
 43
0.0
 10
377.6139932166665
 20
-4144.582312845098
 10
376.0863809833331
 20
-4163.618711445097
  0
LWPOLYLINE
  5
10385
330
1F
100
AcDbEntity
  8
0
  6
Continuous
370
    20
100
AcDbPolyline
 90
        2
 70
     0
 43
0.0
 10
378.8478338666664
 20
-4126.897263528432
 10
377.6139932166665
 20
-4144.582312845098
  0
LWPOLYLINE
  5
10386
330
1F
100
AcDbEntity
  8
0
  6
Continuous
370
    20
100
AcDbPolyline
 90
        2
 70
     0
 43
0.0
 10
378.8478338666664
 20
-4126.897263528432
 10
378.8478338666664
 20
-4126.897263528432
  0
LWPOLYLINE
  5
10387
330
1F
100
AcDbEntity
  8
0
  6
Continuous
370
    20
100
AcDbPolyline
 90
        2
 70
     0
 43
0.0
 10
378.8478338666664
 20
-4039.059560111764
 10
378.8478338666664
 20
-4126.897263528432
  0
LWPOLYLINE
  5
10388
330
1F
100
AcDbEntity
  8
0
  6
Continuous
370
    20
100
AcDbPolyline
 90
        2
 70
     0
 43
0.0
 10
378.8478338666664
 20
-4039.059560111764
 10
378.8478338666664
 20
-4039.059560111764
  0
LWPOLYLINE
  5
10389
330
1F
100
AcDbEntity
  8
0
  6
Continuous
370
    20
100
AcDbPolyline
 90
        2
 70
     0
 43
0.0
 10
378.8478338666664
 20
-3951.221856695097
 10
378.8478338666664
 20
-4039.059560111764
  0
LWPOLYLINE
  5
1038A
330
1F
100
AcDbEntity
  8
0
  6
Continuous
370
    20
100
AcDbPolyline
 90
        2
 70
     0
 43
0.0
 10
378.8478338666664
 20
-3951.221856695097
 10
378.8478338666664
 20
-3951.221856695097
  0
LWPOLYLINE
  5
1038B
330
1F
100
AcDbEntity
  8
0
  6
Continuous
370
    20
100
AcDbPolyline
 90
        2
 70
     0
 43
0.0
 10
377.6139932166665
 20
-3933.53680737843
 10
378.8478338666664
 20
-3951.221856695097
  0
LWPOLYLINE
  5
1038C
330
1F
100
AcDbEntity
  8
0
  6
Continuous
370
    20
100
AcDbPolyline
 90
        2
 70
     0
 43
0.0
 10
376.0863809833331
 20
-3914.500408778431
 10
377.6139932166665
 20
-3933.53680737843
  0
LWPOLYLINE
  5
1038D
330
1F
100
AcDbEntity
  8
0
  6
Continuous
370
    20
100
AcDbPolyline
 90
        2
 70
     0
 43
0.0
 10
374.2062428499998
 20
-3895.875290395098
 10
376.0863809833331
 20
-3914.500408778431
  0
LWPOLYLINE
  5
1038E
330
1F
100
AcDbEntity
  8
0
  6
Continuous
370
    20
100
AcDbPolyline
 90
        2
 70
     0
 43
0.0
 10
371.7385615499997
 20
-3877.720206545097
 10
374.2062428499998
 20
-3895.875290395098
  0
LWPOLYLINE
  5
1038F
330
1F
100
AcDbEntity
  8
0
  6
Continuous
370
    20
100
AcDbPolyline
 90
        2
 70
     0
 43
0.0
 10
368.7420913999999
 20
-3860.035157228431
 10
371.7385615499997
 20
-3877.720206545097
  0
LWPOLYLINE
  5
10390
330
1F
100
AcDbEntity
  8
0
  6
Continuous
370
    20
100
AcDbPolyline
 90
        2
 70
     0
 43
0.0
 10
364.8055521833335
 20
-3842.761388128431
 10
368.7420913999999
 20
-3860.035157228431
  0
LWPOLYLINE
  5
10391
330
1F
100
AcDbEntity
  8
0
  6
Continuous
370
    20
100
AcDbPolyline
 90
        2
 70
     0
 43
0.0
 10
359.987698216666
 20
-3825.663881978431
 10
364.8055521833335
 20
-3842.761388128431
  0
LWPOLYLINE
  5
10392
330
1F
100
AcDbEntity
  8
0
  6
Continuous
370
    20
100
AcDbPolyline
 90
        2
 70
     0
 43
0.0
 10
354.2297751833325
 20
-3808.566375828431
 10
359.987698216666
 20
-3825.663881978431
  0
LWPOLYLINE
  5
10393
330
1F
100
AcDbEntity
  8
0
  6
Continuous
370
    20
100
AcDbPolyline
 90
        2
 70
     0
 43
0.0
 10
347.4142744499999
 20
-3790.411291978431
 10
354.2297751833325
 20
-3808.566375828431
  0
LWPOLYLINE
  5
10394
330
1F
100
AcDbEntity
  8
0
  6
Continuous
370
    20
100
AcDbPolyline
 90
        2
 70
     0
 43
0.0
 10
340.0112305500001
 20
-3769.671018195098
 10
347.4142744499999
 20
-3790.411291978431
  0
LWPOLYLINE
  5
10395
330
1F
100
AcDbEntity
  8
0
  6
Continuous
370
    20
100
AcDbPolyline
 90
        2
 70
     0
 43
0.0
 10
336.8972517666666
 20
-3758.272680761765
 10
340.0112305500001
 20
-3769.671018195098
  0
LWPOLYLINE
  5
10396
330
1F
100
AcDbEntity
  8
0
  6
Continuous
370
    20
100
AcDbPolyline
 90
        2
 70
     0
 43
0.0
 10
334.3708161499999
 20
-3746.756834695098
 10
336.8972517666666
 20
-3758.272680761765
  0
LWPOLYLINE
  5
10397
330
1F
100
AcDbEntity
  8
0
  6
Continuous
370
    20
100
AcDbPolyline
 90
        2
 70
     0
 43
0.0
 10
331.3155916833343
 20
-3727.309155878431
 10
334.3708161499999
 20
-3746.756834695098
  0
LWPOLYLINE
  5
10398
330
1F
100
AcDbEntity
  8
0
  6
Continuous
370
    20
100
AcDbPolyline
 90
        2
 70
     0
 43
0.0
 10
329.1416819666665
 20
-3707.802722745098
 10
331.3155916833343
 20
-3727.309155878431
  0
LWPOLYLINE
  5
10399
330
1F
100
AcDbEntity
  8
0
  6
Continuous
370
    20
100
AcDbPolyline
 90
        2
 70
     0
 43
0.0
 10
329.1416819666665
 20
-3707.802722745098
 10
329.1416819666665
 20
-3707.802722745098
  0
LWPOLYLINE
  5
1039A
330
1F
100
AcDbEntity
  8
0
  6
Continuous
370
    20
100
AcDbPolyline
 90
        2
 70
     0
 43
0.0
 10
345.9454165333327
 20
-3708.331511595098
 10
329.1416819666665
 20
-3707.802722745098
  0
LWPOLYLINE
  5
1039B
330
1F
100
AcDbEntity
  8
0
  6
Continuous
370
    20
100
AcDbPolyline
 90
        2
 70
     0
 43
0.0
 10
345.9454165333327
 20
-3708.331511595098
 10
345.9454165333327
 20
-3708.331511595098
  0
LWPOLYLINE
  5
1039C
330
1F
100
AcDbEntity
  8
0
  6
Continuous
370
    20
100
AcDbPolyline
 90
        2
 70
     0
 43
0.0
 10
374.9112946500003
 20
-3709.330334978431
 10
345.9454165333327
 20
-3708.331511595098
  0
LWPOLYLINE
  5
1039D
330
1F
100
AcDbEntity
  8
0
  6
Continuous
370
    20
100
AcDbPolyline
 90
        2
 70
     0
 43
0.0
 10
374.9112946500003
 20
-3709.330334978431
 10
374.9112946500003
 20
-3709.330334978431
  0
LWPOLYLINE
  5
1039E
330
1F
100
AcDbEntity
  8
0
  6
Continuous
370
    20
100
AcDbPolyline
 90
        2
 70
     0
 43
0.0
 10
376.3213982500001
 20
-3723.078845078431
 10
374.9112946500003
 20
-3709.330334978431
  0
LWPOLYLINE
  5
1039F
330
1F
100
AcDbEntity
  8
0
  6
Continuous
370
    20
100
AcDbPolyline
 90
        2
 70
     0
 43
0.0
 10
378.4365536499999
 20
-3736.651092228431
 10
376.3213982500001
 20
-3723.078845078431
  0
LWPOLYLINE
  5
103A0
330
1F
100
AcDbEntity
  8
0
  6
Continuous
370
    20
100
AcDbPolyline
 90
        2
 70
     0
 43
0.0
 10
380.3754460999998
 20
-3745.816765628431
 10
378.4365536499999
 20
-3736.651092228431
  0
LWPOLYLINE
  5
103A1
330
1F
100
AcDbEntity
  8
0
  6
Continuous
370
    20
100
AcDbPolyline
 90
        2
 70
     0
 43
0.0
 10
382.7843730833338
 20
-3754.864930395098
 10
380.3754460999998
 20
-3745.816765628431
  0
LWPOLYLINE
  5
103A2
330
1F
100
AcDbEntity
  8
0
  6
Continuous
370
    20
100
AcDbPolyline
 90
        2
 70
     0
 43
0.0
 10
389.0123306499995
 20
-3772.961259928431
 10
382.7843730833338
 20
-3754.864930395098
  0
LWPOLYLINE
  5
103A3
330
1F
100
AcDbEntity
  8
0
  6
Continuous
370
    20
100
AcDbPolyline
 90
        2
 70
     0
 43
0.0
 10
395.9453400166662
 20
-3791.527623995098
 10
389.0123306499995
 20
-3772.961259928431
  0
LWPOLYLINE
  5
103A4
330
1F
100
AcDbEntity
  8
0
  6
Continuous
370
    20
100
AcDbPolyline
 90
        2
 70
     0
 43
0.0
 10
402.2320518999995
 20
-3810.622776911765
 10
395.9453400166662
 20
-3791.527623995098
  0
LWPOLYLINE
  5
103A5
330
1F
100
AcDbEntity
  8
0
  6
Continuous
370
    20
100
AcDbPolyline
 90
        2
 70
     0
 43
0.0
 10
407.6374490333332
 20
-3830.070455728431
 10
402.2320518999995
 20
-3810.622776911765
  0
LWPOLYLINE
  5
103A6
330
1F
100
AcDbEntity
  8
0
  6
Continuous
370
    20
100
AcDbPolyline
 90
        2
 70
     0
 43
0.0
 10
411.9265141500005
 20
-3849.811906128431
 10
407.6374490333332
 20
-3830.070455728431
  0
LWPOLYLINE
  5
103A7
330
1F
100
AcDbEntity
  8
0
  6
Continuous
370
    20
100
AcDbPolyline
 90
        2
 70
     0
 43
0.0
 10
415.2755102000001
 20
-3869.670865161765
 10
411.9265141500005
 20
-3849.811906128431
  0
LWPOLYLINE
  5
103A8
330
1F
100
AcDbEntity
  8
0
  6
Continuous
370
    20
100
AcDbPolyline
 90
        2
 70
     0
 43
0.0
 10
416.7443681166669
 20
-3881.421728495098
 10
415.2755102000001
 20
-3869.670865161765
  0
LWPOLYLINE
  5
103A9
330
1F
100
AcDbEntity
  8
0
  6
Continuous
370
    20
100
AcDbPolyline
 90
        2
 70
     0
 43
0.0
 10
416.7443681166669
 20
-3881.421728495098
 10
416.7443681166669
 20
-3881.421728495098
  0
LWPOLYLINE
  5
103AA
330
1F
100
AcDbEntity
  8
0
  6
Continuous
370
    20
100
AcDbPolyline
 90
        2
 70
     0
 43
0.0
 10
417.9782087666662
 20
-3889.412315561764
 10
416.7443681166669
 20
-3881.421728495098
  0
LWPOLYLINE
  5
103AB
330
1F
100
AcDbEntity
  8
0
  6
Continuous
370
    20
100
AcDbPolyline
 90
        2
 70
     0
 43
0.0
 10
420.2108727999998
 20
-3909.271274595098
 10
417.9782087666662
 20
-3889.412315561764
  0
LWPOLYLINE
  5
103AC
330
1F
100
AcDbEntity
  8
0
  6
Continuous
370
    20
100
AcDbPolyline
 90
        2
 70
     0
 43
0.0
 10
422.0910109333326
 20
-3929.071479311764
 10
420.2108727999998
 20
-3909.271274595098
  0
LWPOLYLINE
  5
103AD
330
1F
100
AcDbEntity
  8
0
  6
Continuous
370
    20
100
AcDbPolyline
 90
        2
 70
     0
 43
0.0
 10
423.8536404333326
 20
-3949.224209928431
 10
422.0910109333326
 20
-3929.071479311764
  0
LWPOLYLINE
  5
103AE
330
1F
100
AcDbEntity
  8
0
  6
Continuous
370
    20
100
AcDbPolyline
 90
        2
 70
     0
 43
0.0
 10
423.8536404333326
 20
-3949.224209928431
 10
423.8536404333326
 20
-3949.224209928431
  0
LWPOLYLINE
  5
103AF
330
1F
100
AcDbEntity
  8
0
  6
Continuous
370
    20
100
AcDbPolyline
 90
        2
 70
     0
 43
0.0
 10
423.8536404333326
 20
-4039.059560111764
 10
423.8536404333326
 20
-3949.224209928431
  0
LWPOLYLINE
  5
103B0
330
1F
100
AcDbEntity
  8
0
  6
Continuous
370
    20
100
AcDbPolyline
 90
        2
 70
     0
 43
0.0
 10
423.8536404333326
 20
-4039.059560111764
 10
423.8536404333326
 20
-4039.059560111764
  0
LWPOLYLINE
  5
103B1
330
1F
100
AcDbEntity
  8
0
  6
Continuous
370
    20
100
AcDbPolyline
 90
        2
 70
     0
 43
0.0
 10
413.8654066000003
 20
-4128.483630078431
 10
413.8654066000003
 20
-4039.059560111764
  0
LWPOLYLINE
  5
103B2
330
1F
100
AcDbEntity
  8
0
  6
Continuous
370
    20
100
AcDbPolyline
 90
        2
 70
     0
 43
0.0
 10
412.2202857333336
 20
-4148.225080478431
 10
413.8654066000003
 20
-4128.483630078431
  0
LWPOLYLINE
  5
103B3
330
1F
100
AcDbEntity
  8
0
  6
Continuous
370
    20
100
AcDbPolyline
 90
        2
 70
     0
 43
0.0
 10
410.3401475999999
 20
-4167.849022245098
 10
412.2202857333336
 20
-4148.225080478431
  0
LWPOLYLINE
  5
103B4
330
1F
100
AcDbEntity
  8
0
  6
Continuous
370
    20
100
AcDbPolyline
 90
        2
 70
     0
 43
0.0
 10
408.0487292500001
 20
-4187.472964011765
 10
410.3401475999999
 20
-4167.849022245098
  0
LWPOLYLINE
  5
103B5
330
1F
100
AcDbEntity
  8
0
  6
Continuous
370
    20
100
AcDbPolyline
 90
        2
 70
     0
 43
0.0
 10
406.8736429166665
 20
-4195.522305395098
 10
408.0487292500001
 20
-4187.472964011765
  0
LWPOLYLINE
  5
103B6
330
1F
100
AcDbEntity
  8
0
  6
Continuous
370
    20
100
AcDbPolyline
 90
        2
 70
     0
 43
0.0
 10
405.4047849999997
 20
-4206.979397145098
 10
406.8736429166665
 20
-4195.522305395098
  0
LWPOLYLINE
  5
103B7
330
1F
100
AcDbEntity
  8
0
  6
Continuous
370
    20
100
AcDbPolyline
 90
        2
 70
     0
 43
0.0
 10
402.1145432666667
 20
-4226.485830278431
 10
405.4047849999997
 20
-4206.979397145098
  0
LWPOLYLINE
  5
103B8
330
1F
100
AcDbEntity
  8
0
  6
Continuous
370
    20
100
AcDbPolyline
 90
        2
 70
     0
 43
0.0
 10
397.8842324666666
 20
-4245.639737511765
 10
402.1145432666667
 20
-4226.485830278431
  0
LWPOLYLINE
  5
103B9
330
1F
100
AcDbEntity
  8
0
  6
Continuous
370
    20
100
AcDbPolyline
 90
        2
 70
     0
 43
0.0
 10
392.6550982833332
 20
-4264.676136111764
 10
397.8842324666666
 20
-4245.639737511765
  0
LWPOLYLINE
  5
103BA
330
1F
100
AcDbEntity
  8
0
  6
Continuous
370
    20
100
AcDbPolyline
 90
        2
 70
     0
 43
0.0
 10
386.4858950333336
 20
-4283.418763128431
 10
392.6550982833332
 20
-4264.676136111764
  0
LWPOLYLINE
  5
103BB
330
1F
100
AcDbEntity
  8
0
  6
Continuous
370
    20
100
AcDbPolyline
 90
        2
 70
     0
 43
0.0
 10
379.6116399833335
 20
-4301.867618561764
 10
386.4858950333336
 20
-4283.418763128431
  0
LWPOLYLINE
  5
103BC
330
1F
100
AcDbEntity
  8
0
  6
Continuous
370
    20
100
AcDbPolyline
 90
        2
 70
     0
 43
0.0
 10
373.2074194666665
 20
-4320.433982628431
 10
379.6116399833335
 20
-4301.867618561764
  0
LWPOLYLINE
  5
103BD
330
1F
100
AcDbEntity
  8
0
  6
Continuous
370
    20
100
AcDbPolyline
 90
        2
 70
     0
 43
0.0
 10
368.5658284499995
 20
-4339.646644178431
 10
373.2074194666665
 20
-4320.433982628431
  0
LWPOLYLINE
  5
103BE
330
1F
100
AcDbEntity
  8
0
  6
Continuous
370
    20
100
AcDbPolyline
 90
        2
 70
     0
 43
0.0
 10
365.9806385166662
 20
-4359.094322995098
 10
368.5658284499995
 20
-4339.646644178431
  0
LWPOLYLINE
  5
103BF
330
1F
100
AcDbEntity
  8
0
  6
Continuous
370
    20
100
AcDbPolyline
 90
        2
 70
     0
 43
0.0
 10
345.5928906333333
 20
-4359.799374795097
 10
365.9806385166662
 20
-4359.094322995098
  0
LWPOLYLINE
  5
103C0
330
1F
100
AcDbEntity
  8
0
  6
Continuous
370
    20
100
AcDbPolyline
 90
        2
 70
     0
 43
0.0
 10
340.598773716666
 20
-4359.975637745097
 10
345.5928906333333
 20
-4359.799374795097
  0
LWPOLYLINE
  5
103C1
330
1F
100
AcDbEntity
  8
0
  6
Continuous
370
    20
100
AcDbPolyline
 90
        2
 70
     0
 43
0.0
 10
344.1827870333327
 20
-4333.301177978431
 10
340.598773716666
 20
-4359.975637745097
  0
LWPOLYLINE
  5
103C2
330
1F
100
AcDbEntity
  8
0
  6
Continuous
370
    20
100
AcDbPolyline
 90
        2
 70
     0
 43
0.0
 10
349.7056928000001
 20
-4311.327063545098
 10
344.1827870333327
 20
-4333.301177978431
  0
LWPOLYLINE
  5
103C3
330
1F
100
AcDbEntity
  8
0
  6
Continuous
370
    20
100
AcDbPolyline
 90
        2
 70
     0
 43
0.0
 10
356.7562107999997
 20
-4291.174332928432
 10
349.7056928000001
 20
-4311.327063545098
  0
LWPOLYLINE
  5
103C4
330
1F
100
AcDbEntity
  8
0
  6
Continuous
370
    20
100
AcDbPolyline
 90
        2
 70
     0
 43
0.0
 10
363.6304658500002
 20
-4273.019249078431
 10
356.7562107999997
 20
-4291.174332928432
  0
LWPOLYLINE
  5
103C5
330
1F
100
AcDbEntity
  8
0
  6
Continuous
370
    20
100
AcDbPolyline
 90
        2
 70
     0
 43
0.0
 10
369.5646518333333
 20
-4255.451708395098
 10
363.6304658500002
 20
-4273.019249078431
  0
LWPOLYLINE
  5
103C6
330
1F
100
AcDbEntity
  8
0
  6
Continuous
370
    20
100
AcDbPolyline
 90
        2
 70
     0
 43
0.0
 10
374.4412601166659
 20
-4237.884167711764
 10
369.5646518333333
 20
-4255.451708395098
  0
LWPOLYLINE
  5
103C7
330
1F
100
AcDbEntity
  8
0
  6
Continuous
370
    20
100
AcDbPolyline
 90
        2
 70
     0
 43
0.0
 10
378.5540622833332
 20
-4220.140364078431
 10
374.4412601166659
 20
-4237.884167711764
  0
LWPOLYLINE
  5
103C8
330
1F
100
AcDbEntity
  8
0
  6
Continuous
370
    20
100
AcDbPolyline
 90
        2
 70
     0
 43
0.0
 10
381.6680410666663
 20
-4201.926525911765
 10
378.5540622833332
 20
-4220.140364078431
  0
LWPOLYLINE
  5
103C9
330
1F
100
AcDbEntity
  8
0
  6
Continuous
370
    20
100
AcDbPolyline
 90
        2
 70
     0
 43
0.0
 10
384.1357223666668
 20
-4183.418916161765
 10
381.6680410666663
 20
-4201.926525911765
  0
LWPOLYLINE
  5
103CA
330
1F
100
AcDbEntity
  8
0
  6
Continuous
370
    20
100
AcDbPolyline
 90
        2
 70
     0
 43
0.0
 10
386.0746148166668
 20
-4164.500026195098
 10
384.1357223666668
 20
-4183.418916161765
  0
LWPOLYLINE
  5
103CB
330
1F
100
AcDbEntity
  8
0
  6
Continuous
370
    20
100
AcDbPolyline
 90
        2
 70
     0
 43
0.0
 10
387.6022270500002
 20
-4145.346118961764
 10
386.0746148166668
 20
-4164.500026195098
  0
LWPOLYLINE
  5
103CC
330
1F
100
AcDbEntity
  8
0
  6
Continuous
370
    20
100
AcDbPolyline
 90
        2
 70
     0
 43
0.0
 10
388.8360677
 20
-4127.191035111764
 10
387.6022270500002
 20
-4145.346118961764
  0
LWPOLYLINE
  5
103CD
330
1F
100
AcDbEntity
  8
0
  6
Continuous
370
    20
100
AcDbPolyline
 90
        2
 70
     0
 43
0.0
 10
388.8360677
 20
-4039.059560111764
 10
388.8360677
 20
-4127.191035111764
  0
LWPOLYLINE
  5
103CE
330
1F
100
AcDbEntity
  8
0
  6
Continuous
370
    20
100
AcDbPolyline
 90
        2
 70
     0
 43
0.0
 10
388.8360677
 20
-3950.869330795097
 10
388.8360677
 20
-4039.059560111764
  0
LWPOLYLINE
  5
103CF
330
1F
100
AcDbEntity
  8
0
  6
Continuous
370
    20
100
AcDbPolyline
 90
        2
 70
     0
 43
0.0
 10
387.6022270500002
 20
-3932.890509895098
 10
388.8360677
 20
-3950.869330795097
  0
LWPOLYLINE
  5
103D0
330
1F
100
AcDbEntity
  8
0
  6
Continuous
370
    20
100
AcDbPolyline
 90
        2
 70
     0
 43
0.0
 10
386.0746148166668
 20
-3913.560339711764
 10
387.6022270500002
 20
-3932.890509895098
  0
LWPOLYLINE
  5
103D1
330
1F
100
AcDbEntity
  8
0
  6
Continuous
370
    20
100
AcDbPolyline
 90
        2
 70
     0
 43
0.0
 10
384.1357223666668
 20
-3894.700204061765
 10
386.0746148166668
 20
-3913.560339711764
  0
LWPOLYLINE
  5
103D2
330
1F
100
AcDbEntity
  8
0
  6
Continuous
370
    20
100
AcDbPolyline
 90
        2
 70
     0
 43
0.0
 10
381.6680410666663
 20
-3876.192594311765
 10
384.1357223666668
 20
-3894.700204061765
  0
LWPOLYLINE
  5
103D3
330
1F
100
AcDbEntity
  8
0
  6
Continuous
370
    20
100
AcDbPolyline
 90
        2
 70
     0
 43
0.0
 10
378.5540622833332
 20
-3858.096264778431
 10
381.6680410666663
 20
-3876.192594311765
  0
LWPOLYLINE
  5
103D4
330
1F
100
AcDbEntity
  8
0
  6
Continuous
370
    20
100
AcDbPolyline
 90
        2
 70
     0
 43
0.0
 10
374.4412601166659
 20
-3840.293706828431
 10
378.5540622833332
 20
-3858.096264778431
  0
LWPOLYLINE
  5
103D5
330
1F
100
AcDbEntity
  8
0
  6
Continuous
370
    20
100
AcDbPolyline
 90
        2
 70
     0
 43
0.0
 10
369.5646518333333
 20
-3822.726166145098
 10
374.4412601166659
 20
-3840.293706828431
  0
LWPOLYLINE
  5
103D6
330
1F
100
AcDbEntity
  8
0
  6
Continuous
370
    20
100
AcDbPolyline
 90
        2
 70
     0
 43
0.0
 10
363.6304658500002
 20
-3805.217379778432
 10
369.5646518333333
 20
-3822.726166145098
  0
LWPOLYLINE
  5
103D7
330
1F
100
AcDbEntity
  8
0
  6
Continuous
370
    20
100
AcDbPolyline
 90
        2
 70
     0
 43
0.0
 10
356.7562107999997
 20
-3787.003541611764
 10
363.6304658500002
 20
-3805.217379778432
  0
LWPOLYLINE
  5
103D8
330
1F
100
AcDbEntity
  8
0
  6
Continuous
370
    20
100
AcDbPolyline
 90
        2
 70
     0
 43
0.0
 10
349.7056928000001
 20
-3766.792056678431
 10
356.7562107999997
 20
-3787.003541611764
  0
LWPOLYLINE
  5
103D9
330
1F
100
AcDbEntity
  8
0
  6
Continuous
370
    20
100
AcDbPolyline
 90
        2
 70
     0
 43
0.0
 10
344.1827870333327
 20
-3744.817942245098
 10
349.7056928000001
 20
-3766.792056678431
  0
LWPOLYLINE
  5
103DA
330
1F
100
AcDbEntity
  8
0
  6
Continuous
370
    20
100
AcDbPolyline
 90
        2
 70
     0
 43
0.0
 10
340.598773716666
 20
-3718.143482478431
 10
344.1827870333327
 20
-3744.817942245098
  0
LWPOLYLINE
  5
103DB
330
1F
100
AcDbEntity
  8
0
  6
Continuous
370
    20
100
AcDbPolyline
 90
        2
 70
     0
 43
0.0
 10
345.5928906333333
 20
-3718.319745428432
 10
340.598773716666
 20
-3718.143482478431
  0
LWPOLYLINE
  5
103DC
330
1F
100
AcDbEntity
  8
0
  6
Continuous
370
    20
100
AcDbPolyline
 90
        2
 70
     0
 43
0.0
 10
365.9806385166662
 20
-3718.966042911764
 10
345.5928906333333
 20
-3718.319745428432
  0
LWPOLYLINE
  5
103DD
330
1F
100
AcDbEntity
  8
0
  6
Continuous
370
    20
100
AcDbPolyline
 90
        2
 70
     0
 43
0.0
 10
368.5658284499995
 20
-3738.531230361764
 10
365.9806385166662
 20
-3718.966042911764
  0
LWPOLYLINE
  5
103DE
330
1F
100
AcDbEntity
  8
0
  6
Continuous
370
    20
100
AcDbPolyline
 90
        2
 70
     0
 43
0.0
 10
373.2074194666665
 20
-3757.685137595098
 10
368.5658284499995
 20
-3738.531230361764
  0
LWPOLYLINE
  5
103DF
330
1F
100
AcDbEntity
  8
0
  6
Continuous
370
    20
100
AcDbPolyline
 90
        2
 70
     0
 43
0.0
 10
379.6116399833335
 20
-3776.369010295098
 10
373.2074194666665
 20
-3757.685137595098
  0
LWPOLYLINE
  5
103E0
330
1F
100
AcDbEntity
  8
0
  6
Continuous
370
    20
100
AcDbPolyline
 90
        2
 70
     0
 43
0.0
 10
386.4858950333336
 20
-3794.817865728431
 10
379.6116399833335
 20
-3776.369010295098
  0
LWPOLYLINE
  5
103E1
330
1F
100
AcDbEntity
  8
0
  6
Continuous
370
    20
100
AcDbPolyline
 90
        2
 70
     0
 43
0.0
 10
392.6550982833332
 20
-3813.501738428431
 10
386.4858950333336
 20
-3794.817865728431
  0
LWPOLYLINE
  5
103E2
330
1F
100
AcDbEntity
  8
0
  6
Continuous
370
    20
100
AcDbPolyline
 90
        2
 70
     0
 43
0.0
 10
397.8842324666666
 20
-3832.538137028431
 10
392.6550982833332
 20
-3813.501738428431
  0
LWPOLYLINE
  5
103E3
330
1F
100
AcDbEntity
  8
0
  6
Continuous
370
    20
100
AcDbPolyline
 90
        2
 70
     0
 43
0.0
 10
402.1145432666667
 20
-3851.750798578431
 10
397.8842324666666
 20
-3832.538137028431
  0
LWPOLYLINE
  5
103E4
330
1F
100
AcDbEntity
  8
0
  6
Continuous
370
    20
100
AcDbPolyline
 90
        2
 70
     0
 43
0.0
 10
405.4047849999997
 20
-3871.198477395098
 10
402.1145432666667
 20
-3851.750798578431
  0
LWPOLYLINE
  5
103E5
330
1F
100
AcDbEntity
  8
0
  6
Continuous
370
    20
100
AcDbPolyline
 90
        2
 70
     0
 43
0.0
 10
406.8736429166665
 20
-3882.596814828431
 10
405.4047849999997
 20
-3871.198477395098
  0
LWPOLYLINE
  5
103E6
330
1F
100
AcDbEntity
  8
0
  6
Continuous
370
    20
100
AcDbPolyline
 90
        2
 70
     0
 43
0.0
 10
408.0487292500001
 20
-3890.763664845098
 10
406.8736429166665
 20
-3882.596814828431
  0
LWPOLYLINE
  5
103E7
330
1F
100
AcDbEntity
  8
0
  6
Continuous
370
    20
100
AcDbPolyline
 90
        2
 70
     0
 43
0.0
 10
410.3401475999999
 20
-3910.270097978431
 10
408.0487292500001
 20
-3890.763664845098
  0
LWPOLYLINE
  5
103E8
330
1F
100
AcDbEntity
  8
0
  6
Continuous
370
    20
100
AcDbPolyline
 90
        2
 70
     0
 43
0.0
 10
412.2202857333336
 20
-3930.011548378431
 10
410.3401475999999
 20
-3910.270097978431
  0
LWPOLYLINE
  5
103E9
330
1F
100
AcDbEntity
  8
0
  6
Continuous
370
    20
100
AcDbPolyline
 90
        2
 70
     0
 43
0.0
 10
413.8654066000003
 20
-3949.635490145098
 10
412.2202857333336
 20
-3930.011548378431
  0
LWPOLYLINE
  5
103EA
330
1F
100
AcDbEntity
  8
0
  6
Continuous
370
    20
100
AcDbPolyline
 90
        2
 70
     0
 43
0.0
 10
413.8654066000003
 20
-4039.059560111764
 10
413.8654066000003
 20
-3949.635490145098
  0
LWPOLYLINE
  5
103EB
330
1F
100
AcDbEntity
  8
0
  6
Continuous
370
    20
100
AcDbPolyline
 90
        2
 70
     0
 43
0.0
 10
269.1535246500002
 20
-4075.428482128431
 10
269.1535246500002
 20
-4065.440248295098
  0
LWPOLYLINE
  5
103EC
330
1F
100
AcDbEntity
  8
0
  6
Continuous
370
    20
100
AcDbPolyline
 90
        2
 70
     0
 43
0.0
 10
279.1417584833329
 20
-4070.434365211764
 10
269.1535246500002
 20
-4070.434365211764
  0
LWPOLYLINE
  5
103ED
330
1F
100
AcDbEntity
  8
0
  6
Continuous
370
    20
100
AcDbPolyline
 90
        2
 70
     0
 43
0.0
 10
267.6259124166668
 20
-4204.041681311764
 10
267.9196839999999
 20
-4194.05344747843
  0
LWPOLYLINE
  5
103EE
330
1F
100
AcDbEntity
  8
0
  6
Continuous
370
    20
100
AcDbPolyline
 90
        2
 70
     0
 43
0.0
 10
277.7904091999999
 20
-4199.400090295097
 10
267.8021753666667
 20
-4199.047564395097
  0
LWPOLYLINE
  5
103EF
330
1F
100
AcDbEntity
  8
0
  6
Continuous
370
    20
100
AcDbPolyline
 90
        2
 70
     0
 43
0.0
 10
198.1195557999999
 20
-4065.440248295098
 10
198.1195557999999
 20
-4075.428482128431
  0
LWPOLYLINE
  5
103F0
330
1F
100
AcDbEntity
  8
0
  6
Continuous
370
    20
100
AcDbPolyline
 90
        2
 70
     0
 43
0.0
 10
188.1900762833334
 20
-4070.434365211764
 10
198.1195557999999
 20
-4070.434365211764
  0
LWPOLYLINE
  5
103F1
330
1F
100
AcDbEntity
  8
0
  6
Continuous
370
    20
100
AcDbPolyline
 90
        2
 70
     0
 43
0.0
 10
267.9196839999999
 20
-3946.815282945097
 10
267.6259124166668
 20
-3936.827049111764
  0
LWPOLYLINE
  5
103F2
330
1F
100
AcDbEntity
  8
0
  6
Continuous
370
    20
100
AcDbPolyline
 90
        2
 70
     0
 43
0.0
 10
277.7904091999999
 20
-3941.586148761764
 10
267.8021753666667
 20
-3941.821166028431
  0
LWPOLYLINE
  5
103F3
330
1F
100
AcDbEntity
  8
0
  6
Continuous
370
    20
100
AcDbPolyline
 90
        2
 70
     0
 43
0.0
 10
269.1535246500002
 20
-4075.428482128431
 10
269.1535246500002
 20
-4065.440248295098
  0
LWPOLYLINE
  5
103F4
330
1F
100
AcDbEntity
  8
0
  6
Continuous
370
    20
100
AcDbPolyline
 90
        2
 70
     0
 43
0.0
 10
279.1417584833329
 20
-4070.434365211764
 10
269.1535246500002
 20
-4070.434365211764
  0
LWPOLYLINE
  5
103F5
330
1F
100
AcDbEntity
  8
0
  6
Continuous
370
    20
100
AcDbPolyline
 90
        2
 70
     0
 43
0.0
 10
263.1018300333335
 20
-4070.434365211764
 10
203.1136727166667
 20
-4070.434365211764
  0
LWPOLYLINE
  5
103F6
330
1F
100
AcDbEntity
  8
0
  6
Continuous
370
    20
100
AcDbPolyline
 90
        2
 70
     0
 43
0.0
 10
263.1018300333335
 20
-4070.434365211764
 10
263.1018300333335
 20
-4070.434365211764
  0
LWPOLYLINE
  5
103F7
330
1F
100
AcDbEntity
  8
0
  6
Continuous
370
    20
100
AcDbPolyline
 90
        2
 70
     0
 43
0.0
 10
203.1136727166667
 20
-4070.434365211764
 10
263.1018300333335
 20
-4070.434365211764
  0
LWPOLYLINE
  5
103F8
330
1F
100
AcDbEntity
  8
0
  6
Continuous
370
    20
100
AcDbPolyline
 90
        2
 70
     0
 43
0.0
 10
203.1136727166667
 20
-4070.434365211764
 10
203.1136727166667
 20
-4070.434365211764
  0
LWPOLYLINE
  5
103F9
330
1F
100
AcDbEntity
  8
0
  6
Continuous
370
    20
100
AcDbPolyline
 90
        2
 70
     0
 43
0.0
 10
279.1417584833329
 20
-4108.448408095098
 10
279.1417584833329
 20
-4070.434365211764
  0
LWPOLYLINE
  5
103FA
330
1F
100
AcDbEntity
  8
0
  6
Continuous
370
    20
100
AcDbPolyline
 90
        2
 70
     0
 43
0.0
 10
278.9654955333335
 20
-4146.403696661764
 10
279.1417584833329
 20
-4108.448408095098
  0
LWPOLYLINE
  5
103FB
330
1F
100
AcDbEntity
  8
0
  6
Continuous
370
    20
100
AcDbPolyline
 90
        2
 70
     0
 43
0.0
 10
278.2604437333325
 20
-4184.300230911764
 10
278.9654955333335
 20
-4146.403696661764
  0
LWPOLYLINE
  5
103FC
330
1F
100
AcDbEntity
  8
0
  6
Continuous
370
    20
100
AcDbPolyline
 90
        2
 70
     0
 43
0.0
 10
277.7904091999999
 20
-4199.400090295097
 10
278.2604437333325
 20
-4184.300230911764
  0
LWPOLYLINE
  5
103FD
330
1F
100
AcDbEntity
  8
0
  6
Continuous
370
    20
100
AcDbPolyline
 90
        2
 70
     0
 43
0.0
 10
277.7904091999999
 20
-4199.400090295097
 10
277.7904091999999
 20
-4199.400090295097
  0
LWPOLYLINE
  5
103FE
330
1F
100
AcDbEntity
  8
0
  6
Continuous
370
    20
100
AcDbPolyline
 90
        2
 70
     0
 43
0.0
 10
276.7328314999999
 20
-4231.891227411765
 10
277.7904091999999
 20
-4199.400090295097
  0
LWPOLYLINE
  5
103FF
330
1F
100
AcDbEntity
  8
0
  6
Continuous
370
    20
100
AcDbPolyline
 90
        2
 70
     0
 43
0.0
 10
275.6752537999996
 20
-4248.283681761765
 10
276.7328314999999
 20
-4231.891227411765
  0
LWPOLYLINE
  5
10400
330
1F
100
AcDbEntity
  8
0
  6
Continuous
370
    20
100
AcDbPolyline
 90
        2
 70
     0
 43
0.0
 10
274.0301329333328
 20
-4264.676136111764
 10
275.6752537999996
 20
-4248.283681761765
  0
LWPOLYLINE
  5
10401
330
1F
100
AcDbEntity
  8
0
  6
Continuous
370
    20
100
AcDbPolyline
 90
        2
 70
     0
 43
0.0
 10
271.8562232166664
 20
-4281.009836145098
 10
274.0301329333328
 20
-4264.676136111764
  0
LWPOLYLINE
  5
10402
330
1F
100
AcDbEntity
  8
0
  6
Continuous
370
    20
100
AcDbPolyline
 90
        2
 70
     0
 43
0.0
 10
269.0360160166669
 20
-4297.284781861764
 10
271.8562232166664
 20
-4281.009836145098
  0
LWPOLYLINE
  5
10403
330
1F
100
AcDbEntity
  8
0
  6
Continuous
370
    20
100
AcDbPolyline
 90
        2
 70
     0
 43
0.0
 10
262.0442523333331
 20
-4329.247130128432
 10
269.0360160166669
 20
-4297.284781861764
  0
LWPOLYLINE
  5
10404
330
1F
100
AcDbEntity
  8
0
  6
Continuous
370
    20
100
AcDbPolyline
 90
        2
 70
     0
 43
0.0
 10
251.1747037499999
 20
-4370.375151795097
 10
262.0442523333331
 20
-4329.247130128432
  0
LWPOLYLINE
  5
10405
330
1F
100
AcDbEntity
  8
0
  6
Continuous
370
    20
100
AcDbPolyline
 90
        2
 70
     0
 43
0.0
 10
251.1747037499999
 20
-4370.375151795097
 10
251.1747037499999
 20
-4370.375151795097
  0
LWPOLYLINE
  5
10406
330
1F
100
AcDbEntity
  8
0
  6
Continuous
370
    20
100
AcDbPolyline
 90
        2
 70
     0
 43
0.0
 10
164.2183150833334
 20
-4347.343459661764
 10
251.1747037499999
 20
-4370.375151795097
  0
LWPOLYLINE
  5
10407
330
1F
100
AcDbEntity
  8
0
  6
Continuous
370
    20
100
AcDbPolyline
 90
        2
 70
     0
 43
0.0
 10
164.2183150833334
 20
-4347.343459661764
 10
164.2183150833334
 20
-4347.343459661764
  0
LWPOLYLINE
  5
10408
330
1F
100
AcDbEntity
  8
0
  6
Continuous
370
    20
100
AcDbPolyline
 90
        2
 70
     0
 43
0.0
 10
171.1513244500001
 20
-4313.853499161765
 10
164.2183150833334
 20
-4347.343459661764
  0
LWPOLYLINE
  5
10409
330
1F
100
AcDbEntity
  8
0
  6
Continuous
370
    20
100
AcDbPolyline
 90
        2
 70
     0
 43
0.0
 10
177.614299283332
 20
-4279.775995495098
 10
171.1513244500001
 20
-4313.853499161765
  0
LWPOLYLINE
  5
1040A
330
1F
100
AcDbEntity
  8
0
  6
Continuous
370
    20
100
AcDbPolyline
 90
        2
 70
     0
 43
0.0
 10
182.6084161999997
 20
-4245.404720245097
 10
177.614299283332
 20
-4279.775995495098
  0
LWPOLYLINE
  5
1040B
330
1F
100
AcDbEntity
  8
0
  6
Continuous
370
    20
100
AcDbPolyline
 90
        2
 70
     0
 43
0.0
 10
184.3710457000002
 20
-4228.130951145098
 10
182.6084161999997
 20
-4245.404720245097
  0
LWPOLYLINE
  5
1040C
330
1F
100
AcDbEntity
  8
0
  6
Continuous
370
    20
100
AcDbPolyline
 90
        2
 70
     0
 43
0.0
 10
185.7223949833337
 20
-4210.798427728431
 10
184.3710457000002
 20
-4228.130951145098
  0
LWPOLYLINE
  5
1040D
330
1F
100
AcDbEntity
  8
0
  6
Continuous
370
    20
100
AcDbPolyline
 90
        2
 70
     0
 43
0.0
 10
187.132498583333
 20
-4176.192135211765
 10
185.7223949833337
 20
-4210.798427728431
  0
LWPOLYLINE
  5
1040E
330
1F
100
AcDbEntity
  8
0
  6
Continuous
370
    20
100
AcDbPolyline
 90
        2
 70
     0
 43
0.0
 10
187.132498583333
 20
-4176.192135211765
 10
187.132498583333
 20
-4176.192135211765
  0
LWPOLYLINE
  5
1040F
330
1F
100
AcDbEntity
  8
0
  6
Continuous
370
    20
100
AcDbPolyline
 90
        2
 70
     0
 43
0.0
 10
188.013813333333
 20
-4140.939545211764
 10
187.132498583333
 20
-4176.192135211765
  0
LWPOLYLINE
  5
10410
330
1F
100
AcDbEntity
  8
0
  6
Continuous
370
    20
100
AcDbPolyline
 90
        2
 70
     0
 43
0.0
 10
188.1900762833334
 20
-4105.628200895097
 10
188.013813333333
 20
-4140.939545211764
  0
LWPOLYLINE
  5
10411
330
1F
100
AcDbEntity
  8
0
  6
Continuous
370
    20
100
AcDbPolyline
 90
        2
 70
     0
 43
0.0
 10
188.1900762833334
 20
-4070.434365211764
 10
188.1900762833334
 20
-4105.628200895097
  0
LWPOLYLINE
  5
10412
330
1F
100
AcDbEntity
  8
0
  6
Continuous
370
    20
100
AcDbPolyline
 90
        2
 70
     0
 43
0.0
 10
188.1900762833334
 20
-4070.434365211764
 10
188.1900762833334
 20
-4070.434365211764
  0
LWPOLYLINE
  5
10413
330
1F
100
AcDbEntity
  8
0
  6
Continuous
370
    20
100
AcDbPolyline
 90
        2
 70
     0
 43
0.0
 10
188.1900762833334
 20
-4035.240529528431
 10
188.1900762833334
 20
-4070.434365211764
  0
LWPOLYLINE
  5
10414
330
1F
100
AcDbEntity
  8
0
  6
Continuous
370
    20
100
AcDbPolyline
 90
        2
 70
     0
 43
0.0
 10
188.013813333333
 20
-4000.046693845098
 10
188.1900762833334
 20
-4035.240529528431
  0
LWPOLYLINE
  5
10415
330
1F
100
AcDbEntity
  8
0
  6
Continuous
370
    20
100
AcDbPolyline
 90
        2
 70
     0
 43
0.0
 10
187.132498583333
 20
-3964.794103845098
 10
188.013813333333
 20
-4000.046693845098
  0
LWPOLYLINE
  5
10416
330
1F
100
AcDbEntity
  8
0
  6
Continuous
370
    20
100
AcDbPolyline
 90
        2
 70
     0
 43
0.0
 10
187.132498583333
 20
-3964.794103845098
 10
187.132498583333
 20
-3964.794103845098
  0
LWPOLYLINE
  5
10417
330
1F
100
AcDbEntity
  8
0
  6
Continuous
370
    20
100
AcDbPolyline
 90
        2
 70
     0
 43
0.0
 10
185.7223949833337
 20
-3930.070302695098
 10
187.132498583333
 20
-3964.794103845098
  0
LWPOLYLINE
  5
10418
330
1F
100
AcDbEntity
  8
0
  6
Continuous
370
    20
100
AcDbPolyline
 90
        2
 70
     0
 43
0.0
 10
184.3710457000002
 20
-3912.796533595097
 10
185.7223949833337
 20
-3930.070302695098
  0
LWPOLYLINE
  5
10419
330
1F
100
AcDbEntity
  8
0
  6
Continuous
370
    20
100
AcDbPolyline
 90
        2
 70
     0
 43
0.0
 10
182.6084161999997
 20
-3895.581518811765
 10
184.3710457000002
 20
-3912.796533595097
  0
LWPOLYLINE
  5
1041A
330
1F
100
AcDbEntity
  8
0
  6
Continuous
370
    20
100
AcDbPolyline
 90
        2
 70
     0
 43
0.0
 10
177.614299283332
 20
-3861.210243561765
 10
182.6084161999997
 20
-3895.581518811765
  0
LWPOLYLINE
  5
1041B
330
1F
100
AcDbEntity
  8
0
  6
Continuous
370
    20
100
AcDbPolyline
 90
        2
 70
     0
 43
0.0
 10
171.1513244500001
 20
-3827.132739895098
 10
177.614299283332
 20
-3861.210243561765
  0
LWPOLYLINE
  5
1041C
330
1F
100
AcDbEntity
  8
0
  6
Continuous
370
    20
100
AcDbPolyline
 90
        2
 70
     0
 43
0.0
 10
164.2183150833334
 20
-3793.525270761765
 10
171.1513244500001
 20
-3827.132739895098
  0
LWPOLYLINE
  5
1041D
330
1F
100
AcDbEntity
  8
0
  6
Continuous
370
    20
100
AcDbPolyline
 90
        2
 70
     0
 43
0.0
 10
164.2183150833334
 20
-3793.525270761765
 10
164.2183150833334
 20
-3793.525270761765
  0
LWPOLYLINE
  5
1041E
330
1F
100
AcDbEntity
  8
0
  6
Continuous
370
    20
100
AcDbPolyline
 90
        2
 70
     0
 43
0.0
 10
251.1747037499999
 20
-3770.611087261765
 10
164.2183150833334
 20
-3793.525270761765
  0
LWPOLYLINE
  5
1041F
330
1F
100
AcDbEntity
  8
0
  6
Continuous
370
    20
100
AcDbPolyline
 90
        2
 70
     0
 43
0.0
 10
251.1747037499999
 20
-3770.611087261765
 10
251.1747037499999
 20
-3770.611087261765
  0
LWPOLYLINE
  5
10420
330
1F
100
AcDbEntity
  8
0
  6
Continuous
370
    20
100
AcDbPolyline
 90
        2
 70
     0
 43
0.0
 10
262.0442523333331
 20
-3811.621600295097
 10
251.1747037499999
 20
-3770.611087261765
  0
LWPOLYLINE
  5
10421
330
1F
100
AcDbEntity
  8
0
  6
Continuous
370
    20
100
AcDbPolyline
 90
        2
 70
     0
 43
0.0
 10
269.0360160166669
 20
-3843.701457195098
 10
262.0442523333331
 20
-3811.621600295097
  0
LWPOLYLINE
  5
10422
330
1F
100
AcDbEntity
  8
0
  6
Continuous
370
    20
100
AcDbPolyline
 90
        2
 70
     0
 43
0.0
 10
271.8562232166664
 20
-3859.917648595097
 10
269.0360160166669
 20
-3843.701457195098
  0
LWPOLYLINE
  5
10423
330
1F
100
AcDbEntity
  8
0
  6
Continuous
370
    20
100
AcDbPolyline
 90
        2
 70
     0
 43
0.0
 10
274.0301329333328
 20
-3876.251348628431
 10
271.8562232166664
 20
-3859.917648595097
  0
LWPOLYLINE
  5
10424
330
1F
100
AcDbEntity
  8
0
  6
Continuous
370
    20
100
AcDbPolyline
 90
        2
 70
     0
 43
0.0
 10
275.6752537999996
 20
-3892.585048661764
 10
274.0301329333328
 20
-3876.251348628431
  0
LWPOLYLINE
  5
10425
330
1F
100
AcDbEntity
  8
0
  6
Continuous
370
    20
100
AcDbPolyline
 90
        2
 70
     0
 43
0.0
 10
276.7328314999999
 20
-3909.03625732843
 10
275.6752537999996
 20
-3892.585048661764
  0
LWPOLYLINE
  5
10426
330
1F
100
AcDbEntity
  8
0
  6
Continuous
370
    20
100
AcDbPolyline
 90
        2
 70
     0
 43
0.0
 10
277.7904091999999
 20
-3941.586148761764
 10
276.7328314999999
 20
-3909.03625732843
  0
LWPOLYLINE
  5
10427
330
1F
100
AcDbEntity
  8
0
  6
Continuous
370
    20
100
AcDbPolyline
 90
        2
 70
     0
 43
0.0
 10
277.7904091999999
 20
-3941.586148761764
 10
277.7904091999999
 20
-3941.586148761764
  0
LWPOLYLINE
  5
10428
330
1F
100
AcDbEntity
  8
0
  6
Continuous
370
    20
100
AcDbPolyline
 90
        2
 70
     0
 43
0.0
 10
278.2604437333325
 20
-3956.568499511764
 10
277.7904091999999
 20
-3941.586148761764
  0
LWPOLYLINE
  5
10429
330
1F
100
AcDbEntity
  8
0
  6
Continuous
370
    20
100
AcDbPolyline
 90
        2
 70
     0
 43
0.0
 10
278.9654955333335
 20
-3994.582542395098
 10
278.2604437333325
 20
-3956.568499511764
  0
LWPOLYLINE
  5
1042A
330
1F
100
AcDbEntity
  8
0
  6
Continuous
370
    20
100
AcDbPolyline
 90
        2
 70
     0
 43
0.0
 10
279.1417584833329
 20
-4032.479076645098
 10
278.9654955333335
 20
-3994.582542395098
  0
LWPOLYLINE
  5
1042B
330
1F
100
AcDbEntity
  8
0
  6
Continuous
370
    20
100
AcDbPolyline
 90
        2
 70
     0
 43
0.0
 10
279.1417584833329
 20
-4070.434365211764
 10
279.1417584833329
 20
-4032.479076645098
  0
LWPOLYLINE
  5
1042C
330
1F
100
AcDbEntity
  8
0
  6
Continuous
370
    20
100
AcDbPolyline
 90
        2
 70
     0
 43
0.0
 10
279.1417584833329
 20
-4070.434365211764
 10
279.1417584833329
 20
-4070.434365211764
  0
LWPOLYLINE
  5
1042D
330
1F
100
AcDbEntity
  8
0
  6
Continuous
370
    20
100
AcDbPolyline
 90
        2
 70
     0
 43
0.0
 10
269.1535246500002
 20
-4108.448408095098
 10
269.1535246500002
 20
-4070.434365211764
  0
LWPOLYLINE
  5
1042E
330
1F
100
AcDbEntity
  8
0
  6
Continuous
370
    20
100
AcDbPolyline
 90
        2
 70
     0
 43
0.0
 10
268.9772616999989
 20
-4146.227433711765
 10
269.1535246500002
 20
-4108.448408095098
  0
LWPOLYLINE
  5
1042F
330
1F
100
AcDbEntity
  8
0
  6
Continuous
370
    20
100
AcDbPolyline
 90
        2
 70
     0
 43
0.0
 10
268.2722099000002
 20
-4184.182722278431
 10
268.9772616999989
 20
-4146.227433711765
  0
LWPOLYLINE
  5
10430
330
1F
100
AcDbEntity
  8
0
  6
Continuous
370
    20
100
AcDbPolyline
 90
        2
 70
     0
 43
0.0
 10
267.8021753666667
 20
-4199.047564395097
 10
268.2722099000002
 20
-4184.182722278431
  0
LWPOLYLINE
  5
10431
330
1F
100
AcDbEntity
  8
0
  6
Continuous
370
    20
100
AcDbPolyline
 90
        2
 70
     0
 43
0.0
 10
266.7445976666663
 20
-4231.362438561765
 10
267.8021753666667
 20
-4199.047564395097
  0
LWPOLYLINE
  5
10432
330
1F
100
AcDbEntity
  8
0
  6
Continuous
370
    20
100
AcDbPolyline
 90
        2
 70
     0
 43
0.0
 10
264.1594077333333
 20
-4263.501049778431
 10
266.7445976666663
 20
-4231.362438561765
  0
LWPOLYLINE
  5
10433
330
1F
100
AcDbEntity
  8
0
  6
Continuous
370
    20
100
AcDbPolyline
 90
        2
 70
     0
 43
0.0
 10
259.2240451333327
 20
-4295.404643728431
 10
264.1594077333333
 20
-4263.501049778431
  0
LWPOLYLINE
  5
10434
330
1F
100
AcDbEntity
  8
0
  6
Continuous
370
    20
100
AcDbPolyline
 90
        2
 70
     0
 43
0.0
 10
252.2910357666664
 20
-4326.955711778431
 10
259.2240451333327
 20
-4295.404643728431
  0
LWPOLYLINE
  5
10435
330
1F
100
AcDbEntity
  8
0
  6
Continuous
370
    20
100
AcDbPolyline
 90
        2
 70
     0
 43
0.0
 10
244.0654314333333
 20
-4358.213008245098
 10
252.2910357666664
 20
-4326.955711778431
  0
LWPOLYLINE
  5
10436
330
1F
100
AcDbEntity
  8
0
  6
Continuous
370
    20
100
AcDbPolyline
 90
        2
 70
     0
 43
0.0
 10
175.9691784166661
 20
-4340.175433028431
 10
244.0654314333333
 20
-4358.213008245098
  0
LWPOLYLINE
  5
10437
330
1F
100
AcDbEntity
  8
0
  6
Continuous
370
    20
100
AcDbPolyline
 90
        2
 70
     0
 43
0.0
 10
180.9632953333334
 20
-4315.792391611764
 10
175.9691784166661
 20
-4340.175433028431
  0
LWPOLYLINE
  5
10438
330
1F
100
AcDbEntity
  8
0
  6
Continuous
370
    20
100
AcDbPolyline
 90
        2
 70
     0
 43
0.0
 10
187.4262701666662
 20
-4281.362362045098
 10
180.9632953333334
 20
-4315.792391611764
  0
LWPOLYLINE
  5
10439
330
1F
100
AcDbEntity
  8
0
  6
Continuous
370
    20
100
AcDbPolyline
 90
        2
 70
     0
 43
0.0
 10
192.5378957166662
 20
-4246.579806578431
 10
187.4262701666662
 20
-4281.362362045098
  0
LWPOLYLINE
  5
1043A
330
1F
100
AcDbEntity
  8
0
  6
Continuous
370
    20
100
AcDbPolyline
 90
        2
 70
     0
 43
0.0
 10
195.5931201833323
 20
-4211.50347952843
 10
192.5378957166662
 20
-4246.579806578431
  0
LWPOLYLINE
  5
1043B
330
1F
100
AcDbEntity
  8
0
  6
Continuous
370
    20
100
AcDbPolyline
 90
        2
 70
     0
 43
0.0
 10
197.1207324166666
 20
-4176.544661111764
 10
195.5931201833323
 20
-4211.50347952843
  0
LWPOLYLINE
  5
1043C
330
1F
100
AcDbEntity
  8
0
  6
Continuous
370
    20
100
AcDbPolyline
 90
        2
 70
     0
 43
0.0
 10
198.0020471666675
 20
-4141.115808161765
 10
197.1207324166666
 20
-4176.544661111764
  0
LWPOLYLINE
  5
1043D
330
1F
100
AcDbEntity
  8
0
  6
Continuous
370
    20
100
AcDbPolyline
 90
        2
 70
     0
 43
0.0
 10
198.1195557999999
 20
-4105.745709528432
 10
198.0020471666675
 20
-4141.115808161765
  0
LWPOLYLINE
  5
1043E
330
1F
100
AcDbEntity
  8
0
  6
Continuous
370
    20
100
AcDbPolyline
 90
        2
 70
     0
 43
0.0
 10
198.1195557999999
 20
-4070.434365211764
 10
198.1195557999999
 20
-4105.745709528432
  0
LWPOLYLINE
  5
1043F
330
1F
100
AcDbEntity
  8
0
  6
Continuous
370
    20
100
AcDbPolyline
 90
        2
 70
     0
 43
0.0
 10
198.1195557999999
 20
-4035.240529528431
 10
198.1195557999999
 20
-4070.434365211764
  0
LWPOLYLINE
  5
10440
330
1F
100
AcDbEntity
  8
0
  6
Continuous
370
    20
100
AcDbPolyline
 90
        2
 70
     0
 43
0.0
 10
198.0020471666675
 20
-3999.870430895097
 10
198.1195557999999
 20
-4035.240529528431
  0
LWPOLYLINE
  5
10441
330
1F
100
AcDbEntity
  8
0
  6
Continuous
370
    20
100
AcDbPolyline
 90
        2
 70
     0
 43
0.0
 10
197.1207324166666
 20
-3964.441577945098
 10
198.0020471666675
 20
-3999.870430895097
  0
LWPOLYLINE
  5
10442
330
1F
100
AcDbEntity
  8
0
  6
Continuous
370
    20
100
AcDbPolyline
 90
        2
 70
     0
 43
0.0
 10
195.5931201833323
 20
-3929.424005211765
 10
197.1207324166666
 20
-3964.441577945098
  0
LWPOLYLINE
  5
10443
330
1F
100
AcDbEntity
  8
0
  6
Continuous
370
    20
100
AcDbPolyline
 90
        2
 70
     0
 43
0.0
 10
192.5378957166662
 20
-3894.406432478431
 10
195.5931201833323
 20
-3929.424005211765
  0
LWPOLYLINE
  5
10444
330
1F
100
AcDbEntity
  8
0
  6
Continuous
370
    20
100
AcDbPolyline
 90
        2
 70
     0
 43
0.0
 10
187.4262701666662
 20
-3859.506368378431
 10
192.5378957166662
 20
-3894.406432478431
  0
LWPOLYLINE
  5
10445
330
1F
100
AcDbEntity
  8
0
  6
Continuous
370
    20
100
AcDbPolyline
 90
        2
 70
     0
 43
0.0
 10
180.9632953333334
 20
-3825.193847445097
 10
187.4262701666662
 20
-3859.506368378431
  0
LWPOLYLINE
  5
10446
330
1F
100
AcDbEntity
  8
0
  6
Continuous
370
    20
100
AcDbPolyline
 90
        2
 70
     0
 43
0.0
 10
175.9691784166661
 20
-3800.810806028431
 10
180.9632953333334
 20
-3825.193847445097
  0
LWPOLYLINE
  5
10447
330
1F
100
AcDbEntity
  8
0
  6
Continuous
370
    20
100
AcDbPolyline
 90
        2
 70
     0
 43
0.0
 10
244.0654314333333
 20
-3782.773230811764
 10
175.9691784166661
 20
-3800.810806028431
  0
LWPOLYLINE
  5
10448
330
1F
100
AcDbEntity
  8
0
  6
Continuous
370
    20
100
AcDbPolyline
 90
        2
 70
     0
 43
0.0
 10
252.2910357666664
 20
-3814.030527278431
 10
244.0654314333333
 20
-3782.773230811764
  0
LWPOLYLINE
  5
10449
330
1F
100
AcDbEntity
  8
0
  6
Continuous
370
    20
100
AcDbPolyline
 90
        2
 70
     0
 43
0.0
 10
259.2240451333327
 20
-3845.581595328431
 10
252.2910357666664
 20
-3814.030527278431
  0
LWPOLYLINE
  5
1044A
330
1F
100
AcDbEntity
  8
0
  6
Continuous
370
    20
100
AcDbPolyline
 90
        2
 70
     0
 43
0.0
 10
264.1594077333333
 20
-3877.485189278431
 10
259.2240451333327
 20
-3845.581595328431
  0
LWPOLYLINE
  5
1044B
330
1F
100
AcDbEntity
  8
0
  6
Continuous
370
    20
100
AcDbPolyline
 90
        2
 70
     0
 43
0.0
 10
266.7445976666663
 20
-3909.623800495097
 10
264.1594077333333
 20
-3877.485189278431
  0
LWPOLYLINE
  5
1044C
330
1F
100
AcDbEntity
  8
0
  6
Continuous
370
    20
100
AcDbPolyline
 90
        2
 70
     0
 43
0.0
 10
267.8021753666667
 20
-3941.821166028431
 10
266.7445976666663
 20
-3909.623800495097
  0
LWPOLYLINE
  5
1044D
330
1F
100
AcDbEntity
  8
0
  6
Continuous
370
    20
100
AcDbPolyline
 90
        2
 70
     0
 43
0.0
 10
268.2722099000002
 20
-3956.803516778431
 10
267.8021753666667
 20
-3941.821166028431
  0
LWPOLYLINE
  5
1044E
330
1F
100
AcDbEntity
  8
0
  6
Continuous
370
    20
100
AcDbPolyline
 90
        2
 70
     0
 43
0.0
 10
268.9772616999989
 20
-3994.641296711765
 10
268.2722099000002
 20
-3956.803516778431
  0
LWPOLYLINE
  5
1044F
330
1F
100
AcDbEntity
  8
0
  6
Continuous
370
    20
100
AcDbPolyline
 90
        2
 70
     0
 43
0.0
 10
269.1535246500002
 20
-4032.537830961764
 10
268.9772616999989
 20
-3994.641296711765
  0
LWPOLYLINE
  5
10450
330
1F
100
AcDbEntity
  8
0
  6
Continuous
370
    20
100
AcDbPolyline
 90
        2
 70
     0
 43
0.0
 10
269.1535246500002
 20
-4070.434365211764
 10
269.1535246500002
 20
-4032.537830961764
  0
LWPOLYLINE
  5
10451
330
1F
100
AcDbEntity
  8
0
  6
Continuous
370
    20
100
AcDbPolyline
 90
        2
 70
     0
 43
0.0
 10
618.9767260833332
 20
-4075.428482128431
 10
618.9767260833332
 20
-4065.440248295098
  0
LWPOLYLINE
  5
10452
330
1F
100
AcDbEntity
  8
0
  6
Continuous
370
    20
100
AcDbPolyline
 90
        2
 70
     0
 43
0.0
 10
628.9649599166664
 20
-4070.434365211764
 10
618.9767260833332
 20
-4070.434365211764
  0
LWPOLYLINE
  5
10453
330
1F
100
AcDbEntity
  8
0
  6
Continuous
370
    20
100
AcDbPolyline
 90
        2
 70
     0
 43
0.0
 10
617.4491138499997
 20
-4204.041681311764
 10
617.80163975
 20
-4194.05344747843
  0
LWPOLYLINE
  5
10454
330
1F
100
AcDbEntity
  8
0
  6
Continuous
370
    20
100
AcDbPolyline
 90
        2
 70
     0
 43
0.0
 10
627.6136106333328
 20
-4199.400090295097
 10
617.6253768000001
 20
-4199.047564395097
  0
LWPOLYLINE
  5
10455
330
1F
100
AcDbEntity
  8
0
  6
Continuous
370
    20
100
AcDbPolyline
 90
        2
 70
     0
 43
0.0
 10
548.00151155
 20
-4065.440248295098
 10
548.00151155
 20
-4075.428482128431
  0
LWPOLYLINE
  5
10456
330
1F
100
AcDbEntity
  8
0
  6
Continuous
370
    20
100
AcDbPolyline
 90
        2
 70
     0
 43
0.0
 10
538.0132777166664
 20
-4070.434365211764
 10
548.00151155
 20
-4070.434365211764
  0
LWPOLYLINE
  5
10457
330
1F
100
AcDbEntity
  8
0
  6
Continuous
370
    20
100
AcDbPolyline
 90
        2
 70
     0
 43
0.0
 10
617.80163975
 20
-3946.815282945097
 10
617.4491138499997
 20
-3936.827049111764
  0
LWPOLYLINE
  5
10458
330
1F
100
AcDbEntity
  8
0
  6
Continuous
370
    20
100
AcDbPolyline
 90
        2
 70
     0
 43
0.0
 10
627.6136106333328
 20
-3941.586148761764
 10
617.6253768000001
 20
-3941.821166028431
  0
LWPOLYLINE
  5
10459
330
1F
100
AcDbEntity
  8
0
  6
Continuous
370
    20
100
AcDbPolyline
 90
        2
 70
     0
 43
0.0
 10
618.9767260833332
 20
-4075.428482128431
 10
618.9767260833332
 20
-4065.440248295098
  0
LWPOLYLINE
  5
1045A
330
1F
100
AcDbEntity
  8
0
  6
Continuous
370
    20
100
AcDbPolyline
 90
        2
 70
     0
 43
0.0
 10
628.9649599166664
 20
-4070.434365211764
 10
618.9767260833332
 20
-4070.434365211764
  0
LWPOLYLINE
  5
1045B
330
1F
100
AcDbEntity
  8
0
  6
Continuous
370
    20
100
AcDbPolyline
 90
        2
 70
     0
 43
0.0
 10
612.9837857833336
 20
-4070.434365211764
 10
552.9956284666663
 20
-4070.434365211764
  0
LWPOLYLINE
  5
1045C
330
1F
100
AcDbEntity
  8
0
  6
Continuous
370
    20
100
AcDbPolyline
 90
        2
 70
     0
 43
0.0
 10
612.9837857833336
 20
-4070.434365211764
 10
612.9837857833336
 20
-4070.434365211764
  0
LWPOLYLINE
  5
1045D
330
1F
100
AcDbEntity
  8
0
  6
Continuous
370
    20
100
AcDbPolyline
 90
        2
 70
     0
 43
0.0
 10
552.9956284666663
 20
-4070.434365211764
 10
612.9837857833336
 20
-4070.434365211764
  0
LWPOLYLINE
  5
1045E
330
1F
100
AcDbEntity
  8
0
  6
Continuous
370
    20
100
AcDbPolyline
 90
        2
 70
     0
 43
0.0
 10
552.9956284666663
 20
-4070.434365211764
 10
552.9956284666663
 20
-4070.434365211764
  0
LWPOLYLINE
  5
1045F
330
1F
100
AcDbEntity
  8
0
  6
Continuous
370
    20
100
AcDbPolyline
 90
        2
 70
     0
 43
0.0
 10
628.9649599166664
 20
-4108.448408095098
 10
628.9649599166664
 20
-4070.434365211764
  0
LWPOLYLINE
  5
10460
330
1F
100
AcDbEntity
  8
0
  6
Continuous
370
    20
100
AcDbPolyline
 90
        2
 70
     0
 43
0.0
 10
628.7886969666665
 20
-4146.403696661765
 10
628.9649599166664
 20
-4108.448408095098
  0
LWPOLYLINE
  5
10461
330
1F
100
AcDbEntity
  8
0
  6
Continuous
370
    20
100
AcDbPolyline
 90
        2
 70
     0
 43
0.0
 10
628.1423994833335
 20
-4184.300230911764
 10
628.7886969666665
 20
-4146.403696661765
  0
LWPOLYLINE
  5
10462
330
1F
100
AcDbEntity
  8
0
  6
Continuous
370
    20
100
AcDbPolyline
 90
        2
 70
     0
 43
0.0
 10
627.6136106333328
 20
-4199.400090295097
 10
628.1423994833335
 20
-4184.300230911764
  0
LWPOLYLINE
  5
10463
330
1F
100
AcDbEntity
  8
0
  6
Continuous
370
    20
100
AcDbPolyline
 90
        2
 70
     0
 43
0.0
 10
627.6136106333328
 20
-4199.400090295097
 10
627.6136106333328
 20
-4199.400090295097
  0
LWPOLYLINE
  5
10464
330
1F
100
AcDbEntity
  8
0
  6
Continuous
370
    20
100
AcDbPolyline
 90
        2
 70
     0
 43
0.0
 10
626.61478725
 20
-4231.891227411765
 10
627.6136106333328
 20
-4199.400090295097
  0
LWPOLYLINE
  5
10465
330
1F
100
AcDbEntity
  8
0
  6
Continuous
370
    20
100
AcDbPolyline
 90
        2
 70
     0
 43
0.0
 10
625.4984552333334
 20
-4248.283681761765
 10
626.61478725
 20
-4231.891227411765
  0
LWPOLYLINE
  5
10466
330
1F
100
AcDbEntity
  8
0
  6
Continuous
370
    20
100
AcDbPolyline
 90
        2
 70
     0
 43
0.0
 10
623.9120886833325
 20
-4264.676136111765
 10
625.4984552333334
 20
-4248.283681761765
  0
LWPOLYLINE
  5
10467
330
1F
100
AcDbEntity
  8
0
  6
Continuous
370
    20
100
AcDbPolyline
 90
        2
 70
     0
 43
0.0
 10
621.6794246500003
 20
-4281.009836145098
 10
623.9120886833325
 20
-4264.676136111765
  0
LWPOLYLINE
  5
10468
330
1F
100
AcDbEntity
  8
0
  6
Continuous
370
    20
100
AcDbPolyline
 90
        2
 70
     0
 43
0.0
 10
618.9179717666665
 20
-4297.284781861764
 10
621.6794246500003
 20
-4281.009836145098
  0
LWPOLYLINE
  5
10469
330
1F
100
AcDbEntity
  8
0
  6
Continuous
370
    20
100
AcDbPolyline
 90
        2
 70
     0
 43
0.0
 10
611.8674537666666
 20
-4329.247130128432
 10
618.9179717666665
 20
-4297.284781861764
  0
LWPOLYLINE
  5
1046A
330
1F
100
AcDbEntity
  8
0
  6
Continuous
370
    20
100
AcDbPolyline
 90
        2
 70
     0
 43
0.0
 10
601.0566595
 20
-4370.375151795097
 10
611.8674537666666
 20
-4329.247130128432
  0
LWPOLYLINE
  5
1046B
330
1F
100
AcDbEntity
  8
0
  6
Continuous
370
    20
100
AcDbPolyline
 90
        2
 70
     0
 43
0.0
 10
601.0566595
 20
-4370.375151795097
 10
601.0566595
 20
-4370.375151795097
  0
LWPOLYLINE
  5
1046C
330
1F
100
AcDbEntity
  8
0
  6
Continuous
370
    20
100
AcDbPolyline
 90
        2
 70
     0
 43
0.0
 10
514.0415165166664
 20
-4347.343459661764
 10
601.0566595
 20
-4370.375151795097
  0
LWPOLYLINE
  5
1046D
330
1F
100
AcDbEntity
  8
0
  6
Continuous
370
    20
100
AcDbPolyline
 90
        2
 70
     0
 43
0.0
 10
514.0415165166664
 20
-4347.343459661764
 10
514.0415165166664
 20
-4347.343459661764
  0
LWPOLYLINE
  5
1046E
330
1F
100
AcDbEntity
  8
0
  6
Continuous
370
    20
100
AcDbPolyline
 90
        2
 70
     0
 43
0.0
 10
521.0920345166664
 20
-4313.853499161765
 10
514.0415165166664
 20
-4347.343459661764
  0
LWPOLYLINE
  5
1046F
330
1F
100
AcDbEntity
  8
0
  6
Continuous
370
    20
100
AcDbPolyline
 90
        2
 70
     0
 43
0.0
 10
527.4375007166663
 20
-4279.775995495098
 10
521.0920345166664
 20
-4313.853499161765
  0
LWPOLYLINE
  5
10470
330
1F
100
AcDbEntity
  8
0
  6
Continuous
370
    20
100
AcDbPolyline
 90
        2
 70
     0
 43
0.0
 10
532.4316176333336
 20
-4245.404720245097
 10
527.4375007166663
 20
-4279.775995495098
  0
LWPOLYLINE
  5
10471
330
1F
100
AcDbEntity
  8
0
  6
Continuous
370
    20
100
AcDbPolyline
 90
        2
 70
     0
 43
0.0
 10
534.1942471333331
 20
-4228.130951145098
 10
532.4316176333336
 20
-4245.404720245097
  0
LWPOLYLINE
  5
10472
330
1F
100
AcDbEntity
  8
0
  6
Continuous
370
    20
100
AcDbPolyline
 90
        2
 70
     0
 43
0.0
 10
535.5455964166663
 20
-4210.798427728431
 10
534.1942471333331
 20
-4228.130951145098
  0
LWPOLYLINE
  5
10473
330
1F
100
AcDbEntity
  8
0
  6
Continuous
370
    20
100
AcDbPolyline
 90
        2
 70
     0
 43
0.0
 10
537.0144543333326
 20
-4176.192135211765
 10
535.5455964166663
 20
-4210.798427728431
  0
LWPOLYLINE
  5
10474
330
1F
100
AcDbEntity
  8
0
  6
Continuous
370
    20
100
AcDbPolyline
 90
        2
 70
     0
 43
0.0
 10
537.0144543333326
 20
-4176.192135211765
 10
537.0144543333326
 20
-4176.192135211765
  0
LWPOLYLINE
  5
10475
330
1F
100
AcDbEntity
  8
0
  6
Continuous
370
    20
100
AcDbPolyline
 90
        2
 70
     0
 43
0.0
 10
537.8370147666664
 20
-4140.939545211764
 10
537.0144543333326
 20
-4176.192135211765
  0
LWPOLYLINE
  5
10476
330
1F
100
AcDbEntity
  8
0
  6
Continuous
370
    20
100
AcDbPolyline
 90
        2
 70
     0
 43
0.0
 10
538.0132777166664
 20
-4105.628200895097
 10
537.8370147666664
 20
-4140.939545211764
  0
LWPOLYLINE
  5
10477
330
1F
100
AcDbEntity
  8
0
  6
Continuous
370
    20
100
AcDbPolyline
 90
        2
 70
     0
 43
0.0
 10
538.0132777166664
 20
-4070.434365211764
 10
538.0132777166664
 20
-4105.628200895097
  0
LWPOLYLINE
  5
10478
330
1F
100
AcDbEntity
  8
0
  6
Continuous
370
    20
100
AcDbPolyline
 90
        2
 70
     0
 43
0.0
 10
538.0132777166664
 20
-4070.434365211764
 10
538.0132777166664
 20
-4070.434365211764
  0
LWPOLYLINE
  5
10479
330
1F
100
AcDbEntity
  8
0
  6
Continuous
370
    20
100
AcDbPolyline
 90
        2
 70
     0
 43
0.0
 10
538.0132777166664
 20
-4035.240529528431
 10
538.0132777166664
 20
-4070.434365211764
  0
LWPOLYLINE
  5
1047A
330
1F
100
AcDbEntity
  8
0
  6
Continuous
370
    20
100
AcDbPolyline
 90
        2
 70
     0
 43
0.0
 10
537.8370147666664
 20
-4000.046693845098
 10
538.0132777166664
 20
-4035.240529528431
  0
LWPOLYLINE
  5
1047B
330
1F
100
AcDbEntity
  8
0
  6
Continuous
370
    20
100
AcDbPolyline
 90
        2
 70
     0
 43
0.0
 10
537.0144543333326
 20
-3964.794103845098
 10
537.8370147666664
 20
-4000.046693845098
  0
LWPOLYLINE
  5
1047C
330
1F
100
AcDbEntity
  8
0
  6
Continuous
370
    20
100
AcDbPolyline
 90
        2
 70
     0
 43
0.0
 10
537.0144543333326
 20
-3964.794103845098
 10
537.0144543333326
 20
-3964.794103845098
  0
LWPOLYLINE
  5
1047D
330
1F
100
AcDbEntity
  8
0
  6
Continuous
370
    20
100
AcDbPolyline
 90
        2
 70
     0
 43
0.0
 10
535.5455964166663
 20
-3930.070302695098
 10
537.0144543333326
 20
-3964.794103845098
  0
LWPOLYLINE
  5
1047E
330
1F
100
AcDbEntity
  8
0
  6
Continuous
370
    20
100
AcDbPolyline
 90
        2
 70
     0
 43
0.0
 10
534.1942471333331
 20
-3912.796533595097
 10
535.5455964166663
 20
-3930.070302695098
  0
LWPOLYLINE
  5
1047F
330
1F
100
AcDbEntity
  8
0
  6
Continuous
370
    20
100
AcDbPolyline
 90
        2
 70
     0
 43
0.0
 10
532.4316176333336
 20
-3895.581518811765
 10
534.1942471333331
 20
-3912.796533595097
  0
LWPOLYLINE
  5
10480
330
1F
100
AcDbEntity
  8
0
  6
Continuous
370
    20
100
AcDbPolyline
 90
        2
 70
     0
 43
0.0
 10
527.4375007166663
 20
-3861.210243561765
 10
532.4316176333336
 20
-3895.581518811765
  0
LWPOLYLINE
  5
10481
330
1F
100
AcDbEntity
  8
0
  6
Continuous
370
    20
100
AcDbPolyline
 90
        2
 70
     0
 43
0.0
 10
521.0920345166664
 20
-3827.132739895098
 10
527.4375007166663
 20
-3861.210243561765
  0
LWPOLYLINE
  5
10482
330
1F
100
AcDbEntity
  8
0
  6
Continuous
370
    20
100
AcDbPolyline
 90
        2
 70
     0
 43
0.0
 10
514.0415165166664
 20
-3793.525270761765
 10
521.0920345166664
 20
-3827.132739895098
  0
LWPOLYLINE
  5
10483
330
1F
100
AcDbEntity
  8
0
  6
Continuous
370
    20
100
AcDbPolyline
 90
        2
 70
     0
 43
0.0
 10
514.0415165166664
 20
-3793.525270761765
 10
514.0415165166664
 20
-3793.525270761765
  0
LWPOLYLINE
  5
10484
330
1F
100
AcDbEntity
  8
0
  6
Continuous
370
    20
100
AcDbPolyline
 90
        2
 70
     0
 43
0.0
 10
601.0566595
 20
-3770.611087261765
 10
514.0415165166664
 20
-3793.525270761765
  0
LWPOLYLINE
  5
10485
330
1F
100
AcDbEntity
  8
0
  6
Continuous
370
    20
100
AcDbPolyline
 90
        2
 70
     0
 43
0.0
 10
601.0566595
 20
-3770.611087261765
 10
601.0566595
 20
-3770.611087261765
  0
LWPOLYLINE
  5
10486
330
1F
100
AcDbEntity
  8
0
  6
Continuous
370
    20
100
AcDbPolyline
 90
        2
 70
     0
 43
0.0
 10
611.8674537666666
 20
-3811.621600295097
 10
601.0566595
 20
-3770.611087261765
  0
LWPOLYLINE
  5
10487
330
1F
100
AcDbEntity
  8
0
  6
Continuous
370
    20
100
AcDbPolyline
 90
        2
 70
     0
 43
0.0
 10
618.9179717666665
 20
-3843.701457195098
 10
611.8674537666666
 20
-3811.621600295097
  0
LWPOLYLINE
  5
10488
330
1F
100
AcDbEntity
  8
0
  6
Continuous
370
    20
100
AcDbPolyline
 90
        2
 70
     0
 43
0.0
 10
621.6794246500003
 20
-3859.917648595097
 10
618.9179717666665
 20
-3843.701457195098
  0
LWPOLYLINE
  5
10489
330
1F
100
AcDbEntity
  8
0
  6
Continuous
370
    20
100
AcDbPolyline
 90
        2
 70
     0
 43
0.0
 10
623.9120886833325
 20
-3876.251348628431
 10
621.6794246500003
 20
-3859.917648595097
  0
LWPOLYLINE
  5
1048A
330
1F
100
AcDbEntity
  8
0
  6
Continuous
370
    20
100
AcDbPolyline
 90
        2
 70
     0
 43
0.0
 10
625.4984552333334
 20
-3892.585048661764
 10
623.9120886833325
 20
-3876.251348628431
  0
LWPOLYLINE
  5
1048B
330
1F
100
AcDbEntity
  8
0
  6
Continuous
370
    20
100
AcDbPolyline
 90
        2
 70
     0
 43
0.0
 10
626.61478725
 20
-3909.03625732843
 10
625.4984552333334
 20
-3892.585048661764
  0
LWPOLYLINE
  5
1048C
330
1F
100
AcDbEntity
  8
0
  6
Continuous
370
    20
100
AcDbPolyline
 90
        2
 70
     0
 43
0.0
 10
627.6136106333328
 20
-3941.586148761764
 10
626.61478725
 20
-3909.03625732843
  0
LWPOLYLINE
  5
1048D
330
1F
100
AcDbEntity
  8
0
  6
Continuous
370
    20
100
AcDbPolyline
 90
        2
 70
     0
 43
0.0
 10
627.6136106333328
 20
-3941.586148761764
 10
627.6136106333328
 20
-3941.586148761764
  0
LWPOLYLINE
  5
1048E
330
1F
100
AcDbEntity
  8
0
  6
Continuous
370
    20
100
AcDbPolyline
 90
        2
 70
     0
 43
0.0
 10
628.1423994833335
 20
-3956.568499511764
 10
627.6136106333328
 20
-3941.586148761764
  0
LWPOLYLINE
  5
1048F
330
1F
100
AcDbEntity
  8
0
  6
Continuous
370
    20
100
AcDbPolyline
 90
        2
 70
     0
 43
0.0
 10
628.7886969666665
 20
-3994.582542395098
 10
628.1423994833335
 20
-3956.568499511764
  0
LWPOLYLINE
  5
10490
330
1F
100
AcDbEntity
  8
0
  6
Continuous
370
    20
100
AcDbPolyline
 90
        2
 70
     0
 43
0.0
 10
628.9649599166664
 20
-4032.479076645098
 10
628.7886969666665
 20
-3994.582542395098
  0
LWPOLYLINE
  5
10491
330
1F
100
AcDbEntity
  8
0
  6
Continuous
370
    20
100
AcDbPolyline
 90
        2
 70
     0
 43
0.0
 10
628.9649599166664
 20
-4070.434365211764
 10
628.9649599166664
 20
-4032.479076645098
  0
LWPOLYLINE
  5
10492
330
1F
100
AcDbEntity
  8
0
  6
Continuous
370
    20
100
AcDbPolyline
 90
        2
 70
     0
 43
0.0
 10
628.9649599166664
 20
-4070.434365211764
 10
628.9649599166664
 20
-4070.434365211764
  0
LWPOLYLINE
  5
10493
330
1F
100
AcDbEntity
  8
0
  6
Continuous
370
    20
100
AcDbPolyline
 90
        2
 70
     0
 43
0.0
 10
618.9767260833332
 20
-4108.448408095098
 10
618.9767260833332
 20
-4070.434365211764
  0
LWPOLYLINE
  5
10494
330
1F
100
AcDbEntity
  8
0
  6
Continuous
370
    20
100
AcDbPolyline
 90
        2
 70
     0
 43
0.0
 10
618.8004631333329
 20
-4146.227433711765
 10
618.9767260833332
 20
-4108.448408095098
  0
LWPOLYLINE
  5
10495
330
1F
100
AcDbEntity
  8
0
  6
Continuous
370
    20
100
AcDbPolyline
 90
        2
 70
     0
 43
0.0
 10
618.1541656499998
 20
-4184.182722278431
 10
618.8004631333329
 20
-4146.227433711765
  0
LWPOLYLINE
  5
10496
330
1F
100
AcDbEntity
  8
0
  6
Continuous
370
    20
100
AcDbPolyline
 90
        2
 70
     0
 43
0.0
 10
617.6253768000001
 20
-4199.047564395097
 10
618.1541656499998
 20
-4184.182722278431
  0
LWPOLYLINE
  5
10497
330
1F
100
AcDbEntity
  8
0
  6
Continuous
370
    20
100
AcDbPolyline
 90
        2
 70
     0
 43
0.0
 10
616.6265534166663
 20
-4231.362438561765
 10
617.6253768000001
 20
-4199.047564395097
  0
LWPOLYLINE
  5
10498
330
1F
100
AcDbEntity
  8
0
  6
Continuous
370
    20
100
AcDbPolyline
 90
        2
 70
     0
 43
0.0
 10
613.9826091666663
 20
-4263.501049778431
 10
616.6265534166663
 20
-4231.362438561765
  0
LWPOLYLINE
  5
10499
330
1F
100
AcDbEntity
  8
0
  6
Continuous
370
    20
100
AcDbPolyline
 90
        2
 70
     0
 43
0.0
 10
609.1060008833332
 20
-4295.404643728431
 10
613.9826091666663
 20
-4263.501049778431
  0
LWPOLYLINE
  5
1049A
330
1F
100
AcDbEntity
  8
0
  6
Continuous
370
    20
100
AcDbPolyline
 90
        2
 70
     0
 43
0.0
 10
602.1142371999999
 20
-4326.955711778431
 10
609.1060008833332
 20
-4295.404643728431
  0
LWPOLYLINE
  5
1049B
330
1F
100
AcDbEntity
  8
0
  6
Continuous
370
    20
100
AcDbPolyline
 90
        2
 70
     0
 43
0.0
 10
593.9473871833329
 20
-4358.213008245098
 10
602.1142371999999
 20
-4326.955711778431
  0
LWPOLYLINE
  5
1049C
330
1F
100
AcDbEntity
  8
0
  6
Continuous
370
    20
100
AcDbPolyline
 90
        2
 70
     0
 43
0.0
 10
525.8511341666662
 20
-4340.175433028431
 10
593.9473871833329
 20
-4358.213008245098
  0
LWPOLYLINE
  5
1049D
330
1F
100
AcDbEntity
  8
0
  6
Continuous
370
    20
100
AcDbPolyline
 90
        2
 70
     0
 43
0.0
 10
530.8452510833331
 20
-4315.792391611764
 10
525.8511341666662
 20
-4340.175433028431
  0
LWPOLYLINE
  5
1049E
330
1F
100
AcDbEntity
  8
0
  6
Continuous
370
    20
100
AcDbPolyline
 90
        2
 70
     0
 43
0.0
 10
537.2494715999996
 20
-4281.362362045098
 10
530.8452510833331
 20
-4315.792391611764
  0
LWPOLYLINE
  5
1049F
330
1F
100
AcDbEntity
  8
0
  6
Continuous
370
    20
100
AcDbPolyline
 90
        2
 70
     0
 43
0.0
 10
542.4198514666663
 20
-4246.579806578431
 10
537.2494715999996
 20
-4281.362362045098
  0
LWPOLYLINE
  5
104A0
330
1F
100
AcDbEntity
  8
0
  6
Continuous
370
    20
100
AcDbPolyline
 90
        2
 70
     0
 43
0.0
 10
545.5338302499999
 20
-4211.50347952843
 10
542.4198514666663
 20
-4246.579806578431
  0
LWPOLYLINE
  5
104A1
330
1F
100
AcDbEntity
  8
0
  6
Continuous
370
    20
100
AcDbPolyline
 90
        2
 70
     0
 43
0.0
 10
547.0026881666663
 20
-4176.544661111764
 10
545.5338302499999
 20
-4211.50347952843
  0
LWPOLYLINE
  5
104A2
330
1F
100
AcDbEntity
  8
0
  6
Continuous
370
    20
100
AcDbPolyline
 90
        2
 70
     0
 43
0.0
 10
547.8252485999997
 20
-4141.115808161765
 10
547.0026881666663
 20
-4176.544661111764
  0
LWPOLYLINE
  5
104A3
330
1F
100
AcDbEntity
  8
0
  6
Continuous
370
    20
100
AcDbPolyline
 90
        2
 70
     0
 43
0.0
 10
548.00151155
 20
-4105.745709528432
 10
547.8252485999997
 20
-4141.115808161765
  0
LWPOLYLINE
  5
104A4
330
1F
100
AcDbEntity
  8
0
  6
Continuous
370
    20
100
AcDbPolyline
 90
        2
 70
     0
 43
0.0
 10
548.00151155
 20
-4070.434365211764
 10
548.00151155
 20
-4105.745709528432
  0
LWPOLYLINE
  5
104A5
330
1F
100
AcDbEntity
  8
0
  6
Continuous
370
    20
100
AcDbPolyline
 90
        2
 70
     0
 43
0.0
 10
548.00151155
 20
-4035.240529528431
 10
548.00151155
 20
-4070.434365211764
  0
LWPOLYLINE
  5
104A6
330
1F
100
AcDbEntity
  8
0
  6
Continuous
370
    20
100
AcDbPolyline
 90
        2
 70
     0
 43
0.0
 10
547.8252485999997
 20
-3999.870430895097
 10
548.00151155
 20
-4035.240529528431
  0
LWPOLYLINE
  5
104A7
330
1F
100
AcDbEntity
  8
0
  6
Continuous
370
    20
100
AcDbPolyline
 90
        2
 70
     0
 43
0.0
 10
547.0026881666663
 20
-3964.441577945098
 10
547.8252485999997
 20
-3999.870430895097
  0
LWPOLYLINE
  5
104A8
330
1F
100
AcDbEntity
  8
0
  6
Continuous
370
    20
100
AcDbPolyline
 90
        2
 70
     0
 43
0.0
 10
545.5338302499999
 20
-3929.424005211765
 10
547.0026881666663
 20
-3964.441577945098
  0
LWPOLYLINE
  5
104A9
330
1F
100
AcDbEntity
  8
0
  6
Continuous
370
    20
100
AcDbPolyline
 90
        2
 70
     0
 43
0.0
 10
542.4198514666663
 20
-3894.406432478431
 10
545.5338302499999
 20
-3929.424005211765
  0
LWPOLYLINE
  5
104AA
330
1F
100
AcDbEntity
  8
0
  6
Continuous
370
    20
100
AcDbPolyline
 90
        2
 70
     0
 43
0.0
 10
537.2494715999996
 20
-3859.506368378431
 10
542.4198514666663
 20
-3894.406432478431
  0
LWPOLYLINE
  5
104AB
330
1F
100
AcDbEntity
  8
0
  6
Continuous
370
    20
100
AcDbPolyline
 90
        2
 70
     0
 43
0.0
 10
530.8452510833331
 20
-3825.193847445098
 10
537.2494715999996
 20
-3859.506368378431
  0
LWPOLYLINE
  5
104AC
330
1F
100
AcDbEntity
  8
0
  6
Continuous
370
    20
100
AcDbPolyline
 90
        2
 70
     0
 43
0.0
 10
525.8511341666662
 20
-3800.810806028431
 10
530.8452510833331
 20
-3825.193847445098
  0
LWPOLYLINE
  5
104AD
330
1F
100
AcDbEntity
  8
0
  6
Continuous
370
    20
100
AcDbPolyline
 90
        2
 70
     0
 43
0.0
 10
593.9473871833329
 20
-3782.773230811764
 10
525.8511341666662
 20
-3800.810806028431
  0
LWPOLYLINE
  5
104AE
330
1F
100
AcDbEntity
  8
0
  6
Continuous
370
    20
100
AcDbPolyline
 90
        2
 70
     0
 43
0.0
 10
602.1142371999999
 20
-3814.030527278431
 10
593.9473871833329
 20
-3782.773230811764
  0
LWPOLYLINE
  5
104AF
330
1F
100
AcDbEntity
  8
0
  6
Continuous
370
    20
100
AcDbPolyline
 90
        2
 70
     0
 43
0.0
 10
609.1060008833332
 20
-3845.581595328431
 10
602.1142371999999
 20
-3814.030527278431
  0
LWPOLYLINE
  5
104B0
330
1F
100
AcDbEntity
  8
0
  6
Continuous
370
    20
100
AcDbPolyline
 90
        2
 70
     0
 43
0.0
 10
613.9826091666663
 20
-3877.485189278431
 10
609.1060008833332
 20
-3845.581595328431
  0
LWPOLYLINE
  5
104B1
330
1F
100
AcDbEntity
  8
0
  6
Continuous
370
    20
100
AcDbPolyline
 90
        2
 70
     0
 43
0.0
 10
616.6265534166663
 20
-3909.623800495097
 10
613.9826091666663
 20
-3877.485189278431
  0
LWPOLYLINE
  5
104B2
330
1F
100
AcDbEntity
  8
0
  6
Continuous
370
    20
100
AcDbPolyline
 90
        2
 70
     0
 43
0.0
 10
617.6253768000001
 20
-3941.821166028431
 10
616.6265534166663
 20
-3909.623800495097
  0
LWPOLYLINE
  5
104B3
330
1F
100
AcDbEntity
  8
0
  6
Continuous
370
    20
100
AcDbPolyline
 90
        2
 70
     0
 43
0.0
 10
618.1541656499998
 20
-3956.803516778431
 10
617.6253768000001
 20
-3941.821166028431
  0
LWPOLYLINE
  5
104B4
330
1F
100
AcDbEntity
  8
0
  6
Continuous
370
    20
100
AcDbPolyline
 90
        2
 70
     0
 43
0.0
 10
618.8004631333329
 20
-3994.641296711765
 10
618.1541656499998
 20
-3956.803516778431
  0
LWPOLYLINE
  5
104B5
330
1F
100
AcDbEntity
  8
0
  6
Continuous
370
    20
100
AcDbPolyline
 90
        2
 70
     0
 43
0.0
 10
618.9767260833332
 20
-4032.537830961764
 10
618.8004631333329
 20
-3994.641296711765
  0
LWPOLYLINE
  5
104B6
330
1F
100
AcDbEntity
  8
0
  6
Continuous
370
    20
100
AcDbPolyline
 90
        2
 70
     0
 43
0.0
 10
618.9767260833332
 20
-4070.434365211764
 10
618.9767260833332
 20
-4032.537830961764
  0
LWPOLYLINE
  5
104B7
330
1F
100
AcDbEntity
  8
0
  6
Continuous
370
    20
100
AcDbPolyline
 90
        2
 70
     0
 43
0.0
 10
538.9533467833325
 20
-3624.430347395097
 10
538.9533467833325
 20
-3614.442113561764
  0
LWPOLYLINE
  5
104B8
330
1F
100
AcDbEntity
  8
0
  6
Continuous
370
    20
100
AcDbPolyline
 90
        2
 70
     0
 43
0.0
 10
548.9415806166666
 20
-3619.436230478432
 10
538.9533467833325
 20
-3619.436230478432
  0
LWPOLYLINE
  5
104B9
330
1F
100
AcDbEntity
  8
0
  6
Continuous
370
    20
100
AcDbPolyline
 90
        2
 70
     0
 43
0.0
 10
513.9827622000002
 20
-3649.342177661765
 10
523.9709960333325
 20
-3649.342177661765
  0
LWPOLYLINE
  5
104BA
330
1F
100
AcDbEntity
  8
0
  6
Continuous
370
    20
100
AcDbPolyline
 90
        2
 70
     0
 43
0.0
 10
518.9768791166666
 20
-3659.330411495098
 10
518.9768791166666
 20
-3649.342177661765
  0
LWPOLYLINE
  5
104BB
330
1F
100
AcDbEntity
  8
0
  6
Continuous
370
    20
100
AcDbPolyline
 90
        2
 70
     0
 43
0.0
 10
339.1299158000006
 20
-3649.342177661765
 10
349.0593953166662
 20
-3649.342177661765
  0
LWPOLYLINE
  5
104BC
330
1F
100
AcDbEntity
  8
0
  6
Continuous
370
    20
100
AcDbPolyline
 90
        2
 70
     0
 43
0.0
 10
344.0652783999999
 20
-3659.330411495098
 10
344.0652783999999
 20
-3649.342177661765
  0
LWPOLYLINE
  5
104BD
330
1F
100
AcDbEntity
  8
0
  6
Continuous
370
    20
100
AcDbPolyline
 90
        2
 70
     0
 43
0.0
 10
339.1299158000006
 20
-3614.442113561764
 10
339.1299158000006
 20
-3624.430347395097
  0
LWPOLYLINE
  5
104BE
330
1F
100
AcDbEntity
  8
0
  6
Continuous
370
    20
100
AcDbPolyline
 90
        2
 70
     0
 43
0.0
 10
329.1416819666665
 20
-3619.436230478432
 10
339.1299158000006
 20
-3619.436230478432
  0
LWPOLYLINE
  5
104BF
330
1F
100
AcDbEntity
  8
0
  6
Continuous
370
    20
100
AcDbPolyline
 90
        2
 70
     0
 43
0.0
 10
349.0593953166662
 20
-3589.471528978431
 10
339.1299158000006
 20
-3589.471528978431
  0
LWPOLYLINE
  5
104C0
330
1F
100
AcDbEntity
  8
0
  6
Continuous
370
    20
100
AcDbPolyline
 90
        2
 70
     0
 43
0.0
 10
344.0652783999999
 20
-3579.483295145097
 10
344.0652783999999
 20
-3589.471528978431
  0
LWPOLYLINE
  5
104C1
330
1F
100
AcDbEntity
  8
0
  6
Continuous
370
    20
100
AcDbPolyline
 90
        2
 70
     0
 43
0.0
 10
523.9709960333325
 20
-3589.471528978431
 10
513.9827622000002
 20
-3589.471528978431
  0
LWPOLYLINE
  5
104C2
330
1F
100
AcDbEntity
  8
0
  6
Continuous
370
    20
100
AcDbPolyline
 90
        2
 70
     0
 43
0.0
 10
518.9768791166666
 20
-3579.483295145097
 10
518.9768791166666
 20
-3589.471528978431
  0
LWPOLYLINE
  5
104C3
330
1F
100
AcDbEntity
  8
0
  6
Continuous
370
    20
100
AcDbPolyline
 90
        2
 70
     0
 43
0.0
 10
538.9533467833325
 20
-3624.430347395097
 10
538.9533467833325
 20
-3614.442113561764
  0
LWPOLYLINE
  5
104C4
330
1F
100
AcDbEntity
  8
0
  6
Continuous
370
    20
100
AcDbPolyline
 90
        2
 70
     0
 43
0.0
 10
548.9415806166666
 20
-3619.436230478432
 10
538.9533467833325
 20
-3619.436230478432
  0
LWPOLYLINE
  5
104C5
330
1F
100
AcDbEntity
  8
0
  6
Continuous
370
    20
100
AcDbPolyline
 90
        2
 70
     0
 43
0.0
 10
503.9945283666666
 20
-3619.436230478432
 10
354.0535122333331
 20
-3619.436230478432
  0
LWPOLYLINE
  5
104C6
330
1F
100
AcDbEntity
  8
0
  6
Continuous
370
    20
100
AcDbPolyline
 90
        2
 70
     0
 43
0.0
 10
503.9945283666666
 20
-3619.436230478432
 10
503.9945283666666
 20
-3619.436230478432
  0
LWPOLYLINE
  5
104C7
330
1F
100
AcDbEntity
  8
0
  6
Continuous
370
    20
100
AcDbPolyline
 90
        2
 70
     0
 43
0.0
 10
354.0535122333331
 20
-3619.436230478432
 10
503.9945283666666
 20
-3619.436230478432
  0
LWPOLYLINE
  5
104C8
330
1F
100
AcDbEntity
  8
0
  6
Continuous
370
    20
100
AcDbPolyline
 90
        2
 70
     0
 43
0.0
 10
354.0535122333331
 20
-3619.436230478432
 10
354.0535122333331
 20
-3619.436230478432
  0
LWPOLYLINE
  5
104C9
330
1F
100
AcDbEntity
  8
0
  6
Continuous
370
    20
100
AcDbPolyline
 90
        2
 70
     0
 43
0.0
 10
548.9415806166666
 20
-3659.330411495098
 10
548.9415806166666
 20
-3619.436230478432
  0
LWPOLYLINE
  5
104CA
330
1F
100
AcDbEntity
  8
0
  6
Continuous
370
    20
100
AcDbPolyline
 90
        2
 70
     0
 43
0.0
 10
548.9415806166666
 20
-3659.330411495098
 10
548.9415806166666
 20
-3659.330411495098
  0
LWPOLYLINE
  5
104CB
330
1F
100
AcDbEntity
  8
0
  6
Continuous
370
    20
100
AcDbPolyline
 90
        2
 70
     0
 43
0.0
 10
518.9768791166666
 20
-3659.330411495098
 10
548.9415806166666
 20
-3659.330411495098
  0
LWPOLYLINE
  5
104CC
330
1F
100
AcDbEntity
  8
0
  6
Continuous
370
    20
100
AcDbPolyline
 90
        2
 70
     0
 43
0.0
 10
518.9768791166666
 20
-3659.330411495098
 10
518.9768791166666
 20
-3659.330411495098
  0
LWPOLYLINE
  5
104CD
330
1F
100
AcDbEntity
  8
0
  6
Continuous
370
    20
100
AcDbPolyline
 90
        2
 70
     0
 43
0.0
 10
344.0652783999999
 20
-3659.330411495098
 10
518.9768791166666
 20
-3659.330411495098
  0
LWPOLYLINE
  5
104CE
330
1F
100
AcDbEntity
  8
0
  6
Continuous
370
    20
100
AcDbPolyline
 90
        2
 70
     0
 43
0.0
 10
344.0652783999999
 20
-3659.330411495098
 10
344.0652783999999
 20
-3659.330411495098
  0
LWPOLYLINE
  5
104CF
330
1F
100
AcDbEntity
  8
0
  6
Continuous
370
    20
100
AcDbPolyline
 90
        2
 70
     0
 43
0.0
 10
329.1416819666665
 20
-3659.330411495098
 10
344.0652783999999
 20
-3659.330411495098
  0
LWPOLYLINE
  5
104D0
330
1F
100
AcDbEntity
  8
0
  6
Continuous
370
    20
100
AcDbPolyline
 90
        2
 70
     0
 43
0.0
 10
329.1416819666665
 20
-3659.330411495098
 10
329.1416819666665
 20
-3659.330411495098
  0
LWPOLYLINE
  5
104D1
330
1F
100
AcDbEntity
  8
0
  6
Continuous
370
    20
100
AcDbPolyline
 90
        2
 70
     0
 43
0.0
 10
329.1416819666665
 20
-3619.436230478432
 10
329.1416819666665
 20
-3659.330411495098
  0
LWPOLYLINE
  5
104D2
330
1F
100
AcDbEntity
  8
0
  6
Continuous
370
    20
100
AcDbPolyline
 90
        2
 70
     0
 43
0.0
 10
329.1416819666665
 20
-3619.436230478432
 10
329.1416819666665
 20
-3619.436230478432
  0
LWPOLYLINE
  5
104D3
330
1F
100
AcDbEntity
  8
0
  6
Continuous
370
    20
100
AcDbPolyline
 90
        2
 70
     0
 43
0.0
 10
329.1416819666665
 20
-3579.483295145097
 10
329.1416819666665
 20
-3619.436230478432
  0
LWPOLYLINE
  5
104D4
330
1F
100
AcDbEntity
  8
0
  6
Continuous
370
    20
100
AcDbPolyline
 90
        2
 70
     0
 43
0.0
 10
329.1416819666665
 20
-3579.483295145097
 10
329.1416819666665
 20
-3579.483295145097
  0
LWPOLYLINE
  5
104D5
330
1F
100
AcDbEntity
  8
0
  6
Continuous
370
    20
100
AcDbPolyline
 90
        2
 70
     0
 43
0.0
 10
344.0652783999999
 20
-3579.483295145097
 10
329.1416819666665
 20
-3579.483295145097
  0
LWPOLYLINE
  5
104D6
330
1F
100
AcDbEntity
  8
0
  6
Continuous
370
    20
100
AcDbPolyline
 90
        2
 70
     0
 43
0.0
 10
344.0652783999999
 20
-3579.483295145097
 10
344.0652783999999
 20
-3579.483295145097
  0
LWPOLYLINE
  5
104D7
330
1F
100
AcDbEntity
  8
0
  6
Continuous
370
    20
100
AcDbPolyline
 90
        2
 70
     0
 43
0.0
 10
518.9768791166666
 20
-3579.483295145097
 10
344.0652783999999
 20
-3579.483295145097
  0
LWPOLYLINE
  5
104D8
330
1F
100
AcDbEntity
  8
0
  6
Continuous
370
    20
100
AcDbPolyline
 90
        2
 70
     0
 43
0.0
 10
518.9768791166666
 20
-3579.483295145097
 10
518.9768791166666
 20
-3579.483295145097
  0
LWPOLYLINE
  5
104D9
330
1F
100
AcDbEntity
  8
0
  6
Continuous
370
    20
100
AcDbPolyline
 90
        2
 70
     0
 43
0.0
 10
548.9415806166666
 20
-3579.483295145097
 10
518.9768791166666
 20
-3579.483295145097
  0
LWPOLYLINE
  5
104DA
330
1F
100
AcDbEntity
  8
0
  6
Continuous
370
    20
100
AcDbPolyline
 90
        2
 70
     0
 43
0.0
 10
548.9415806166666
 20
-3579.483295145097
 10
548.9415806166666
 20
-3579.483295145097
  0
LWPOLYLINE
  5
104DB
330
1F
100
AcDbEntity
  8
0
  6
Continuous
370
    20
100
AcDbPolyline
 90
        2
 70
     0
 43
0.0
 10
548.9415806166666
 20
-3619.436230478432
 10
548.9415806166666
 20
-3579.483295145097
  0
LWPOLYLINE
  5
104DC
330
1F
100
AcDbEntity
  8
0
  6
Continuous
370
    20
100
AcDbPolyline
 90
        2
 70
     0
 43
0.0
 10
548.9415806166666
 20
-3619.436230478432
 10
548.9415806166666
 20
-3619.436230478432
  0
LWPOLYLINE
  5
104DE
330
1F
100
AcDbEntity
  8
0
  6
Continuous
370
    20
100
AcDbPolyline
 90
        2
 70
     0
 43
0.0
 10
518.9768791166666
 20
-3649.342177661765
 10
518.9768791166666
 20
-3619.436230478432
  0
LWPOLYLINE
  5
104E0
330
1F
100
AcDbEntity
  8
0
  6
Continuous
370
    20
100
AcDbPolyline
 90
        2
 70
     0
 43
0.0
 10
344.0652783999999
 20
-3649.342177661765
 10
518.9768791166666
 20
-3649.342177661765
  0
LWPOLYLINE
  5
104E1
330
1F
100
AcDbEntity
  8
0
  6
Continuous
370
    20
100
AcDbPolyline
 90
        2
 70
     0
 43
0.0
 10
344.0652783999999
 20
-3619.436230478432
 10
344.0652783999999
 20
-3649.342177661765
  0
LWPOLYLINE
  5
104E3
330
1F
100
AcDbEntity
  8
0
  6
Continuous
370
    20
100
AcDbPolyline
 90
        2
 70
     0
 43
0.0
 10
344.0652783999999
 20
-3589.471528978431
 10
344.0652783999999
 20
-3619.436230478432
  0
LWPOLYLINE
  5
104E5
330
1F
100
AcDbEntity
  8
0
  6
Continuous
370
    20
100
AcDbPolyline
 90
        2
 70
     0
 43
0.0
 10
518.9768791166666
 20
-3589.471528978431
 10
344.0652783999999
 20
-3589.471528978431
  0
LWPOLYLINE
  5
104E6
330
1F
100
AcDbEntity
  8
0
  6
Continuous
370
    20
100
AcDbPolyline
 90
        2
 70
     0
 43
0.0
 10
518.9768791166666
 20
-3619.436230478432
 10
518.9768791166666
 20
-3589.471528978431
  0
LWPOLYLINE
  5
104E7
330
1F
100
AcDbEntity
  8
0
  6
Continuous
370
    20
100
AcDbPolyline
 90
        2
 70
     0
 43
0.0
 10
577.2024069333333
 20
-3516.028633145098
 10
577.4961785166665
 20
-3526.01686697843
  0
LWPOLYLINE
  5
104E8
330
1F
100
AcDbEntity
  8
0
  6
Continuous
370
    20
100
AcDbPolyline
 90
        2
 70
     0
 43
0.0
 10
567.3904360500005
 20
-3521.257767328432
 10
577.3786698833332
 20
-3521.022750061765
  0
LWPOLYLINE
  5
104E9
330
1F
100
AcDbEntity
  8
0
  6
Continuous
370
    20
100
AcDbPolyline
 90
        2
 70
     0
 43
0.0
 10
777.84839835
 20
-3525.899358345097
 10
776.6733120166668
 20
-3516.028633145098
  0
LWPOLYLINE
  5
104EA
330
1F
100
AcDbEntity
  8
0
  6
Continuous
370
    20
100
AcDbPolyline
 90
        2
 70
     0
 43
0.0
 10
787.2490890166663
 20
-3519.730155095098
 10
777.2608551833331
 20
-3521.022750061765
  0
LWPOLYLINE
  5
104EB
330
1F
100
AcDbEntity
  8
0
  6
Continuous
370
    20
100
AcDbPolyline
 90
        2
 70
     0
 43
0.0
 10
809.6932379833329
 20
-3626.604257111764
 10
810.1632725166664
 20
-3616.616023278431
  0
LWPOLYLINE
  5
104EC
330
1F
100
AcDbEntity
  8
0
  6
Continuous
370
    20
100
AcDbPolyline
 90
        2
 70
     0
 43
0.0
 10
819.916489083333
 20
-3622.197683361764
 10
809.9282552499998
 20
-3621.610140195098
  0
LWPOLYLINE
  5
104ED
330
1F
100
AcDbEntity
  8
0
  6
Continuous
370
    20
100
AcDbPolyline
 90
        2
 70
     0
 43
0.0
 10
621.2681444333334
 20
-3655.452626595097
 10
627.8486279000003
 20
-3662.914424811765
  0
LWPOLYLINE
  5
104EE
330
1F
100
AcDbEntity
  8
0
  6
Continuous
370
    20
100
AcDbPolyline
 90
        2
 70
     0
 43
0.0
 10
617.0965879499999
 20
-3665.852140645098
 10
624.5583861666664
 20
-3659.154148545098
  0
LWPOLYLINE
  5
104EF
330
1F
100
AcDbEntity
  8
0
  6
Continuous
370
    20
100
AcDbPolyline
 90
        2
 70
     0
 43
0.0
 10
577.2024069333333
 20
-3516.028633145098
 10
577.4961785166665
 20
-3526.01686697843
  0
LWPOLYLINE
  5
104F0
330
1F
100
AcDbEntity
  8
0
  6
Continuous
370
    20
100
AcDbPolyline
 90
        2
 70
     0
 43
0.0
 10
567.3904360500005
 20
-3521.257767328432
 10
577.3786698833332
 20
-3521.022750061765
  0
LWPOLYLINE
  5
104F1
330
1F
100
AcDbEntity
  8
0
  6
Continuous
370
    20
100
AcDbPolyline
 90
        2
 70
     0
 43
0.0
 10
765.1574659500002
 20
-3602.397478645098
 10
590.3046195499996
 20
-3602.397478645098
  0
LWPOLYLINE
  5
104F2
330
1F
100
AcDbEntity
  8
0
  6
Continuous
370
    20
100
AcDbPolyline
 90
        2
 70
     0
 43
0.0
 10
765.1574659500002
 20
-3602.397478645098
 10
765.1574659500002
 20
-3602.397478645098
  0
LWPOLYLINE
  5
104F3
330
1F
100
AcDbEntity
  8
0
  6
Continuous
370
    20
100
AcDbPolyline
 90
        2
 70
     0
 43
0.0
 10
757.2256332000002
 20
-3521.022750061765
 10
582.3727868000005
 20
-3521.022750061765
  0
LWPOLYLINE
  5
104F4
330
1F
100
AcDbEntity
  8
0
  6
Continuous
370
    20
100
AcDbPolyline
 90
        2
 70
     0
 43
0.0
 10
757.2256332000002
 20
-3521.022750061765
 10
757.2256332000002
 20
-3521.022750061765
  0
LWPOLYLINE
  5
104F5
330
1F
100
AcDbEntity
  8
0
  6
Continuous
370
    20
100
AcDbPolyline
 90
        2
 70
     0
 43
0.0
 10
757.2256332000002
 20
-3490.999294245098
 10
757.2256332000002
 20
-3521.022750061765
  0
LWPOLYLINE
  5
104F6
330
1F
100
AcDbEntity
  8
0
  6
Continuous
370
    20
100
AcDbPolyline
 90
        2
 70
     0
 43
0.0
 10
757.2256332000002
 20
-3490.999294245098
 10
757.2256332000002
 20
-3490.999294245098
  0
LWPOLYLINE
  5
104F7
330
1F
100
AcDbEntity
  8
0
  6
Continuous
370
    20
100
AcDbPolyline
 90
        2
 70
     0
 43
0.0
 10
582.3727868000005
 20
-3490.999294245098
 10
757.2256332000002
 20
-3490.999294245098
  0
LWPOLYLINE
  5
104F8
330
1F
100
AcDbEntity
  8
0
  6
Continuous
370
    20
100
AcDbPolyline
 90
        2
 70
     0
 43
0.0
 10
582.3727868000005
 20
-3490.999294245098
 10
582.3727868000005
 20
-3490.999294245098
  0
LWPOLYLINE
  5
104F9
330
1F
100
AcDbEntity
  8
0
  6
Continuous
370
    20
100
AcDbPolyline
 90
        2
 70
     0
 43
0.0
 10
582.3727868000005
 20
-3521.022750061765
 10
582.3727868000005
 20
-3490.999294245098
  0
LWPOLYLINE
  5
104FA
330
1F
100
AcDbEntity
  8
0
  6
Continuous
370
    20
100
AcDbPolyline
 90
        2
 70
     0
 43
0.0
 10
582.3727868000005
 20
-3521.022750061765
 10
582.3727868000005
 20
-3521.022750061765
  0
LWPOLYLINE
  5
104FB
330
1F
100
AcDbEntity
  8
0
  6
Continuous
370
    20
100
AcDbPolyline
 90
        2
 70
     0
 43
0.0
 10
567.3904360500005
 20
-3481.011060411765
 10
567.3904360500005
 20
-3521.257767328432
  0
LWPOLYLINE
  5
104FC
330
1F
100
AcDbEntity
  8
0
  6
Continuous
370
    20
100
AcDbPolyline
 90
        2
 70
     0
 43
0.0
 10
567.3904360500005
 20
-3481.011060411765
 10
567.3904360500005
 20
-3481.011060411765
  0
LWPOLYLINE
  5
104FD
330
1F
100
AcDbEntity
  8
0
  6
Continuous
370
    20
100
AcDbPolyline
 90
        2
 70
     0
 43
0.0
 10
787.2490890166663
 20
-3481.011060411765
 10
567.3904360500005
 20
-3481.011060411765
  0
LWPOLYLINE
  5
104FE
330
1F
100
AcDbEntity
  8
0
  6
Continuous
370
    20
100
AcDbPolyline
 90
        2
 70
     0
 43
0.0
 10
787.2490890166663
 20
-3481.011060411765
 10
787.2490890166663
 20
-3481.011060411765
  0
LWPOLYLINE
  5
104FF
330
1F
100
AcDbEntity
  8
0
  6
Continuous
370
    20
100
AcDbPolyline
 90
        2
 70
     0
 43
0.0
 10
787.2490890166663
 20
-3519.730155095098
 10
787.2490890166663
 20
-3481.011060411765
  0
LWPOLYLINE
  5
10500
330
1F
100
AcDbEntity
  8
0
  6
Continuous
370
    20
100
AcDbPolyline
 90
        2
 70
     0
 43
0.0
 10
787.2490890166663
 20
-3519.730155095098
 10
787.2490890166663
 20
-3519.730155095098
  0
LWPOLYLINE
  5
10501
330
1F
100
AcDbEntity
  8
0
  6
Continuous
370
    20
100
AcDbPolyline
 90
        2
 70
     0
 43
0.0
 10
788.7179469333327
 20
-3527.779496478431
 10
787.2490890166663
 20
-3519.730155095098
  0
LWPOLYLINE
  5
10502
330
1F
100
AcDbEntity
  8
0
  6
Continuous
370
    20
100
AcDbPolyline
 90
        2
 70
     0
 43
0.0
 10
790.4805764333332
 20
-3535.711329228431
 10
788.7179469333327
 20
-3527.779496478431
  0
LWPOLYLINE
  5
10503
330
1F
100
AcDbEntity
  8
0
  6
Continuous
370
    20
100
AcDbPolyline
 90
        2
 70
     0
 43
0.0
 10
793.0070120499995
 20
-3543.290636078431
 10
790.4805764333332
 20
-3535.711329228431
  0
LWPOLYLINE
  5
10504
330
1F
100
AcDbEntity
  8
0
  6
Continuous
370
    20
100
AcDbPolyline
 90
        2
 70
     0
 43
0.0
 10
798.9411980333334
 20
-3554.865236461764
 10
793.0070120499995
 20
-3543.290636078431
  0
LWPOLYLINE
  5
10505
330
1F
100
AcDbEntity
  8
0
  6
Continuous
370
    20
100
AcDbPolyline
 90
        2
 70
     0
 43
0.0
 10
805.8742073999997
 20
-3566.028556628431
 10
798.9411980333334
 20
-3554.865236461764
  0
LWPOLYLINE
  5
10506
330
1F
100
AcDbEntity
  8
0
  6
Continuous
370
    20
100
AcDbPolyline
 90
        2
 70
     0
 43
0.0
 10
809.57572935
 20
-3572.550285778431
 10
805.8742073999997
 20
-3566.028556628431
  0
LWPOLYLINE
  5
10507
330
1F
100
AcDbEntity
  8
0
  6
Continuous
370
    20
100
AcDbPolyline
 90
        2
 70
     0
 43
0.0
 10
812.9834797166664
 20
-3579.307032195098
 10
809.57572935
 20
-3572.550285778431
  0
LWPOLYLINE
  5
10508
330
1F
100
AcDbEntity
  8
0
  6
Continuous
370
    20
100
AcDbPolyline
 90
        2
 70
     0
 43
0.0
 10
815.7449325999996
 20
-3586.181287245097
 10
812.9834797166664
 20
-3579.307032195098
  0
LWPOLYLINE
  5
10509
330
1F
100
AcDbEntity
  8
0
  6
Continuous
370
    20
100
AcDbPolyline
 90
        2
 70
     0
 43
0.0
 10
817.8013336833332
 20
-3593.290559561765
 10
815.7449325999996
 20
-3586.181287245097
  0
LWPOLYLINE
  5
1050A
330
1F
100
AcDbEntity
  8
0
  6
Continuous
370
    20
100
AcDbPolyline
 90
        2
 70
     0
 43
0.0
 10
819.6814718166665
 20
-3607.567858511765
 10
817.8013336833332
 20
-3593.290559561765
  0
LWPOLYLINE
  5
1050B
330
1F
100
AcDbEntity
  8
0
  6
Continuous
370
    20
100
AcDbPolyline
 90
        2
 70
     0
 43
0.0
 10
819.916489083333
 20
-3622.197683361764
 10
819.6814718166665
 20
-3607.567858511765
  0
LWPOLYLINE
  5
1050C
330
1F
100
AcDbEntity
  8
0
  6
Continuous
370
    20
100
AcDbPolyline
 90
        2
 70
     0
 43
0.0
 10
819.916489083333
 20
-3622.197683361764
 10
819.916489083333
 20
-3622.197683361764
  0
LWPOLYLINE
  5
1050D
330
1F
100
AcDbEntity
  8
0
  6
Continuous
370
    20
100
AcDbPolyline
 90
        2
 70
     0
 43
0.0
 10
818.7414027499993
 20
-3631.363356761765
 10
819.916489083333
 20
-3622.197683361764
  0
LWPOLYLINE
  5
1050E
330
1F
100
AcDbEntity
  8
0
  6
Continuous
370
    20
100
AcDbPolyline
 90
        2
 70
     0
 43
0.0
 10
817.2137905166664
 20
-3640.470275845097
 10
818.7414027499993
 20
-3631.363356761765
  0
LWPOLYLINE
  5
1050F
330
1F
100
AcDbEntity
  8
0
  6
Continuous
370
    20
100
AcDbPolyline
 90
        2
 70
     0
 43
0.0
 10
814.9223721666663
 20
-3649.342177661765
 10
817.2137905166664
 20
-3640.470275845097
  0
LWPOLYLINE
  5
10510
330
1F
100
AcDbEntity
  8
0
  6
Continuous
370
    20
100
AcDbPolyline
 90
        2
 70
     0
 43
0.0
 10
811.8083933833331
 20
-3657.802799261764
 10
814.9223721666663
 20
-3649.342177661765
  0
LWPOLYLINE
  5
10511
330
1F
100
AcDbEntity
  8
0
  6
Continuous
370
    20
100
AcDbPolyline
 90
        2
 70
     0
 43
0.0
 10
807.81309985
 20
-3666.028403595098
 10
811.8083933833331
 20
-3657.802799261764
  0
LWPOLYLINE
  5
10512
330
1F
100
AcDbEntity
  8
0
  6
Continuous
370
    20
100
AcDbPolyline
 90
        2
 70
     0
 43
0.0
 10
803.171508833333
 20
-3673.960236345098
 10
807.81309985
 20
-3666.028403595098
  0
LWPOLYLINE
  5
10513
330
1F
100
AcDbEntity
  8
0
  6
Continuous
370
    20
100
AcDbPolyline
 90
        2
 70
     0
 43
0.0
 10
799.4699868833331
 20
-3679.541896428431
 10
803.171508833333
 20
-3673.960236345098
  0
LWPOLYLINE
  5
10514
330
1F
100
AcDbEntity
  8
0
  6
Continuous
370
    20
100
AcDbPolyline
 90
        2
 70
     0
 43
0.0
 10
795.4746933500005
 20
-3685.006047878431
 10
799.4699868833331
 20
-3679.541896428431
  0
LWPOLYLINE
  5
10515
330
1F
100
AcDbEntity
  8
0
  6
Continuous
370
    20
100
AcDbPolyline
 90
        2
 70
     0
 43
0.0
 10
791.1268739166667
 20
-3690.058919111764
 10
795.4746933500005
 20
-3685.006047878431
  0
LWPOLYLINE
  5
10516
330
1F
100
AcDbEntity
  8
0
  6
Continuous
370
    20
100
AcDbPolyline
 90
        2
 70
     0
 43
0.0
 10
786.4265285833326
 20
-3694.700510128431
 10
791.1268739166667
 20
-3690.058919111764
  0
LWPOLYLINE
  5
10517
330
1F
100
AcDbEntity
  8
0
  6
Continuous
370
    20
100
AcDbPolyline
 90
        2
 70
     0
 43
0.0
 10
780.6686055499999
 20
-3699.342101145097
 10
786.4265285833326
 20
-3694.700510128431
  0
LWPOLYLINE
  5
10518
330
1F
100
AcDbEntity
  8
0
  6
Continuous
370
    20
100
AcDbPolyline
 90
        2
 70
     0
 43
0.0
 10
774.4994023000003
 20
-3703.337394678431
 10
780.6686055499999
 20
-3699.342101145097
  0
LWPOLYLINE
  5
10519
330
1F
100
AcDbEntity
  8
0
  6
Continuous
370
    20
100
AcDbPolyline
 90
        2
 70
     0
 43
0.0
 10
767.8014101999997
 20
-3706.745145045098
 10
774.4994023000003
 20
-3703.337394678431
  0
LWPOLYLINE
  5
1051A
330
1F
100
AcDbEntity
  8
0
  6
Continuous
370
    20
100
AcDbPolyline
 90
        2
 70
     0
 43
0.0
 10
760.9271551499996
 20
-3709.330334978431
 10
767.8014101999997
 20
-3706.745145045098
  0
LWPOLYLINE
  5
1051B
330
1F
100
AcDbEntity
  8
0
  6
Continuous
370
    20
100
AcDbPolyline
 90
        2
 70
     0
 43
0.0
 10
752.9365680833329
 20
-3711.562999011765
 10
760.9271551499996
 20
-3709.330334978431
  0
LWPOLYLINE
  5
1051C
330
1F
100
AcDbEntity
  8
0
  6
Continuous
370
    20
100
AcDbPolyline
 90
        2
 70
     0
 43
0.0
 10
744.7109637500002
 20
-3712.973102611764
 10
752.9365680833329
 20
-3711.562999011765
  0
LWPOLYLINE
  5
1051D
330
1F
100
AcDbEntity
  8
0
  6
Continuous
370
    20
100
AcDbPolyline
 90
        2
 70
     0
 43
0.0
 10
736.4266050999999
 20
-3713.736908728431
 10
744.7109637500002
 20
-3712.973102611764
  0
LWPOLYLINE
  5
1051E
330
1F
100
AcDbEntity
  8
0
  6
Continuous
370
    20
100
AcDbPolyline
 90
        2
 70
     0
 43
0.0
 10
728.0247378166659
 20
-3713.854417361764
 10
736.4266050999999
 20
-3713.736908728431
  0
LWPOLYLINE
  5
1051F
330
1F
100
AcDbEntity
  8
0
  6
Continuous
370
    20
100
AcDbPolyline
 90
        2
 70
     0
 43
0.0
 10
707.8720071999996
 20
-3712.150542178432
 10
728.0247378166659
 20
-3713.854417361764
  0
LWPOLYLINE
  5
10520
330
1F
100
AcDbEntity
  8
0
  6
Continuous
370
    20
100
AcDbPolyline
 90
        2
 70
     0
 43
0.0
 10
687.9542938499999
 20
-3708.919054761764
 10
707.8720071999996
 20
-3712.150542178432
  0
LWPOLYLINE
  5
10521
330
1F
100
AcDbEntity
  8
0
  6
Continuous
370
    20
100
AcDbPolyline
 90
        2
 70
     0
 43
0.0
 10
677.3785168499999
 20
-3705.276287128431
 10
687.9542938499999
 20
-3708.919054761764
  0
LWPOLYLINE
  5
10522
330
1F
100
AcDbEntity
  8
0
  6
Continuous
370
    20
100
AcDbPolyline
 90
        2
 70
     0
 43
0.0
 10
667.0377571166668
 20
-3701.398502228431
 10
677.3785168499999
 20
-3705.276287128431
  0
LWPOLYLINE
  5
10523
330
1F
100
AcDbEntity
  8
0
  6
Continuous
370
    20
100
AcDbPolyline
 90
        2
 70
     0
 43
0.0
 10
656.8732603333328
 20
-3696.933174161765
 10
667.0377571166668
 20
-3701.398502228431
  0
LWPOLYLINE
  5
10524
330
1F
100
AcDbEntity
  8
0
  6
Continuous
370
    20
100
AcDbPolyline
 90
        2
 70
     0
 43
0.0
 10
647.2375523999994
 20
-3691.762794295097
 10
656.8732603333328
 20
-3696.933174161765
  0
LWPOLYLINE
  5
10525
330
1F
100
AcDbEntity
  8
0
  6
Continuous
370
    20
100
AcDbPolyline
 90
        2
 70
     0
 43
0.0
 10
638.9531937499996
 20
-3686.239888528431
 10
647.2375523999994
 20
-3691.762794295097
  0
LWPOLYLINE
  5
10526
330
1F
100
AcDbEntity
  8
0
  6
Continuous
370
    20
100
AcDbPolyline
 90
        2
 70
     0
 43
0.0
 10
631.1388696333333
 20
-3680.011930961764
 10
638.9531937499996
 20
-3686.239888528431
  0
LWPOLYLINE
  5
10527
330
1F
100
AcDbEntity
  8
0
  6
Continuous
370
    20
100
AcDbPolyline
 90
        2
 70
     0
 43
0.0
 10
623.9120886833325
 20
-3673.196430228431
 10
631.1388696333333
 20
-3680.011930961764
  0
LWPOLYLINE
  5
10528
330
1F
100
AcDbEntity
  8
0
  6
Continuous
370
    20
100
AcDbPolyline
 90
        2
 70
     0
 43
0.0
 10
617.0965879499999
 20
-3665.852140645098
 10
623.9120886833325
 20
-3673.196430228431
  0
LWPOLYLINE
  5
10529
330
1F
100
AcDbEntity
  8
0
  6
Continuous
370
    20
100
AcDbPolyline
 90
        2
 70
     0
 43
0.0
 10
608.753474983333
 20
-3655.100100695097
 10
617.0965879499999
 20
-3665.852140645098
  0
LWPOLYLINE
  5
1052A
330
1F
100
AcDbEntity
  8
0
  6
Continuous
370
    20
100
AcDbPolyline
 90
        2
 70
     0
 43
0.0
 10
601.2329224499994
 20
-3643.760517578431
 10
608.753474983333
 20
-3655.100100695097
  0
LWPOLYLINE
  5
1052B
330
1F
100
AcDbEntity
  8
0
  6
Continuous
370
    20
100
AcDbPolyline
 90
        2
 70
     0
 43
0.0
 10
594.2999130833332
 20
-3632.127162878431
 10
601.2329224499994
 20
-3643.760517578431
  0
LWPOLYLINE
  5
1052C
330
1F
100
AcDbEntity
  8
0
  6
Continuous
370
    20
100
AcDbPolyline
 90
        2
 70
     0
 43
0.0
 10
589.59956775
 20
-3623.549032645097
 10
594.2999130833332
 20
-3632.127162878431
  0
LWPOLYLINE
  5
1052D
330
1F
100
AcDbEntity
  8
0
  6
Continuous
370
    20
100
AcDbPolyline
 90
        2
 70
     0
 43
0.0
 10
585.1929939999999
 20
-3614.85339377843
 10
589.59956775
 20
-3623.549032645097
  0
LWPOLYLINE
  5
1052E
330
1F
100
AcDbEntity
  8
0
  6
Continuous
370
    20
100
AcDbPolyline
 90
        2
 70
     0
 43
0.0
 10
581.2564547833335
 20
-3605.981491961765
 10
585.1929939999999
 20
-3614.85339377843
  0
LWPOLYLINE
  5
1052F
330
1F
100
AcDbEntity
  8
0
  6
Continuous
370
    20
100
AcDbPolyline
 90
        2
 70
     0
 43
0.0
 10
577.8487044166667
 20
-3596.933327195098
 10
581.2564547833335
 20
-3605.981491961765
  0
LWPOLYLINE
  5
10530
330
1F
100
AcDbEntity
  8
0
  6
Continuous
370
    20
100
AcDbPolyline
 90
        2
 70
     0
 43
0.0
 10
574.2059367833331
 20
-3584.536166378431
 10
577.8487044166667
 20
-3596.933327195098
  0
LWPOLYLINE
  5
10531
330
1F
100
AcDbEntity
  8
0
  6
Continuous
370
    20
100
AcDbPolyline
 90
        2
 70
     0
 43
0.0
 10
571.6207468499996
 20
-3571.962742611765
 10
574.2059367833331
 20
-3584.536166378431
  0
LWPOLYLINE
  5
10532
330
1F
100
AcDbEntity
  8
0
  6
Continuous
370
    20
100
AcDbPolyline
 90
        2
 70
     0
 43
0.0
 10
569.799363033333
 20
-3559.154301578431
 10
571.6207468499996
 20
-3571.962742611765
  0
LWPOLYLINE
  5
10533
330
1F
100
AcDbEntity
  8
0
  6
Continuous
370
    20
100
AcDbPolyline
 90
        2
 70
     0
 43
0.0
 10
568.2129964833334
 20
-3540.235411611765
 10
569.799363033333
 20
-3559.154301578431
  0
LWPOLYLINE
  5
10534
330
1F
100
AcDbEntity
  8
0
  6
Continuous
370
    20
100
AcDbPolyline
 90
        2
 70
     0
 43
0.0
 10
567.3904360500005
 20
-3521.257767328432
 10
568.2129964833334
 20
-3540.235411611765
  0
LWPOLYLINE
  5
10535
330
1F
100
AcDbEntity
  8
0
  6
Continuous
370
    20
100
AcDbPolyline
 90
        2
 70
     0
 43
0.0
 10
567.3904360500005
 20
-3521.257767328432
 10
567.3904360500005
 20
-3521.257767328432
  0
LWPOLYLINE
  5
10536
330
1F
100
AcDbEntity
  8
0
  6
Continuous
370
    20
100
AcDbPolyline
 90
        2
 70
     0
 43
0.0
 10
577.3786698833332
 20
-3490.999294245098
 10
577.3786698833332
 20
-3521.022750061765
  0
LWPOLYLINE
  5
10537
330
1F
100
AcDbEntity
  8
0
  6
Continuous
370
    20
100
AcDbPolyline
 90
        2
 70
     0
 43
0.0
 10
777.2021008666661
 20
-3490.999294245098
 10
577.3786698833332
 20
-3490.999294245098
  0
LWPOLYLINE
  5
10538
330
1F
100
AcDbEntity
  8
0
  6
Continuous
370
    20
100
AcDbPolyline
 90
        2
 70
     0
 43
0.0
 10
777.2021008666661
 20
-3521.022750061765
 10
777.2021008666661
 20
-3490.999294245098
  0
LWPOLYLINE
  5
10539
330
1F
100
AcDbEntity
  8
0
  6
Continuous
370
    20
100
AcDbPolyline
 90
        2
 70
     0
 43
0.0
 10
783.6063213833327
 20
-3546.99215802843
 10
777.2021008666661
 20
-3521.022750061765
  0
LWPOLYLINE
  5
1053A
330
1F
100
AcDbEntity
  8
0
  6
Continuous
370
    20
100
AcDbPolyline
 90
        2
 70
     0
 43
0.0
 10
796.8847969499997
 20
-3570.493884695098
 10
783.6063213833327
 20
-3546.99215802843
  0
LWPOLYLINE
  5
1053B
330
1F
100
AcDbEntity
  8
0
  6
Continuous
370
    20
100
AcDbPolyline
 90
        2
 70
     0
 43
0.0
 10
807.9893627999995
 20
-3595.699486545098
 10
796.8847969499997
 20
-3570.493884695098
  0
LWPOLYLINE
  5
1053C
330
1F
100
AcDbEntity
  8
0
  6
Continuous
370
    20
100
AcDbPolyline
 90
        2
 70
     0
 43
0.0
 10
809.8695009333333
 20
-3621.610140195098
 10
807.9893627999995
 20
-3595.699486545098
  0
LWPOLYLINE
  5
1053D
330
1F
100
AcDbEntity
  8
0
  6
Continuous
370
    20
100
AcDbPolyline
 90
        2
 70
     0
 43
0.0
 10
805.3454185499999
 20
-3646.228198878432
 10
809.8695009333333
 20
-3621.610140195098
  0
LWPOLYLINE
  5
1053E
330
1F
100
AcDbEntity
  8
0
  6
Continuous
370
    20
100
AcDbPolyline
 90
        2
 70
     0
 43
0.0
 10
794.5933786
 20
-3668.554839211764
 10
805.3454185499999
 20
-3646.228198878432
  0
LWPOLYLINE
  5
1053F
330
1F
100
AcDbEntity
  8
0
  6
Continuous
370
    20
100
AcDbPolyline
 90
        2
 70
     0
 43
0.0
 10
779.7872907999995
 20
-3687.003694645098
 10
794.5933786
 20
-3668.554839211764
  0
LWPOLYLINE
  5
10540
330
1F
100
AcDbEntity
  8
0
  6
Continuous
370
    20
100
AcDbPolyline
 90
        2
 70
     0
 43
0.0
 10
757.6369134166666
 20
-3699.694627045098
 10
779.7872907999995
 20
-3687.003694645098
  0
LWPOLYLINE
  5
10541
330
1F
100
AcDbEntity
  8
0
  6
Continuous
370
    20
100
AcDbPolyline
 90
        2
 70
     0
 43
0.0
 10
727.9659834999997
 20
-3703.748674895097
 10
757.6369134166666
 20
-3699.694627045098
  0
LWPOLYLINE
  5
10542
330
1F
100
AcDbEntity
  8
0
  6
Continuous
370
    20
100
AcDbPolyline
 90
        2
 70
     0
 43
0.0
 10
690.4807294666666
 20
-3699.165838195098
 10
727.9659834999997
 20
-3703.748674895097
  0
LWPOLYLINE
  5
10543
330
1F
100
AcDbEntity
  8
0
  6
Continuous
370
    20
100
AcDbPolyline
 90
        2
 70
     0
 43
0.0
 10
652.5841952166665
 20
-3683.125909745098
 10
690.4807294666666
 20
-3699.165838195098
  0
LWPOLYLINE
  5
10544
330
1F
100
AcDbEntity
  8
0
  6
Continuous
370
    20
100
AcDbPolyline
 90
        2
 70
     0
 43
0.0
 10
624.6758948000001
 20
-3659.154148545098
 10
652.5841952166665
 20
-3683.125909745098
  0
LWPOLYLINE
  5
10545
330
1F
100
AcDbEntity
  8
0
  6
Continuous
370
    20
100
AcDbPolyline
 90
        2
 70
     0
 43
0.0
 10
603.054306266667
 20
-3627.133045961765
 10
624.6758948000001
 20
-3659.154148545098
  0
LWPOLYLINE
  5
10546
330
1F
100
AcDbEntity
  8
0
  6
Continuous
370
    20
100
AcDbPolyline
 90
        2
 70
     0
 43
0.0
 10
587.3081493999993
 20
-3593.701839778431
 10
603.054306266667
 20
-3627.133045961765
  0
LWPOLYLINE
  5
10547
330
1F
100
AcDbEntity
  8
0
  6
Continuous
370
    20
100
AcDbPolyline
 90
        2
 70
     0
 43
0.0
 10
579.7288425500005
 20
-3557.802952295098
 10
587.3081493999993
 20
-3593.701839778431
  0
LWPOLYLINE
  5
10548
330
1F
100
AcDbEntity
  8
0
  6
Continuous
370
    20
100
AcDbPolyline
 90
        2
 70
     0
 43
0.0
 10
577.3786698833332
 20
-3521.022750061765
 10
579.7288425500005
 20
-3557.802952295098
  0
LWPOLYLINE
  5
10549
330
1F
100
AcDbEntity
  8
0
  6
Continuous
370
    20
100
AcDbPolyline
 90
        2
 70
     0
 43
0.0
 10
538.9533467833325
 20
-3526.01686697843
 10
538.9533467833325
 20
-3516.028633145098
  0
LWPOLYLINE
  5
1054A
330
1F
100
AcDbEntity
  8
0
  6
Continuous
370
    20
100
AcDbPolyline
 90
        2
 70
     0
 43
0.0
 10
548.9415806166666
 20
-3521.022750061765
 10
538.9533467833325
 20
-3521.022750061765
  0
LWPOLYLINE
  5
1054B
330
1F
100
AcDbEntity
  8
0
  6
Continuous
370
    20
100
AcDbPolyline
 90
        2
 70
     0
 43
0.0
 10
513.9827622000002
 20
-3550.987451561764
 10
523.9709960333325
 20
-3550.987451561764
  0
LWPOLYLINE
  5
1054C
330
1F
100
AcDbEntity
  8
0
  6
Continuous
370
    20
100
AcDbPolyline
 90
        2
 70
     0
 43
0.0
 10
518.9768791166666
 20
-3560.975685395098
 10
518.9768791166666
 20
-3550.987451561764
  0
LWPOLYLINE
  5
1054D
330
1F
100
AcDbEntity
  8
0
  6
Continuous
370
    20
100
AcDbPolyline
 90
        2
 70
     0
 43
0.0
 10
339.1299158000006
 20
-3550.987451561764
 10
349.0593953166662
 20
-3550.987451561764
  0
LWPOLYLINE
  5
1054E
330
1F
100
AcDbEntity
  8
0
  6
Continuous
370
    20
100
AcDbPolyline
 90
        2
 70
     0
 43
0.0
 10
344.0652783999999
 20
-3560.975685395098
 10
344.0652783999999
 20
-3550.987451561764
  0
LWPOLYLINE
  5
1054F
330
1F
100
AcDbEntity
  8
0
  6
Continuous
370
    20
100
AcDbPolyline
 90
        2
 70
     0
 43
0.0
 10
339.1299158000006
 20
-3516.028633145098
 10
339.1299158000006
 20
-3526.01686697843
  0
LWPOLYLINE
  5
10550
330
1F
100
AcDbEntity
  8
0
  6
Continuous
370
    20
100
AcDbPolyline
 90
        2
 70
     0
 43
0.0
 10
329.1416819666665
 20
-3521.022750061765
 10
339.1299158000006
 20
-3521.022750061765
  0
LWPOLYLINE
  5
10551
330
1F
100
AcDbEntity
  8
0
  6
Continuous
370
    20
100
AcDbPolyline
 90
        2
 70
     0
 43
0.0
 10
349.0593953166662
 20
-3490.999294245098
 10
339.1299158000006
 20
-3490.999294245098
  0
LWPOLYLINE
  5
10552
330
1F
100
AcDbEntity
  8
0
  6
Continuous
370
    20
100
AcDbPolyline
 90
        2
 70
     0
 43
0.0
 10
344.0652783999999
 20
-3481.011060411765
 10
344.0652783999999
 20
-3490.999294245098
  0
LWPOLYLINE
  5
10553
330
1F
100
AcDbEntity
  8
0
  6
Continuous
370
    20
100
AcDbPolyline
 90
        2
 70
     0
 43
0.0
 10
523.9709960333325
 20
-3490.999294245098
 10
513.9827622000002
 20
-3490.999294245098
  0
LWPOLYLINE
  5
10554
330
1F
100
AcDbEntity
  8
0
  6
Continuous
370
    20
100
AcDbPolyline
 90
        2
 70
     0
 43
0.0
 10
518.9768791166666
 20
-3481.011060411765
 10
518.9768791166666
 20
-3490.999294245098
  0
LWPOLYLINE
  5
10555
330
1F
100
AcDbEntity
  8
0
  6
Continuous
370
    20
100
AcDbPolyline
 90
        2
 70
     0
 43
0.0
 10
538.9533467833325
 20
-3526.01686697843
 10
538.9533467833325
 20
-3516.028633145098
  0
LWPOLYLINE
  5
10556
330
1F
100
AcDbEntity
  8
0
  6
Continuous
370
    20
100
AcDbPolyline
 90
        2
 70
     0
 43
0.0
 10
548.9415806166666
 20
-3521.022750061765
 10
538.9533467833325
 20
-3521.022750061765
  0
LWPOLYLINE
  5
10557
330
1F
100
AcDbEntity
  8
0
  6
Continuous
370
    20
100
AcDbPolyline
 90
        2
 70
     0
 43
0.0
 10
354.0535122333331
 20
-3521.022750061765
 10
503.9945283666666
 20
-3521.022750061765
  0
LWPOLYLINE
  5
10558
330
1F
100
AcDbEntity
  8
0
  6
Continuous
370
    20
100
AcDbPolyline
 90
        2
 70
     0
 43
0.0
 10
354.0535122333331
 20
-3521.022750061765
 10
354.0535122333331
 20
-3521.022750061765
  0
LWPOLYLINE
  5
10559
330
1F
100
AcDbEntity
  8
0
  6
Continuous
370
    20
100
AcDbPolyline
 90
        2
 70
     0
 43
0.0
 10
503.9945283666666
 20
-3521.022750061765
 10
354.0535122333331
 20
-3521.022750061765
  0
LWPOLYLINE
  5
1055A
330
1F
100
AcDbEntity
  8
0
  6
Continuous
370
    20
100
AcDbPolyline
 90
        2
 70
     0
 43
0.0
 10
503.9945283666666
 20
-3521.022750061765
 10
503.9945283666666
 20
-3521.022750061765
  0
LWPOLYLINE
  5
1055B
330
1F
100
AcDbEntity
  8
0
  6
Continuous
370
    20
100
AcDbPolyline
 90
        2
 70
     0
 43
0.0
 10
548.9415806166666
 20
-3560.975685395098
 10
548.9415806166666
 20
-3521.022750061765
  0
LWPOLYLINE
  5
1055C
330
1F
100
AcDbEntity
  8
0
  6
Continuous
370
    20
100
AcDbPolyline
 90
        2
 70
     0
 43
0.0
 10
548.9415806166666
 20
-3560.975685395098
 10
548.9415806166666
 20
-3560.975685395098
  0
LWPOLYLINE
  5
1055D
330
1F
100
AcDbEntity
  8
0
  6
Continuous
370
    20
100
AcDbPolyline
 90
        2
 70
     0
 43
0.0
 10
518.9768791166666
 20
-3560.975685395098
 10
548.9415806166666
 20
-3560.975685395098
  0
LWPOLYLINE
  5
1055E
330
1F
100
AcDbEntity
  8
0
  6
Continuous
370
    20
100
AcDbPolyline
 90
        2
 70
     0
 43
0.0
 10
518.9768791166666
 20
-3560.975685395098
 10
518.9768791166666
 20
-3560.975685395098
  0
LWPOLYLINE
  5
1055F
330
1F
100
AcDbEntity
  8
0
  6
Continuous
370
    20
100
AcDbPolyline
 90
        2
 70
     0
 43
0.0
 10
344.0652783999999
 20
-3560.975685395098
 10
518.9768791166666
 20
-3560.975685395098
  0
LWPOLYLINE
  5
10560
330
1F
100
AcDbEntity
  8
0
  6
Continuous
370
    20
100
AcDbPolyline
 90
        2
 70
     0
 43
0.0
 10
344.0652783999999
 20
-3560.975685395098
 10
344.0652783999999
 20
-3560.975685395098
  0
LWPOLYLINE
  5
10561
330
1F
100
AcDbEntity
  8
0
  6
Continuous
370
    20
100
AcDbPolyline
 90
        2
 70
     0
 43
0.0
 10
329.1416819666665
 20
-3560.975685395098
 10
344.0652783999999
 20
-3560.975685395098
  0
LWPOLYLINE
  5
10562
330
1F
100
AcDbEntity
  8
0
  6
Continuous
370
    20
100
AcDbPolyline
 90
        2
 70
     0
 43
0.0
 10
329.1416819666665
 20
-3560.975685395098
 10
329.1416819666665
 20
-3560.975685395098
  0
LWPOLYLINE
  5
10563
330
1F
100
AcDbEntity
  8
0
  6
Continuous
370
    20
100
AcDbPolyline
 90
        2
 70
     0
 43
0.0
 10
329.1416819666665
 20
-3521.022750061765
 10
329.1416819666665
 20
-3560.975685395098
  0
LWPOLYLINE
  5
10564
330
1F
100
AcDbEntity
  8
0
  6
Continuous
370
    20
100
AcDbPolyline
 90
        2
 70
     0
 43
0.0
 10
329.1416819666665
 20
-3521.022750061765
 10
329.1416819666665
 20
-3521.022750061765
  0
LWPOLYLINE
  5
10565
330
1F
100
AcDbEntity
  8
0
  6
Continuous
370
    20
100
AcDbPolyline
 90
        2
 70
     0
 43
0.0
 10
329.1416819666665
 20
-3481.011060411765
 10
329.1416819666665
 20
-3521.022750061765
  0
LWPOLYLINE
  5
10566
330
1F
100
AcDbEntity
  8
0
  6
Continuous
370
    20
100
AcDbPolyline
 90
        2
 70
     0
 43
0.0
 10
329.1416819666665
 20
-3481.011060411765
 10
329.1416819666665
 20
-3481.011060411765
  0
LWPOLYLINE
  5
10567
330
1F
100
AcDbEntity
  8
0
  6
Continuous
370
    20
100
AcDbPolyline
 90
        2
 70
     0
 43
0.0
 10
344.0652783999999
 20
-3481.011060411765
 10
329.1416819666665
 20
-3481.011060411765
  0
LWPOLYLINE
  5
10568
330
1F
100
AcDbEntity
  8
0
  6
Continuous
370
    20
100
AcDbPolyline
 90
        2
 70
     0
 43
0.0
 10
344.0652783999999
 20
-3481.011060411765
 10
344.0652783999999
 20
-3481.011060411765
  0
LWPOLYLINE
  5
10569
330
1F
100
AcDbEntity
  8
0
  6
Continuous
370
    20
100
AcDbPolyline
 90
        2
 70
     0
 43
0.0
 10
518.9768791166666
 20
-3481.011060411765
 10
344.0652783999999
 20
-3481.011060411765
  0
LWPOLYLINE
  5
1056A
330
1F
100
AcDbEntity
  8
0
  6
Continuous
370
    20
100
AcDbPolyline
 90
        2
 70
     0
 43
0.0
 10
518.9768791166666
 20
-3481.011060411765
 10
518.9768791166666
 20
-3481.011060411765
  0
LWPOLYLINE
  5
1056B
330
1F
100
AcDbEntity
  8
0
  6
Continuous
370
    20
100
AcDbPolyline
 90
        2
 70
     0
 43
0.0
 10
548.9415806166666
 20
-3481.011060411765
 10
518.9768791166666
 20
-3481.011060411765
  0
LWPOLYLINE
  5
1056C
330
1F
100
AcDbEntity
  8
0
  6
Continuous
370
    20
100
AcDbPolyline
 90
        2
 70
     0
 43
0.0
 10
548.9415806166666
 20
-3481.011060411765
 10
548.9415806166666
 20
-3481.011060411765
  0
LWPOLYLINE
  5
1056D
330
1F
100
AcDbEntity
  8
0
  6
Continuous
370
    20
100
AcDbPolyline
 90
        2
 70
     0
 43
0.0
 10
548.9415806166666
 20
-3521.022750061765
 10
548.9415806166666
 20
-3481.011060411765
  0
LWPOLYLINE
  5
1056E
330
1F
100
AcDbEntity
  8
0
  6
Continuous
370
    20
100
AcDbPolyline
 90
        2
 70
     0
 43
0.0
 10
548.9415806166666
 20
-3521.022750061765
 10
548.9415806166666
 20
-3521.022750061765
  0
LWPOLYLINE
  5
10570
330
1F
100
AcDbEntity
  8
0
  6
Continuous
370
    20
100
AcDbPolyline
 90
        2
 70
     0
 43
0.0
 10
518.9768791166666
 20
-3550.987451561764
 10
518.9768791166666
 20
-3521.022750061765
  0
LWPOLYLINE
  5
10572
330
1F
100
AcDbEntity
  8
0
  6
Continuous
370
    20
100
AcDbPolyline
 90
        2
 70
     0
 43
0.0
 10
344.0652783999999
 20
-3550.987451561764
 10
518.9768791166666
 20
-3550.987451561764
  0
LWPOLYLINE
  5
10573
330
1F
100
AcDbEntity
  8
0
  6
Continuous
370
    20
100
AcDbPolyline
 90
        2
 70
     0
 43
0.0
 10
344.0652783999999
 20
-3521.022750061765
 10
344.0652783999999
 20
-3550.987451561764
  0
LWPOLYLINE
  5
10575
330
1F
100
AcDbEntity
  8
0
  6
Continuous
370
    20
100
AcDbPolyline
 90
        2
 70
     0
 43
0.0
 10
344.0652783999999
 20
-3490.999294245098
 10
344.0652783999999
 20
-3521.022750061765
  0
LWPOLYLINE
  5
10577
330
1F
100
AcDbEntity
  8
0
  6
Continuous
370
    20
100
AcDbPolyline
 90
        2
 70
     0
 43
0.0
 10
518.9768791166666
 20
-3490.999294245098
 10
344.0652783999999
 20
-3490.999294245098
  0
LWPOLYLINE
  5
10578
330
1F
100
AcDbEntity
  8
0
  6
Continuous
370
    20
100
AcDbPolyline
 90
        2
 70
     0
 43
0.0
 10
518.9768791166666
 20
-3521.022750061765
 10
518.9768791166666
 20
-3490.999294245098
  0
LWPOLYLINE
  5
10579
330
1F
100
AcDbEntity
  8
0
  6
Continuous
370
    20
100
AcDbPolyline
 90
        2
 70
     0
 43
0.0
 10
470.8570937666663
 20
-3702.338571295097
 10
460.8688599333332
 20
-3702.338571295097
  0
LWPOLYLINE
  5
1057A
330
1F
100
AcDbEntity
  8
0
  6
Continuous
370
    20
100
AcDbPolyline
 90
        2
 70
     0
 43
0.0
 10
465.8629768500004
 20
-3692.350337461765
 10
465.8629768500004
 20
-3702.338571295097
  0
LWPOLYLINE
  5
1057B
330
1F
100
AcDbEntity
  8
0
  6
Continuous
370
    20
100
AcDbPolyline
 90
        2
 70
     0
 43
0.0
 10
478.847680833333
 20
-3861.79778672843
 10
479.1414524166667
 20
-3851.809552895097
  0
LWPOLYLINE
  5
1057C
330
1F
100
AcDbEntity
  8
0
  6
Continuous
370
    20
100
AcDbPolyline
 90
        2
 70
     0
 43
0.0
 10
489.0121776166665
 20
-3857.097441395097
 10
479.0239437833324
 20
-3856.803669811765
  0
LWPOLYLINE
  5
1057D
330
1F
100
AcDbEntity
  8
0
  6
Continuous
370
    20
100
AcDbPolyline
 90
        2
 70
     0
 43
0.0
 10
482.2554311999997
 20
-3979.482683011764
 10
447.2966127833333
 20
-3979.482683011764
  0
LWPOLYLINE
  5
1057E
330
1F
100
AcDbEntity
  8
0
  6
Continuous
370
    20
100
AcDbPolyline
 90
        2
 70
     0
 43
0.0
 10
482.2554311999997
 20
-3979.482683011764
 10
482.2554311999997
 20
-3979.482683011764
  0
LWPOLYLINE
  5
1057F
330
1F
100
AcDbEntity
  8
0
  6
Continuous
370
    20
100
AcDbPolyline
 90
        2
 70
     0
 43
0.0
 10
442.3024958666669
 20
-3939.706010628431
 10
442.5962674500001
 20
-4022.138316911764
  0
LWPOLYLINE
  5
10580
330
1F
100
AcDbEntity
  8
0
  6
Continuous
370
    20
100
AcDbPolyline
 90
        2
 70
     0
 43
0.0
 10
443.7713537833332
 20
-3855.687337795098
 10
442.3024958666669
 20
-3939.706010628431
  0
LWPOLYLINE
  5
10581
330
1F
100
AcDbEntity
  8
0
  6
Continuous
370
    20
100
AcDbPolyline
 90
        2
 70
     0
 43
0.0
 10
446.8853325666664
 20
-3771.786173595098
 10
443.7713537833332
 20
-3855.687337795098
  0
LWPOLYLINE
  5
10582
330
1F
100
AcDbEntity
  8
0
  6
Continuous
370
    20
100
AcDbPolyline
 90
        2
 70
     0
 43
0.0
 10
451.4681692666663
 20
-3692.350337461765
 10
446.8853325666664
 20
-3771.786173595098
  0
LWPOLYLINE
  5
10583
330
1F
100
AcDbEntity
  8
0
  6
Continuous
370
    20
100
AcDbPolyline
 90
        2
 70
     0
 43
0.0
 10
451.4681692666663
 20
-3692.350337461765
 10
451.4681692666663
 20
-3692.350337461765
  0
LWPOLYLINE
  5
10584
330
1F
100
AcDbEntity
  8
0
  6
Continuous
370
    20
100
AcDbPolyline
 90
        2
 70
     0
 43
0.0
 10
465.8629768500004
 20
-3692.350337461765
 10
451.4681692666663
 20
-3692.350337461765
  0
LWPOLYLINE
  5
10585
330
1F
100
AcDbEntity
  8
0
  6
Continuous
370
    20
100
AcDbPolyline
 90
        2
 70
     0
 43
0.0
 10
465.8629768500004
 20
-3692.350337461765
 10
465.8629768500004
 20
-3692.350337461765
  0
LWPOLYLINE
  5
10586
330
1F
100
AcDbEntity
  8
0
  6
Continuous
370
    20
100
AcDbPolyline
 90
        2
 70
     0
 43
0.0
 10
495.8864326666662
 20
-3692.350337461765
 10
465.8629768500004
 20
-3692.350337461765
  0
LWPOLYLINE
  5
10587
330
1F
100
AcDbEntity
  8
0
  6
Continuous
370
    20
100
AcDbPolyline
 90
        2
 70
     0
 43
0.0
 10
495.8864326666662
 20
-3692.350337461765
 10
495.8864326666662
 20
-3692.350337461765
  0
LWPOLYLINE
  5
10588
330
1F
100
AcDbEntity
  8
0
  6
Continuous
370
    20
100
AcDbPolyline
 90
        2
 70
     0
 43
0.0
 10
495.8864326666662
 20
-3702.338571295097
 10
495.8864326666662
 20
-3692.350337461765
  0
LWPOLYLINE
  5
10589
330
1F
100
AcDbEntity
  8
0
  6
Continuous
370
    20
100
AcDbPolyline
 90
        2
 70
     0
 43
0.0
 10
495.8864326666662
 20
-3702.338571295097
 10
495.8864326666662
 20
-3702.338571295097
  0
LWPOLYLINE
  5
1058A
330
1F
100
AcDbEntity
  8
0
  6
Continuous
370
    20
100
AcDbPolyline
 90
        2
 70
     0
 43
0.0
 10
491.8911391333331
 20
-3774.077591945098
 10
495.8864326666662
 20
-3702.338571295097
  0
LWPOLYLINE
  5
1058B
330
1F
100
AcDbEntity
  8
0
  6
Continuous
370
    20
100
AcDbPolyline
 90
        2
 70
     0
 43
0.0
 10
489.0121776166665
 20
-3857.097441395097
 10
491.8911391333331
 20
-3774.077591945098
  0
LWPOLYLINE
  5
1058C
330
1F
100
AcDbEntity
  8
0
  6
Continuous
370
    20
100
AcDbPolyline
 90
        2
 70
     0
 43
0.0
 10
489.0121776166665
 20
-3857.097441395097
 10
489.0121776166665
 20
-3857.097441395097
  0
LWPOLYLINE
  5
1058D
330
1F
100
AcDbEntity
  8
0
  6
Continuous
370
    20
100
AcDbPolyline
 90
        2
 70
     0
 43
0.0
 10
487.425811066666
 20
-3940.176045161765
 10
489.0121776166665
 20
-3857.097441395097
  0
LWPOLYLINE
  5
1058E
330
1F
100
AcDbEntity
  8
0
  6
Continuous
370
    20
100
AcDbPolyline
 90
        2
 70
     0
 43
0.0
 10
487.4845653833335
 20
-4022.138316911764
 10
487.425811066666
 20
-3940.176045161765
  0
LWPOLYLINE
  5
1058F
330
1F
100
AcDbEntity
  8
0
  6
Continuous
370
    20
100
AcDbPolyline
 90
        2
 70
     0
 43
0.0
 10
487.4845653833335
 20
-4022.138316911764
 10
487.4845653833335
 20
-4022.138316911764
  0
LWPOLYLINE
  5
10590
330
1F
100
AcDbEntity
  8
0
  6
Continuous
370
    20
100
AcDbPolyline
 90
        2
 70
     0
 43
0.0
 10
442.5962674500001
 20
-4022.138316911764
 10
487.4845653833335
 20
-4022.138316911764
  0
LWPOLYLINE
  5
10591
330
1F
100
AcDbEntity
  8
0
  6
Continuous
370
    20
100
AcDbPolyline
 90
        2
 70
     0
 43
0.0
 10
442.5962674500001
 20
-4022.138316911764
 10
442.5962674500001
 20
-4022.138316911764
  0
LWPOLYLINE
  5
10592
330
1F
100
AcDbEntity
  8
0
  6
Continuous
370
    20
100
AcDbPolyline
 90
        2
 70
     0
 43
0.0
 10
452.2907296999997
 20
-3939.823519261764
 10
452.5845012833333
 20
-4012.150083078432
  0
LWPOLYLINE
  5
10593
330
1F
100
AcDbEntity
  8
0
  6
Continuous
370
    20
100
AcDbPolyline
 90
        2
 70
     0
 43
0.0
 10
453.7595876166665
 20
-3855.981109378431
 10
452.2907296999997
 20
-3939.823519261764
  0
LWPOLYLINE
  5
10594
330
1F
100
AcDbEntity
  8
0
  6
Continuous
370
    20
100
AcDbPolyline
 90
        2
 70
     0
 43
0.0
 10
456.8735664000005
 20
-3772.197453811765
 10
453.7595876166665
 20
-3855.981109378431
  0
LWPOLYLINE
  5
10595
330
1F
100
AcDbEntity
  8
0
  6
Continuous
370
    20
100
AcDbPolyline
 90
        2
 70
     0
 43
0.0
 10
460.8688599333332
 20
-3702.338571295097
 10
456.8735664000005
 20
-3772.197453811765
  0
LWPOLYLINE
  5
10596
330
1F
100
AcDbEntity
  8
0
  6
Continuous
370
    20
100
AcDbPolyline
 90
        2
 70
     0
 43
0.0
 10
465.8629768500004
 20
-3702.338571295097
 10
460.8688599333332
 20
-3702.338571295097
  0
LWPOLYLINE
  5
10597
330
1F
100
AcDbEntity
  8
0
  6
Continuous
370
    20
100
AcDbPolyline
 90
        2
 70
     0
 43
0.0
 10
485.898198833333
 20
-3702.338571295097
 10
465.8629768500004
 20
-3702.338571295097
  0
LWPOLYLINE
  5
10598
330
1F
100
AcDbEntity
  8
0
  6
Continuous
370
    20
100
AcDbPolyline
 90
        2
 70
     0
 43
0.0
 10
481.9029052999999
 20
-3773.666311728431
 10
485.898198833333
 20
-3702.338571295097
  0
LWPOLYLINE
  5
10599
330
1F
100
AcDbEntity
  8
0
  6
Continuous
370
    20
100
AcDbPolyline
 90
        2
 70
     0
 43
0.0
 10
479.0239437833324
 20
-3856.803669811765
 10
481.9029052999999
 20
-3773.666311728431
  0
LWPOLYLINE
  5
1059A
330
1F
100
AcDbEntity
  8
0
  6
Continuous
370
    20
100
AcDbPolyline
 90
        2
 70
     0
 43
0.0
 10
477.4375772333333
 20
-3940.058536528431
 10
479.0239437833324
 20
-3856.803669811765
  0
LWPOLYLINE
  5
1059B
330
1F
100
AcDbEntity
  8
0
  6
Continuous
370
    20
100
AcDbPolyline
 90
        2
 70
     0
 43
0.0
 10
477.4963315500003
 20
-4012.150083078432
 10
477.4375772333333
 20
-3940.058536528431
  0
LWPOLYLINE
  5
1059C
330
1F
100
AcDbEntity
  8
0
  6
Continuous
370
    20
100
AcDbPolyline
 90
        2
 70
     0
 43
0.0
 10
452.5845012833333
 20
-4012.150083078432
 10
477.4963315500003
 20
-4012.150083078432
  0
LWPOLYLINE
  5
1059D
330
1F
100
AcDbEntity
  8
0
  6
Continuous
370
    20
100
AcDbPolyline
 90
        2
 70
     0
 43
0.0
 10
479.1414524166667
 20
-4210.915936361764
 10
478.847680833333
 20
-4200.927702528431
  0
LWPOLYLINE
  5
1059E
330
1F
100
AcDbEntity
  8
0
  6
Continuous
370
    20
100
AcDbPolyline
 90
        2
 70
     0
 43
0.0
 10
489.0121776166665
 20
-4205.628047861764
 10
479.0239437833324
 20
-4205.921819445097
  0
LWPOLYLINE
  5
1059F
330
1F
100
AcDbEntity
  8
0
  6
Continuous
370
    20
100
AcDbPolyline
 90
        2
 70
     0
 43
0.0
 10
460.8688599333332
 20
-4360.386917961764
 10
470.8570937666663
 20
-4360.386917961764
  0
LWPOLYLINE
  5
105A0
330
1F
100
AcDbEntity
  8
0
  6
Continuous
370
    20
100
AcDbPolyline
 90
        2
 70
     0
 43
0.0
 10
465.8629768500004
 20
-4370.375151795097
 10
465.8629768500004
 20
-4360.386917961764
  0
LWPOLYLINE
  5
105A1
330
1F
100
AcDbEntity
  8
0
  6
Continuous
370
    20
100
AcDbPolyline
 90
        2
 70
     0
 43
0.0
 10
447.2966127833333
 20
-4083.242806245098
 10
482.2554311999997
 20
-4083.242806245098
  0
LWPOLYLINE
  5
105A2
330
1F
100
AcDbEntity
  8
0
  6
Continuous
370
    20
100
AcDbPolyline
 90
        2
 70
     0
 43
0.0
 10
447.2966127833333
 20
-4083.242806245098
 10
447.2966127833333
 20
-4083.242806245098
  0
LWPOLYLINE
  5
105A3
330
1F
100
AcDbEntity
  8
0
  6
Continuous
370
    20
100
AcDbPolyline
 90
        2
 70
     0
 43
0.0
 10
487.4845653833335
 20
-4040.587172345098
 10
442.5962674500001
 20
-4040.587172345098
  0
LWPOLYLINE
  5
105A4
330
1F
100
AcDbEntity
  8
0
  6
Continuous
370
    20
100
AcDbPolyline
 90
        2
 70
     0
 43
0.0
 10
487.4845653833335
 20
-4040.587172345098
 10
487.4845653833335
 20
-4040.587172345098
  0
LWPOLYLINE
  5
105A5
330
1F
100
AcDbEntity
  8
0
  6
Continuous
370
    20
100
AcDbPolyline
 90
        2
 70
     0
 43
0.0
 10
487.425811066666
 20
-4122.549444095098
 10
487.4845653833335
 20
-4040.587172345098
  0
LWPOLYLINE
  5
105A6
330
1F
100
AcDbEntity
  8
0
  6
Continuous
370
    20
100
AcDbPolyline
 90
        2
 70
     0
 43
0.0
 10
489.0121776166665
 20
-4205.628047861764
 10
487.425811066666
 20
-4122.549444095098
  0
LWPOLYLINE
  5
105A7
330
1F
100
AcDbEntity
  8
0
  6
Continuous
370
    20
100
AcDbPolyline
 90
        2
 70
     0
 43
0.0
 10
489.0121776166665
 20
-4205.628047861764
 10
489.0121776166665
 20
-4205.628047861764
  0
LWPOLYLINE
  5
105A8
330
1F
100
AcDbEntity
  8
0
  6
Continuous
370
    20
100
AcDbPolyline
 90
        2
 70
     0
 43
0.0
 10
491.8911391333331
 20
-4288.647897311764
 10
489.0121776166665
 20
-4205.628047861764
  0
LWPOLYLINE
  5
105A9
330
1F
100
AcDbEntity
  8
0
  6
Continuous
370
    20
100
AcDbPolyline
 90
        2
 70
     0
 43
0.0
 10
495.8864326666662
 20
-4360.386917961764
 10
491.8911391333331
 20
-4288.647897311764
  0
LWPOLYLINE
  5
105AA
330
1F
100
AcDbEntity
  8
0
  6
Continuous
370
    20
100
AcDbPolyline
 90
        2
 70
     0
 43
0.0
 10
495.8864326666662
 20
-4360.386917961764
 10
495.8864326666662
 20
-4360.386917961764
  0
LWPOLYLINE
  5
105AB
330
1F
100
AcDbEntity
  8
0
  6
Continuous
370
    20
100
AcDbPolyline
 90
        2
 70
     0
 43
0.0
 10
495.8864326666662
 20
-4370.375151795097
 10
495.8864326666662
 20
-4360.386917961764
  0
LWPOLYLINE
  5
105AC
330
1F
100
AcDbEntity
  8
0
  6
Continuous
370
    20
100
AcDbPolyline
 90
        2
 70
     0
 43
0.0
 10
495.8864326666662
 20
-4370.375151795097
 10
495.8864326666662
 20
-4370.375151795097
  0
LWPOLYLINE
  5
105AD
330
1F
100
AcDbEntity
  8
0
  6
Continuous
370
    20
100
AcDbPolyline
 90
        2
 70
     0
 43
0.0
 10
465.8629768500004
 20
-4370.375151795097
 10
495.8864326666662
 20
-4370.375151795097
  0
LWPOLYLINE
  5
105AE
330
1F
100
AcDbEntity
  8
0
  6
Continuous
370
    20
100
AcDbPolyline
 90
        2
 70
     0
 43
0.0
 10
465.8629768500004
 20
-4370.375151795097
 10
465.8629768500004
 20
-4370.375151795097
  0
LWPOLYLINE
  5
105AF
330
1F
100
AcDbEntity
  8
0
  6
Continuous
370
    20
100
AcDbPolyline
 90
        2
 70
     0
 43
0.0
 10
451.4681692666663
 20
-4370.375151795097
 10
465.8629768500004
 20
-4370.375151795097
  0
LWPOLYLINE
  5
105B0
330
1F
100
AcDbEntity
  8
0
  6
Continuous
370
    20
100
AcDbPolyline
 90
        2
 70
     0
 43
0.0
 10
451.4681692666663
 20
-4370.375151795097
 10
451.4681692666663
 20
-4370.375151795097
  0
LWPOLYLINE
  5
105B1
330
1F
100
AcDbEntity
  8
0
  6
Continuous
370
    20
100
AcDbPolyline
 90
        2
 70
     0
 43
0.0
 10
446.8853325666664
 20
-4290.939315661765
 10
451.4681692666663
 20
-4370.375151795097
  0
LWPOLYLINE
  5
105B2
330
1F
100
AcDbEntity
  8
0
  6
Continuous
370
    20
100
AcDbPolyline
 90
        2
 70
     0
 43
0.0
 10
443.7713537833332
 20
-4206.979397145098
 10
446.8853325666664
 20
-4290.939315661765
  0
LWPOLYLINE
  5
105B3
330
1F
100
AcDbEntity
  8
0
  6
Continuous
370
    20
100
AcDbPolyline
 90
        2
 70
     0
 43
0.0
 10
442.3024958666669
 20
-4122.960724311764
 10
443.7713537833332
 20
-4206.979397145098
  0
LWPOLYLINE
  5
105B4
330
1F
100
AcDbEntity
  8
0
  6
Continuous
370
    20
100
AcDbPolyline
 90
        2
 70
     0
 43
0.0
 10
442.5962674500001
 20
-4040.587172345098
 10
442.3024958666669
 20
-4122.960724311764
  0
LWPOLYLINE
  5
105B5
330
1F
100
AcDbEntity
  8
0
  6
Continuous
370
    20
100
AcDbPolyline
 90
        2
 70
     0
 43
0.0
 10
442.5962674500001
 20
-4040.587172345098
 10
442.5962674500001
 20
-4040.587172345098
  0
LWPOLYLINE
  5
105B6
330
1F
100
AcDbEntity
  8
0
  6
Continuous
370
    20
100
AcDbPolyline
 90
        2
 70
     0
 43
0.0
 10
477.4963315500003
 20
-4050.57540617843
 10
452.5845012833333
 20
-4050.57540617843
  0
LWPOLYLINE
  5
105B7
330
1F
100
AcDbEntity
  8
0
  6
Continuous
370
    20
100
AcDbPolyline
 90
        2
 70
     0
 43
0.0
 10
477.4375772333333
 20
-4122.666952728431
 10
477.4963315500003
 20
-4050.57540617843
  0
LWPOLYLINE
  5
105B8
330
1F
100
AcDbEntity
  8
0
  6
Continuous
370
    20
100
AcDbPolyline
 90
        2
 70
     0
 43
0.0
 10
479.0239437833324
 20
-4205.921819445097
 10
477.4375772333333
 20
-4122.666952728431
  0
LWPOLYLINE
  5
105B9
330
1F
100
AcDbEntity
  8
0
  6
Continuous
370
    20
100
AcDbPolyline
 90
        2
 70
     0
 43
0.0
 10
481.9029052999999
 20
-4289.059177528431
 10
479.0239437833324
 20
-4205.921819445097
  0
LWPOLYLINE
  5
105BA
330
1F
100
AcDbEntity
  8
0
  6
Continuous
370
    20
100
AcDbPolyline
 90
        2
 70
     0
 43
0.0
 10
485.898198833333
 20
-4360.386917961764
 10
481.9029052999999
 20
-4289.059177528431
  0
LWPOLYLINE
  5
105BB
330
1F
100
AcDbEntity
  8
0
  6
Continuous
370
    20
100
AcDbPolyline
 90
        2
 70
     0
 43
0.0
 10
465.8629768500004
 20
-4360.386917961764
 10
485.898198833333
 20
-4360.386917961764
  0
LWPOLYLINE
  5
105BC
330
1F
100
AcDbEntity
  8
0
  6
Continuous
370
    20
100
AcDbPolyline
 90
        2
 70
     0
 43
0.0
 10
460.8688599333332
 20
-4360.386917961764
 10
465.8629768500004
 20
-4360.386917961764
  0
LWPOLYLINE
  5
105BD
330
1F
100
AcDbEntity
  8
0
  6
Continuous
370
    20
100
AcDbPolyline
 90
        2
 70
     0
 43
0.0
 10
456.8735664000005
 20
-4290.528035445098
 10
460.8688599333332
 20
-4360.386917961764
  0
LWPOLYLINE
  5
105BE
330
1F
100
AcDbEntity
  8
0
  6
Continuous
370
    20
100
AcDbPolyline
 90
        2
 70
     0
 43
0.0
 10
453.7595876166665
 20
-4206.744379878432
 10
456.8735664000005
 20
-4290.528035445098
  0
LWPOLYLINE
  5
105BF
330
1F
100
AcDbEntity
  8
0
  6
Continuous
370
    20
100
AcDbPolyline
 90
        2
 70
     0
 43
0.0
 10
452.2907296999997
 20
-4122.960724311764
 10
453.7595876166665
 20
-4206.744379878432
  0
LWPOLYLINE
  5
105C0
330
1F
100
AcDbEntity
  8
0
  6
Continuous
370
    20
100
AcDbPolyline
 90
        2
 70
     0
 43
0.0
 10
452.5845012833333
 20
-4050.57540617843
 10
452.2907296999997
 20
-4122.960724311764
  0
LWPOLYLINE
  5
105C1
330
1F
100
AcDbEntity
  8
0
  6
Continuous
370
    20
100
AcDbPolyline
 90
        2
 70
     0
 43
0.0
 10
889.3640913833333
 20
-3481.011060411765
 10
-2751.817175400001
 20
-3481.011060411765
  0
LWPOLYLINE
  5
105C2
330
1F
100
AcDbEntity
  8
0
  6
Continuous
370
    20
100
AcDbPolyline
 90
        2
 70
     0
 43
0.0
 10
889.3640913833333
 20
-4370.375151795097
 10
889.3640913833333
 20
-3481.011060411765
  0
LWPOLYLINE
  5
105C3
330
1F
100
AcDbEntity
  8
0
  6
Continuous
370
    20
100
AcDbPolyline
 90
        2
 70
     0
 43
0.0
 10
-2751.817175400001
 20
-4370.375151795097
 10
889.3640913833333
 20
-4370.375151795097
  0
MTEXT
  5
10DD3
330
1F
100
AcDbEntity
  8
0
  6
Continuous
370
    20
100
AcDbMText
 10
458.125482712312
 20
-4169.276759262711
 30
0.0
 40
4.190007298681301
 41
0.0
 71
     1
 72
     5
  1
{\fTimes New Roman|b0|i0|c204|p18;жилет Сакура\Pобтачка низа полочки\Pосновная ткань\P\fTimes New Roman|b0|i0|c0|p34;M}
 11
0.0000000000000001
 21
1.0
 31
0.0
 73
     1
 44
1.0
  0
MTEXT
  5
10DD4
330
1F
100
AcDbEntity
  8
0
  6
Continuous
370
    20
100
AcDbMText
 10
460.7678560114764
 20
-3965.007372369715
 30
0.0
 40
4.190007298681301
 41
0.0
 71
     1
 72
     5
  1
{\fTimes New Roman|b0|i0|c204|p18;жилет Сакура\Pобтачка низа полочки\Pосновная ткань\P\fTimes New Roman|b0|i0|c0|p34;M}
 11
0.0000000000000001
 21
1.0
 31
0.0
 73
     1
 44
1.0
  0
MTEXT
  5
10DD5
330
1F
100
AcDbEntity
  8
0
  6
Continuous
370
    20
100
AcDbMText
 10
394.7051208223965
 20
-4027.232974053227
 30
0.0
 40
4.190007298681301
 41
0.0
 71
     1
 72
     5
  1
{\fTimes New Roman|b0|i0|c204|p18;жилет Сакура\Pобтачка низа спинки\Pосновная ткань\P\fTimes New Roman|b0|i0|c0|p34;M}
 11
0.0000000000000001
 21
1.0
 31
0.0
 73
     1
 44
1.0
  0
MTEXT
  5
10DD6
330
1F
100
AcDbEntity
  8
0
  6
Continuous
370
    20
100
AcDbMText
 10
565.6834096537895
 20
-3979.770690596097
 30
0.0
 40
4.190007298681301
 41
0.0
 71
     1
 72
     5
  1
{\fTimes New Roman|b0|i0|c204|p18;жилет Сакура\Pверхний воротник\Pосновная ткань + утеплитель\P\fTimes New Roman|b0|i0|c0|p34;M}
 11
0.0000000000000001
 21
1.0
 31
0.0
 73
     1
 44
1.0
  0
MTEXT
  5
10DD7
330
1F
100
AcDbEntity
  8
0
  6
Continuous
370
    20
100
AcDbMText
 10
229.380400801594
 20
-4013.158252369495
 30
0.0
 40
4.190007298681301
 41
0.0
 71
     1
 72
     5
  1
{\fTimes New Roman|b0|i0|c204|p18;жилет Сакура\Pнижний воротник\Pфлис\P\fTimes New Roman|b0|i0|c0|p34;M}
 11
0.0000000000000001
 21
1.0
 31
0.0
 73
     1
 44
1.0
  0
MTEXT
  5
10DD9
330
1F
100
AcDbEntity
  8
0
  6
Continuous
370
    20
100
AcDbMText
 10
423.5483158085262
 20
-3495.569018661046
 30
0.0
 40
4.190007298681301
 41
0.0
 71
     1
 72
     5
  1
{\fTimes New Roman|b0|i0|c204|p18;жилет Сакура\Pлисточка кармана\Pосновная ткань\P\fTimes New Roman|b0|i0|c0|p34;M}
 73
     1
 44
1.0
  0
MTEXT
  5
10DDA
330
1F
100
AcDbEntity
  8
0
  6
Continuous
370
    20
100
AcDbMText
 10
770.5832465557323
 20
-4180.096039507698
 30
0.0
 40
4.190007298681301
 41
0.0
 71
     1
 72
     5
  1
{\fTimes New Roman|b0|i0|c204|p18;жилет Сакура\Pнижняя мешковина\Pосновная ткань\P\fTimes New Roman|b0|i0|c0|p34;M}
 73
     1
 44
1.0
  0
MTEXT
  5
10DDB
330
1F
100
AcDbEntity
  8
0
  6
Continuous
370
    20
100
AcDbMText
 10
685.9507062064294
 20
-3648.120927696693
 30
0.0
 40
4.190007298681301
 41
0.0
 71
     1
 72
     5
  1
{\fTimes New Roman|b0|i0|c204|p18;жилет Сакура\Pнижняя мешковина\Pосновная ткань\P\fTimes New Roman|b0|i0|c0|p34;M}
 73
     1
 44
1.0
  0
MTEXT
  5
10DDD
330
1F
100
AcDbEntity
  8
0
  6
Continuous
370
    20
100
AcDbMText
 10
-1920.524498551421
 20
-3583.392667992866
 30
0.0
 40
4.190007298681301
 41
0.0
 71
     1
 72
     5
  1
{\fTimes New Roman|b0|i0|c204|p18;жилет Сакура\Pполочка\Pосновная ткань\fTimes New Roman|b0|i0|c204|p34; + утеплитель\P\fTimes New Roman|b0|i0|c0|p34;M}
 73
     1
 44
1.0
  0
MTEXT
  5
10DDE
330
1F
100
AcDbEntity
  8
0
  6
Continuous
370
    20
100
AcDbMText
 10
-1067.802428473529
 20
-4134.648884980854
 30
0.0
 40
4.190007298681301
 41
0.0
 71
     1
 72
     5
  1
{\fTimes New Roman|b0|i0|c204|p18;жилет Сакура\Pподкладка полочки\Pподкладочная ткань\P\fTimes New Roman|b0|i0|c0|p34;M}
 73
     1
 44
1.0
  0
MTEXT
  5
10DDF
330
1F
100
AcDbEntity
  8
0
  6
Continuous
370
    20
100
AcDbMText
 10
-975.6867204723311
 20
-3804.314149069385
 30
0.0
 40
4.190007298681301
 41
0.0
 71
     1
 72
     5
  1
{\fTimes New Roman|b0|i0|c204|p18;жилет Сакура\Pподкладка полочки\Pподкладочная ткань\P\fTimes New Roman|b0|i0|c0|p34;M}
 73
     1
 44
1.0
  0
MTEXT
  5
10DE0
330
1F
100
AcDbEntity
  8
0
  6
Continuous
370
    20
100
AcDbMText
 10
-585.7646417161523
 20
-4229.064465614899
 30
0.0
 40
4.190007298681301
 41
0.0
 71
     1
 72
     5
  1
{\fTimes New Roman|b0|i0|c204|p18;жилет Сакура\Pверхняя мешковина\Pподкладочная ткань\P\fTimes New Roman|b0|i0|c0|p34;M}
 73
     1
 44
1.0
  0
MTEXT
  5
10DE2
330
1F
100
AcDbEntity
  8
0
  6
Continuous
370
    20
100
AcDbMText
 10
-260.435282373739
 20
-3668.931066814749
 30
0.0
 40
4.190007298681301
 41
0.0
 71
     1
 72
     5
  1
{\fTimes New Roman|b0|i0|c204|p18;жилет Сакура\Pподкладка спинки\Pподкладочная ткань\P\fTimes New Roman|b0|i0|c0|p34;M}
 73
     1
 44
1.0
  0
MTEXT
  5
10DE3
330
1F
100
AcDbEntity
  8
0
  6
Continuous
370
    20
100
AcDbMText
 10
-2938.852857266374
 20
-4306.588750568451
 30
0.0
 40
4.190007298681301
 41
0.0
 71
     1
 72
     5
  1
{\fTimes New Roman|b0|i0|c204|p18;10*10}
 73
     1
 44
1.0
  0
MTEXT
  5
10DE4
330
1F
100
AcDbEntity
  8
0
  6
Continuous
370
    20
100
AcDbMText
 10
-2734.822243752558
 20
-3672.207313579681
 30
0.0
 40
4.190007298681301
 41
0.0
 71
     1
 72
     5
  1
{\fTimes New Roman|b0|i0|c204|p18;жилет Сакура\Pспинка\Pосновная ткань\fTimes New Roman|b0|i0|c204|p34; + утеплитель\P\fTimes New Roman|b0|i0|c0|p34;M}
 73
     1
 44
1.0
  0
MTEXT
  5
115C2
330
1F
100
AcDbEntity
  8
0
  6
Continuous
370
    20
100
AcDbMText
 10
417.2392183027186
 20
-3593.987044291414
 30
0.0
 40
4.190007298681301
 41
0.0
 71
     1
 72
     5
  1
{\fTimes New Roman|b0|i0|c204|p18;жилет Сакура\Pлисточка кармана\Pосновная ткань\P\fTimes New Roman|b0|i0|c0|p34;M}
 73
     1
 44
1.0
  0
MTEXT
  5
115C3
330
1F
100
AcDbEntity
  8
0
  6
Continuous
370
    20
100
AcDbMText
 10
-1964.126711412806
 20
-4109.937013855388
 30
0.0
 40
4.190007298681301
 41
0.0
 71
     1
 72
     5
  1
{\fTimes New Roman|b0|i0|c204|p18;жилет Сакура\Pполочка\Pосновная ткань\fTimes New Roman|b0|i0|c204|p34; + утеплитель\P\fTimes New Roman|b0|i0|c0|p34;M}
 73
     1
 44
1.0
  0
MTEXT
  5
115C4
330
1F
100
AcDbEntity
  8
0
  6
Continuous
370
    20
100
AcDbMText
 10
-1363.015235663064
 20
-3594.527233128716
 30
0.0
 40
4.190007298681301
 41
0.0
 71
     1
 72
     5
  1
{\fTimes New Roman|b0|i0|c204|p18;жилет Сакура\Pверхняя мешковина\Pподкладочная ткань\P\fTimes New Roman|b0|i0|c0|p34;M}
 73
     1
 44
1.0
  0
ENDSEC
  0
SECTION
  2
OBJECTS
  0
DICTIONARY
  5
C
330
0
100
AcDbDictionary
281
     1
  3
ACAD_GROUP
350
D
  3
ACAD_LAYOUT
350
1A
  3
ACAD_MLINESTYLE
350
17
  3
ACAD_PLOTSETTINGS
350
19
  3
ACAD_PLOTSTYLENAME
350
E
  3
AcDbVariableDictionary
350
54B
  0
DICTIONARY
  5
D
330
C
100
AcDbDictionary
281
     1
  0
DICTIONARY
  5
1A
330
C
100
AcDbDictionary
281
     1
  3
Layout1
350
1E
  3
Layout2
350
26
  3
Model
350
22
  0
DICTIONARY
  5
17
330
C
100
AcDbDictionary
281
     1
  3
Standard
350
18
  0
DICTIONARY
  5
19
330
C
100
AcDbDictionary
281
     1
  0
ACDBDICTIONARYWDFLT
  5
E
330
C
100
AcDbDictionary
281
     1
  3
Normal
350
F
100
AcDbDictionaryWithDefault
340
F
  0
DICTIONARY
  5
54B
330
C
100
AcDbDictionary
281
     1
  3
DIMASSOC
350
54D
  3
HIDETEXT
350
54C
  0
LAYOUT
  5
1E
330
1A
100
AcDbPlotSettings
  1

  2
C:\Program Files\AutoCAD 2002\plotters\DWF ePlot (optimized for plotting).pc3
  4

  6

 40
0.0
 41
0.0
 42
0.0
 43
0.0
 44
0.0
 45
0.0
 46
0.0
 47
0.0
 48
0.0
 49
0.0
140
0.0
141
0.0
142
1.0
143
1.0
 70
   688
 72
     0
 73
     0
 74
     5
  7

 75
    16
147
1.0
148
0.0
149
0.0
100
AcDbLayout
  1
Layout1
 70
     1
 71
     1
 10
0.0
 20
0.0
 11
12.0
 21
9.0
 12
0.0
 22
0.0
 32
0.0
 14
1.000000000000000E+20
 24
1.000000000000000E+20
 34
1.000000000000000E+20
 15
-1.000000000000000E+20
 25
-1.000000000000000E+20
 35
-1.000000000000000E+20
146
0.0
 13
0.0
 23
0.0
 33
0.0
 16
1.0
 26
0.0
 36
0.0
 17
0.0
 27
1.0
 37
0.0
 76
     0
330
1B
  0
LAYOUT
  5
26
330
1A
100
AcDbPlotSettings
  1

  2
C:\Program Files\AutoCAD 2002\plotters\DWF ePlot (optimized for plotting).pc3
  4

  6

 40
0.0
 41
0.0
 42
0.0
 43
0.0
 44
0.0
 45
0.0
 46
0.0
 47
0.0
 48
0.0
 49
0.0
140
0.0
141
0.0
142
1.0
143
1.0
 70
   688
 72
     0
 73
     0
 74
     5
  7

 75
    16
147
1.0
148
0.0
149
0.0
100
AcDbLayout
  1
Layout2
 70
     1
 71
     2
 10
0.0
 20
0.0
 11
12.0
 21
9.0
 12
0.0
 22
0.0
 32
0.0
 14
0.0
 24
0.0
 34
0.0
 15
0.0
 25
0.0
 35
0.0
146
0.0
 13
0.0
 23
0.0
 33
0.0
 16
1.0
 26
0.0
 36
0.0
 17
0.0
 27
1.0
 37
0.0
 76
     0
330
23
  0
LAYOUT
  5
22
330
1A
100
AcDbPlotSettings
  1

  2
C:\Program Files\AutoCAD 2002\plotters\DWF ePlot (optimized for plotting).pc3
  4

  6

 40
0.0
 41
0.0
 42
0.0
 43
0.0
 44
0.0
 45
0.0
 46
0.0
 47
0.0
 48
0.0
 49
0.0
140
0.0
141
0.0
142
1.0
143
1.0
 70
  1712
 72
     0
 73
     0
 74
     0
  7

 75
     0
147
1.0
148
0.0
149
0.0
100
AcDbLayout
  1
Model
 70
     1
 71
     0
 10
0.0
 20
0.0
 11
12.0
 21
9.0
 12
0.0
 22
0.0
 32
0.0
 14
0.0
 24
0.0
 34
0.0
 15
0.0
 25
0.0
 35
0.0
146
0.0
 13
0.0
 23
0.0
 33
0.0
 16
1.0
 26
0.0
 36
0.0
 17
0.0
 27
1.0
 37
0.0
 76
     0
330
1F
  0
MLINESTYLE
  5
18
330
17
100
AcDbMlineStyle
  2
STANDARD
 70
     0
  3

 62
   256
 51
90.0
 52
90.0
 71
     2
 49
0.5
 62
   256
  6
BYLAYER
 49
-0.5
 62
   256
  6
BYLAYER
  0
ACDBPLACEHOLDER
  5
F
330
E
  0
DICTIONARYVAR
  5
54D
330
54B
100
DictionaryVariables
280
     0
  1
1
  0
DICTIONARYVAR
  5
54C
330
54B
100
DictionaryVariables
280
     0
  1
0
  0
ENDSEC
  0
EOF
