  0
SECTION
  2
HEADER
  9
$ACADVER
  1
AC1018
  9
$ACADMAINTVER
 70
    77
  9
$DWGCODEPAGE
  3
ANSI_1251
  9
$INSBASE
 10
0.0
 20
0.0
 30
0.0
  9
$EXTMIN
 10
10558.6641696392
 20
6774.05500462663
 30
0.0
  9
$EXTMAX
 10
10858.6641696392
 20
6993.12521310151
 30
0.0
  9
$LIMMIN
 10
0.0
 20
0.0
  9
$LIMMAX
 10
420.0
 20
297.0
  9
$ORTHOMODE
 70
     0
  9
$REGENMODE
 70
     1
  9
$FILLMODE
 70
     1
  9
$QTEXTMODE
 70
     0
  9
$MIRRTEXT
 70
     0
  9
$LTSCALE
 40
1.0
  9
$ATTMODE
 70
     1
  9
$TEXTSIZE
 40
2.5
  9
$TRACEWID
 40
1.0
  9
$TEXTSTYLE
  7
STANDARD
  9
$CLAYER
  8
0
  9
$CELTYPE
  6
ByLayer
  9
$CECOLOR
 62
   256
  9
$CELTSCALE
 40
1.0
  9
$DISPSILH
 70
     0
  9
$DIMSCALE
 40
1.0
  9
$DIMASZ
 40
2.5
  9
$DIMEXO
 40
0.625
  9
$DIMDLI
 40
3.75
  9
$DIMRND
 40
0.0
  9
$DIMDLE
 40
0.0
  9
$DIMEXE
 40
1.25
  9
$DIMTP
 40
0.0
  9
$DIMTM
 40
0.0
  9
$DIMTXT
 40
2.5
  9
$DIMCEN
 40
2.5
  9
$DIMTSZ
 40
0.0
  9
$DIMTOL
 70
     0
  9
$DIMLIM
 70
     0
  9
$DIMTIH
 70
     0
  9
$DIMTOH
 70
     0
  9
$DIMSE1
 70
     0
  9
$DIMSE2
 70
     0
  9
$DIMTAD
 70
     1
  9
$DIMZIN
 70
     8
  9
$DIMBLK
  1

  9
$DIMASO
 70
     1
  9
$DIMSHO
 70
     1
  9
$DIMPOST
  1

  9
$DIMAPOST
  1

  9
$DIMALT
 70
     0
  9
$DIMALTD
 70
     3
  9
$DIMALTF
 40
0.03937007874016
  9
$DIMLFAC
 40
1.0
  9
$DIMTOFL
 70
     1
  9
$DIMTVP
 40
0.0
  9
$DIMTIX
 70
     0
  9
$DIMSOXD
 70
     0
  9
$DIMSAH
 70
     0
  9
$DIMBLK1
  1

  9
$DIMBLK2
  1

  9
$DIMSTYLE
  2
ISO-25
  9
$DIMCLRD
 70
     0
  9
$DIMCLRE
 70
     0
  9
$DIMCLRT
 70
     0
  9
$DIMTFAC
 40
1.0
  9
$DIMGAP
 40
0.625
  9
$DIMJUST
 70
     0
  9
$DIMSD1
 70
     0
  9
$DIMSD2
 70
     0
  9
$DIMTOLJ
 70
     1
  9
$DIMTZIN
 70
     0
  9
$DIMALTZ
 70
     0
  9
$DIMALTTZ
 70
     0
  9
$DIMUPT
 70
     0
  9
$DIMDEC
 70
     4
  9
$DIMTDEC
 70
     4
  9
$DIMALTU
 70
     2
  9
$DIMALTTD
 70
     2
  9
$DIMTXSTY
  7
STANDARD
  9
$DIMAUNIT
 70
     0
  9
$DIMADEC
 70
     0
  9
$DIMALTRND
 40
0.0
  9
$DIMAZIN
 70
     0
  9
$DIMDSEP
 70
    46
  9
$DIMATFIT
 70
     3
  9
$DIMFRAC
 70
     0
  9
$DIMLDRBLK
  1

  9
$DIMLUNIT
 70
     2
  9
$DIMLWD
 70
    -2
  9
$DIMLWE
 70
    -2
  9
$DIMTMOVE
 70
     0
  9
$LUNITS
 70
     2
  9
$LUPREC
 70
     4
  9
$SKETCHINC
 40
1.0
  9
$FILLETRAD
 40
0.0
  9
$AUNITS
 70
     0
  9
$AUPREC
 70
     0
  9
$MENU
  1
.
  9
$ELEVATION
 40
0.0
  9
$PELEVATION
 40
0.0
  9
$THICKNESS
 40
0.0
  9
$LIMCHECK
 70
     0
  9
$CHAMFERA
 40
0.0
  9
$CHAMFERB
 40
0.0
  9
$CHAMFERC
 40
0.0
  9
$CHAMFERD
 40
0.0
  9
$SKPOLY
 70
     0
  9
$TDCREATE
 40
2456997.676706910
  9
$TDUCREATE
 40
2456997.343373576
  9
$TDUPDATE
 40
2456997.680113438
  9
$TDUUPDATE
 40
2456997.346780104
  9
$TDINDWG
 40
0.0010312963
  9
$TDUSRTIMER
 40
0.0010311806
  9
$USRTIMER
 70
     1
  9
$ANGBASE
 50
0.0
  9
$ANGDIR
 70
     0
  9
$PDMODE
 70
     0
  9
$PDSIZE
 40
0.0
  9
$PLINEWID
 40
0.0
  9
$SPLFRAME
 70
     0
  9
$SPLINETYPE
 70
     6
  9
$SPLINESEGS
 70
     8
  9
$HANDSEED
  5
7C90
  9
$SURFTAB1
 70
     6
  9
$SURFTAB2
 70
     6
  9
$SURFTYPE
 70
     6
  9
$SURFU
 70
     6
  9
$SURFV
 70
     6
  9
$UCSBASE
  2

  9
$UCSNAME
  2

  9
$UCSORG
 10
0.0
 20
0.0
 30
0.0
  9
$UCSXDIR
 10
1.0
 20
0.0
 30
0.0
  9
$UCSYDIR
 10
0.0
 20
1.0
 30
0.0
  9
$UCSORTHOREF
  2

  9
$UCSORTHOVIEW
 70
     0
  9
$UCSORGTOP
 10
0.0
 20
0.0
 30
0.0
  9
$UCSORGBOTTOM
 10
0.0
 20
0.0
 30
0.0
  9
$UCSORGLEFT
 10
0.0
 20
0.0
 30
0.0
  9
$UCSORGRIGHT
 10
0.0
 20
0.0
 30
0.0
  9
$UCSORGFRONT
 10
0.0
 20
0.0
 30
0.0
  9
$UCSORGBACK
 10
0.0
 20
0.0
 30
0.0
  9
$PUCSBASE
  2

  9
$PUCSNAME
  2

  9
$PUCSORG
 10
0.0
 20
0.0
 30
0.0
  9
$PUCSXDIR
 10
1.0
 20
0.0
 30
0.0
  9
$PUCSYDIR
 10
0.0
 20
1.0
 30
0.0
  9
$PUCSORTHOREF
  2

  9
$PUCSORTHOVIEW
 70
     0
  9
$PUCSORGTOP
 10
0.0
 20
0.0
 30
0.0
  9
$PUCSORGBOTTOM
 10
0.0
 20
0.0
 30
0.0
  9
$PUCSORGLEFT
 10
0.0
 20
0.0
 30
0.0
  9
$PUCSORGRIGHT
 10
0.0
 20
0.0
 30
0.0
  9
$PUCSORGFRONT
 10
0.0
 20
0.0
 30
0.0
  9
$PUCSORGBACK
 10
0.0
 20
0.0
 30
0.0
  9
$USERI1
 70
     0
  9
$USERI2
 70
     0
  9
$USERI3
 70
     0
  9
$USERI4
 70
     0
  9
$USERI5
 70
     0
  9
$USERR1
 40
0.0
  9
$USERR2
 40
0.0
  9
$USERR3
 40
0.0
  9
$USERR4
 40
0.0
  9
$USERR5
 40
0.0
  9
$WORLDVIEW
 70
     1
  9
$SHADEDGE
 70
     3
  9
$SHADEDIF
 70
    70
  9
$TILEMODE
 70
     1
  9
$MAXACTVP
 70
    64
  9
$PINSBASE
 10
0.0
 20
0.0
 30
0.0
  9
$PLIMCHECK
 70
     0
  9
$PEXTMIN
 10
0.0
 20
0.0
 30
0.0
  9
$PEXTMAX
 10
0.0
 20
0.0
 30
0.0
  9
$PLIMMIN
 10
0.0
 20
0.0
  9
$PLIMMAX
 10
12.0
 20
9.0
  9
$UNITMODE
 70
     0
  9
$VISRETAIN
 70
     1
  9
$PLINEGEN
 70
     0
  9
$PSLTSCALE
 70
     1
  9
$TREEDEPTH
 70
  3020
  9
$CMLSTYLE
  2
Standard
  9
$CMLJUST
 70
     0
  9
$CMLSCALE
 40
1.0
  9
$PROXYGRAPHICS
 70
     1
  9
$MEASUREMENT
 70
     1
  9
$CELWEIGHT
370
    -1
  9
$ENDCAPS
280
     0
  9
$JOINSTYLE
280
     0
  9
$LWDISPLAY
290
     0
  9
$INSUNITS
 70
     0
  9
$HYPERLINKBASE
  1

  9
$STYLESHEET
  1

  9
$XEDIT
290
     1
  9
$CEPSNTYPE
380
     0
  9
$PSTYLEMODE
290
     1
  9
$FINGERPRINTGUID
  2
{1F2D6530-6BF2-4D5E-922F-A9C54F637010}
  9
$VERSIONGUID
  2
{15AD9CB5-51D1-451C-B472-5DB36EFAD6AD}
  9
$EXTNAMES
290
     1
  9
$PSVPSCALE
 40
0.0
  9
$OLESTARTUP
290
     0
  9
$SORTENTS
280
   127
  9
$INDEXCTL
280
     0
  9
$HIDETEXT
280
     0
  9
$XCLIPFRAME
290
     0
  9
$HALOGAP
280
     0
  9
$OBSCOLOR
 70
   257
  9
$OBSLTYPE
280
     0
  9
$INTERSECTIONDISPLAY
280
     0
  9
$INTERSECTIONCOLOR
 70
   257
  9
$DIMASSOC
280
     1
  9
$PROJECTNAME
  1

  0
ENDSEC
  0
SECTION
  2
CLASSES
  0
CLASS
  1
ACDBDICTIONARYWDFLT
  2
AcDbDictionaryWithDefault
  3
ObjectDBX Classes
 90
        0
 91
        1
280
     0
281
     0
  0
CLASS
  1
TABLESTYLE
  2
AcDbTableStyle
  3
ObjectDBX Classes
 90
     2047
 91
        1
280
     0
281
     0
  0
CLASS
  1
DICTIONARYVAR
  2
AcDbDictionaryVar
  3
ObjectDBX Classes
 90
        0
 91
        1
280
     0
281
     0
  0
ENDSEC
  0
SECTION
  2
TABLES
  0
TABLE
  2
VPORT
  5
10D
330
0
100
AcDbSymbolTable
 70
     2
  0
VPORT
  5
137
330
10D
100
AcDbSymbolTableRecord
100
AcDbViewportTableRecord
  2
*Active
 70
     0
 10
0.0
 20
0.0
 11
1.0
 21
1.0
 12
10708.6641696392
 22
6883.59010886407
 13
0.0
 23
0.0
 14
10.0
 24
10.0
 15
10.0
 25
10.0
 16
0.0
 26
0.0
 36
1.0
 17
0.0
 27
0.0
 37
0.0
 40
551.708552688342
 41
2.435135135135135
 42
50.0
 43
0.0
 44
0.0
 50
0.0
 51
0.0
 71
     0
 72
  1000
 73
     1
 74
     3
 75
     0
 76
     0
 77
     0
 78
     0
281
     0
 65
     1
110
0.0
120
0.0
130
0.0
111
1.0
121
0.0
131
0.0
112
0.0
122
1.0
132
0.0
 79
     0
146
0.0
  0
ENDTAB
  0
TABLE
  2
LTYPE
  5
10A
330
0
100
AcDbSymbolTable
 70
     1
  0
LTYPE
  5
118
330
10A
100
AcDbSymbolTableRecord
100
AcDbLinetypeTableRecord
  2
ByBlock
 70
     0
  3

 72
    65
 73
     0
 40
0.0
  0
LTYPE
  5
119
330
10A
100
AcDbSymbolTableRecord
100
AcDbLinetypeTableRecord
  2
ByLayer
 70
     0
  3

 72
    65
 73
     0
 40
0.0
  0
LTYPE
  5
11A
330
10A
100
AcDbSymbolTableRecord
100
AcDbLinetypeTableRecord
  2
CONTINUOUS
 70
     0
  3
Solid line
 72
    65
 73
     0
 40
0.0
  0
ENDTAB
  0
TABLE
  2
LAYER
  5
107
330
0
100
AcDbSymbolTable
 70
     1
  0
LAYER
  5
115
330
107
100
AcDbSymbolTableRecord
100
AcDbLayerTableRecord
  2
0
 70
     0
 62
     7
  6
CONTINUOUS
370
    -3
390
114
  0
ENDTAB
  0
TABLE
  2
STYLE
  5
108
330
0
100
AcDbSymbolTable
 70
     1
  0
STYLE
  5
116
330
108
100
AcDbSymbolTableRecord
100
AcDbTextStyleTableRecord
  2
STANDARD
 70
     0
 40
0.0
 41
1.0
 50
0.0
 71
     0
 42
2.5
  3
txt
  4
gbcbig.shx
  0
ENDTAB
  0
TABLE
  2
VIEW
  5
10B
330
0
100
AcDbSymbolTable
 70
     0
  0
ENDTAB
  0
TABLE
  2
UCS
  5
10C
330
0
100
AcDbSymbolTable
 70
     0
  0
ENDTAB
  0
TABLE
  2
APPID
  5
10E
330
0
100
AcDbSymbolTable
 70
     2
  0
APPID
  5
117
330
10E
100
AcDbSymbolTableRecord
100
AcDbRegAppTableRecord
  2
ACAD
 70
     0
  0
APPID
  5
12C
330
10E
100
AcDbSymbolTableRecord
100
AcDbRegAppTableRecord
  2
ACAD_PSEXT
 70
     0
  0
APPID
  5
112C
330
10E
100
AcDbSymbolTableRecord
100
AcDbRegAppTableRecord
  2
FS_CYPCUT
 70
     0
  0
ENDTAB
  0
TABLE
  2
DIMSTYLE
  5
10F
330
0
100
AcDbSymbolTable
 70
     1
100
AcDbDimStyleTable
 71
     0
  0
DIMSTYLE
105
12D
330
10F
100
AcDbSymbolTableRecord
100
AcDbDimStyleTableRecord
  2
ISO-25
 70
     0
 41
2.5
 42
0.625
 43
3.75
 44
1.25
 73
     0
 74
     0
 77
     1
 78
     8
140
2.5
141
2.5
143
0.03937007874016
147
0.625
171
     3
172
     1
274
     3
279
     2
284
     8
285
     8
286
     8
340
116
  0
ENDTAB
  0
TABLE
  2
BLOCK_RECORD
  5
106
330
0
100
AcDbSymbolTable
 70
     2
  0
BLOCK_RECORD
  5
127
330
106
100
AcDbSymbolTableRecord
100
AcDbBlockTableRecord
  2
*Model_Space
340
12A
  0
BLOCK_RECORD
  5
123
330
106
100
AcDbSymbolTableRecord
100
AcDbBlockTableRecord
  2
*Paper_Space
340
126
  0
BLOCK_RECORD
  5
130
330
106
100
AcDbSymbolTableRecord
100
AcDbBlockTableRecord
  2
$MODEL_SPACE
340
0
  0
BLOCK_RECORD
  5
132
330
106
100
AcDbSymbolTableRecord
100
AcDbBlockTableRecord
  2
$PAPER_SPACE
340
0
  0
ENDTAB
  0
ENDSEC
  0
SECTION
  2
BLOCKS
  0
BLOCK
  5
128
330
127
100
AcDbEntity
  8
0
100
AcDbBlockBegin
  2
*Model_Space
 70
     0
 10
0.0
 20
0.0
 30
0.0
  3
*Model_Space
  1

  0
ENDBLK
  5
129
330
127
100
AcDbEntity
  8
0
100
AcDbBlockEnd
  0
BLOCK
  5
124
330
123
100
AcDbEntity
 67
     1
  8
0
100
AcDbBlockBegin
  2
*Paper_Space
 70
     0
 10
0.0
 20
0.0
 30
0.0
  3
*Paper_Space
  1

  0
ENDBLK
  5
125
330
123
100
AcDbEntity
 67
     1
  8
0
100
AcDbBlockEnd
  0
BLOCK
  5
131
330
130
100
AcDbEntity
  8
0
100
AcDbBlockBegin
  2
$MODEL_SPACE
 70
     0
 10
0.0
 20
0.0
 30
0.0
  3
$MODEL_SPACE
  1

  0
ENDBLK
  5
21
330
130
100
AcDbEntity
  8
0
100
AcDbBlockEnd
  0
BLOCK
  5
133
330
132
100
AcDbEntity
  8
0
100
AcDbBlockBegin
  2
$PAPER_SPACE
 70
     0
 10
0.0
 20
0.0
 30
0.0
  3
$PAPER_SPACE
  1

  0
ENDBLK
  5
D5
330
132
100
AcDbEntity
  8
0
100
AcDbBlockEnd
       0
ENDSEC
       0
SECTION
       2
ENTITIES
       0
LWPOLYLINE
       5
2000
     100
AcDbEntity
       8
1
     100
AcDbPolyline
      90
90
      70
1
      10
10591.0700236371
      20
6869.07647293216
      42
0
      10
10590.7346948084
      20
6840.52014771451
      42
0
      10
10590.5598668598
      20
6827.94873212338
      42
0
      10
10590.3928455174
      20
6824.67495748589
      42
0
      10
10590.2032663825
      20
6824.23699368909
      42
0
      10
10590.0019558809
      20
6823.80464639446
      42
0
      10
10589.7891502037
      20
6823.37810932167
      42
0
      10
10589.5650855256
      20
6822.957576197
      42
0
      10
10589.329998026
      20
6822.54324074447
      42
0
      10
10589.0841238873
      20
6822.13529668439
      42
0
      10
10588.8276992818
      20
6821.73393775234
      42
0
      10
10588.5609603974
      20
6821.33935765745
      42
0
      10
10588.2841434092
      20
6820.9517501353
      42
0
      10
10587.9974844895
      20
6820.5713089065
      42
0
      10
10587.7012198318
      20
6820.19822769108
      42
0
      10
10587.3955855991
      20
6819.83270022055
      42
0
      10
10587.0808179825
      20
6819.47492021431
      42
0
      10
10586.7571531534
      20
6819.1250813998
      42
0
      10
10586.4248272928
      20
6818.78337750049
      42
0
      10
10586.0840765892
      20
6818.45000223889
      42
0
      10
10585.7351372074
      20
6818.12514934154
      42
0
      10
10585.378245336
      20
6817.80901252937
      42
0
      10
10585.013637149
      20
6817.50178552924
      42
0
      10
10584.6415488305
      20
6817.20366206488
      42
0
      10
10584.2622165525
      20
6816.9148358607
      42
0
      10
10583.8758764987
      20
6816.63550063886
      42
0
      10
10583.4827648459
      20
6816.36585012868
      42
0
      10
10583.083117781
      20
6816.10607805024
      42
0
      10
10582.677171472
      20
6815.85637812473
      42
0
      10
10582.2651621067
      20
6815.61694408433
      42
0
      10
10581.8473258596
      20
6815.38796965057
      42
0
      10
10581.4238989035
      20
6815.16964854167
      42
0
      10
10580.9951174348
      20
6814.96217449002
      42
0
      10
10580.563068539
      20
6814.78245563796
      42
0
      10
10580.1255602059
      20
6814.61866627505
      42
0
      10
10579.6830500341
      20
6814.470667012
      42
0
      10
10579.2359956344
      20
6814.33831846509
      42
0
      10
10578.7848546092
      20
6814.22148124437
      42
0
      10
10578.3300845532
      20
6814.12001596772
      42
0
      10
10577.8721430871
      20
6814.03378324978
      42
0
      10
10577.4114877997
      20
6813.96264369043
      42
0
      10
10576.9485763014
      20
6813.90645791337
      42
0
      10
10576.4838661949
      20
6813.86508652341
      42
0
      10
10576.0178150824
      20
6813.83839014334
      42
0
      10
10575.5508805703
      20
6813.82622937421
      42
0
      10
10575.083520263
      20
6813.82846483791
      42
0
      10
10574.6161917614
      20
6813.8449571426
      42
0
      10
10574.1493526646
      20
6813.87556690521
      42
0
      10
10573.6834605929
      20
6813.92015473302
      42
0
      10
10573.2189731302
      20
6813.9785812429
      42
0
      10
10572.7563478948
      20
6814.05070704369
      42
0
      10
10572.2960424835
      20
6814.13639275323
      42
0
      10
10571.8385145061
      20
6814.23549897658
      42
0
      10
10571.3842215582
      20
6814.3478863344
      42
0
      10
10570.9336212449
      20
6814.47341543458
      42
0
      10
10570.4871711791
      20
6814.61194689274
      42
0
      10
10570.0453289558
      20
6814.76334131994
      42
0
      10
10569.6085521823
      20
6814.92745932865
      42
0
      10
10569.1772984589
      20
6815.10416152994
      42
0
      10
10568.7520253935
      20
6815.29330854253
      42
0
      10
10568.3331905905
      20
6815.4947609697
      42
0
      10
10567.92125165
      20
6815.70837943293
      42
0
      10
10565.009473227
      20
6831.36454842271
      42
0
      10
10565.2261444576
      20
6831.45269248967
      42
0
      10
10565.4427377904
      20
6831.52450476316
      42
0
      10
10565.6592619161
      20
6831.58093491134
      42
0
      10
10565.8757255242
      20
6831.62293259652
      42
0
      10
10566.0921373114
      20
6831.65144749991
      42
0
      10
10566.3085059687
      20
6831.66742927539
      42
0
      10
10566.5248401844
      20
6831.67182759801
      42
0
      10
10566.9574400522
      20
6831.64967256907
      42
0
      10
10567.3900064518
      20
6831.59257975979
      42
0
      10
10569.7716305298
      20
6830.99356308356
      42
0
      10
10570.6402058497
      20
6830.81759951819
      42
0
      10
10571.0752950566
      20
6830.77027861176
      42
0
      10
10571.2930704638
      20
6830.76010722267
      42
0
      10
10574.9471038876
      20
6832.13778537844
      42
0
      10
10575.6124985103
      20
6832.59743646242
      42
0
      10
10577.3433411027
      20
6834.65450385869
      42
0
      10
10577.6512585561
      20
6835.19239719302
      42
0
      10
10577.7695673678
      20
6835.47647908054
      42
0
      10
10577.8591336823
      20
6835.77237596719
      42
0
      10
10577.916225571
      20
6836.08138149114
      42
0
      10
10577.9314273879
      20
6836.24120425504
      42
0
      10
10577.9371111208
      20
6836.40478929567
      42
0
      10
10578.2029983219
      20
6843.18390801785
      42
0
      10
10578.1584417777
      20
6843.68626992408
      42
0
      10
10576.5902753459
      20
6869.01197573371
      42
0
      10
10581.5843716111
      20
6869.01833757713
      42
0
      10
10589.5719224211
      20
6869.14270119233
      42
0
    1001
FS_CYPCUT
    1000
Channel
    1070
1
    1000
LeadIn
    1002
{
    1070
0
    1040
0
    1040
0
    1040
0
    1040
0
    1070
0
    1040
0
    1070
0
    1002
}
    1000
LeadOut
    1002
{
    1070
0
    1040
0
    1040
0
    1040
0
    1070
0
    1002
}
    1000
IsFill
    1070
0
    1000
PathStart
    1040
0
    1000
ToolCompensation
    1002
{
    1070
0
    1040
0
    1070
0
    1002
}
       0
LWPOLYLINE
       5
2001
     100
AcDbEntity
       8
1
     100
AcDbPolyline
      90
46
      70
1
      10
10620.9784731438
      20
6849.39285963409
      42
0
      10
10620.9086282178
      20
6821.02993145519
      42
0
      10
10619.0280146896
      20
6820.80670305176
      42
0
      10
10611.7343987263
      20
6820.64549904414
      42
0
      10
10611.5722080736
      20
6821.02828819221
      42
0
      10
10611.3387212902
      20
6822.12012153797
      42
0
      10
10611.0220433501
      20
6824.08582700848
      42
0
      10
10610.8692840644
      20
6824.48407911257
      42
0
      10
10610.8060516153
      20
6824.61321678603
      42
0
      10
10605.5217987918
      20
6820.79992256975
      42
0
      10
10604.3069553255
      20
6819.8234773947
      42
0
      10
10604.0685891716
      20
6819.72683204413
      42
0
      10
10603.9036060721
      20
6819.69405747071
      42
0
      10
10603.7332368407
      20
6819.69145505061
      42
0
      10
10603.5570286772
      20
6819.72317989263
      42
0
      10
10603.4665934896
      20
6819.75321350542
      42
0
      10
10603.374528775
      20
6819.79338710039
      42
0
      10
10603.2807779251
      20
6819.84422007049
      42
0
      10
10597.2501766369
      20
6822.53711191428
      42
0
      10
10595.6585084576
      20
6823.44122029973
      42
0
      10
10594.4383255497
      20
6824.24213893536
      42
0
      10
10593.8496197261
      20
6824.67238276076
      42
0
      10
10594.4463311594
      20
6864.38916112053
      42
0
      10
10601.7369647176
      20
6864.68524202873
      42
0
      10
10603.3224811454
      20
6864.60808491037
      42
0
      10
10603.6397132143
      20
6864.57674364064
      42
0
      10
10604.1051304632
      20
6832.37600816042
      42
0
      10
10604.3047730286
      20
6832.24151416153
      42
0
      10
10604.507494862
      20
6832.12031952396
      42
0
      10
10604.7131342796
      20
6832.01183735934
      42
0
      10
10604.9215295537
      20
6831.91548077865
      42
0
      10
10605.132518999
      20
6831.8306629016
      42
0
      10
10605.3459409015
      20
6831.75679683172
      42
0
      10
10605.7794352863
      20
6831.63957259257
      42
0
      10
10606.2207190799
      20
6831.55911297125
      42
0
      10
10606.6684986443
      20
6831.51072287652
      42
0
      10
10607.5783706163
      20
6831.49137089611
      42
0
      10
10610.554086447
      20
6831.73073910446
      42
0
      10
10611.4157433415
      20
6833.66329682721
      42
0
      10
10611.4160406795
      20
6833.74236558736
      42
0
      10
10613.1895091405
      20
6864.08081608632
      42
0
      10
10613.7095209929
      20
6864.221455942
      42
0
      10
10614.2324661667
      20
6864.33082133921
      42
0
      10
10615.0216526349
      20
6864.44331594492
      42
0
      10
10616.3468942044
      20
6864.52032561938
      42
0
      10
10620.8804509783
      20
6864.38015849457
      42
0
    1001
FS_CYPCUT
    1000
Channel
    1070
1
    1000
LeadIn
    1002
{
    1070
0
    1040
0
    1040
0
    1040
0
    1040
0
    1070
0
    1040
0
    1070
0
    1002
}
    1000
LeadOut
    1002
{
    1070
0
    1040
0
    1040
0
    1040
0
    1070
0
    1002
}
    1000
IsFill
    1070
0
    1000
PathStart
    1040
0
    1000
ToolCompensation
    1002
{
    1070
0
    1040
0
    1070
0
    1002
}
       0
LWPOLYLINE
       5
2002
     100
AcDbEntity
       8
1
     100
AcDbPolyline
      90
207
      70
1
      10
10689.0350628224
      20
6862.99194887494
      42
0
      10
10679.7946870762
      20
6865.98862961607
      42
0
      10
10679.3659752892
      20
6865.22383244281
      42
0
      10
10676.5153395222
      20
6860.4485324676
      42
0
      10
10676.0291176338
      20
6859.38605596771
      42
0
      10
10675.7232599609
      20
6858.55967114918
      42
0
      10
10674.2875816504
      20
6854.64037738512
      42
0
      10
10673.9248435014
      20
6853.41344657501
      42
0
      10
10673.7816945797
      20
6852.79339034572
      42
0
      10
10673.6708404645
      20
6852.16813015575
      42
0
      10
10673.5973921854
      20
6851.53705842416
      42
0
      10
10673.5762924296
      20
6851.21915337002
      42
0
      10
10673.5664607679
      20
6850.89956758956
      42
0
      10
10673.568536079
      20
6850.57822514453
      42
0
      10
10673.5831572449
      20
6850.25505008033
      42
0
      10
10673.6109631382
      20
6849.92996646251
      42
0
      10
10673.6525926362
      20
6849.60289833422
      42
0
      10
10673.6641355041
      20
6849.17494574997
      42
0
      10
10673.6922408231
      20
6848.75132273669
      42
0
      10
10673.7359341512
      20
6848.33177010401
      42
0
      10
10673.7942410301
      20
6847.91602864044
      42
0
      10
10673.8661870142
      20
6847.5038391568
      42
0
      10
10673.95079765
      20
6847.09494244658
      42
0
      10
10674.0470984754
      20
6846.68907931129
      42
0
      10
10674.2708729223
      20
6845.88541696124
      42
0
      10
10674.5297147398
      20
6845.09077851213
      42
0
      10
10675.1214180255
      20
6843.52027891261
      42
0
      10
10676.6686621816
      20
6839.60679615497
      42
0
      10
10676.9274008295
      20
6838.80969930061
      42
0
      10
10677.1510463155
      20
6838.002963943
      42
0
      10
10677.7309822737
      20
6834.25037904405
      42
0
      10
10677.6896838424
      20
6832.80257597878
      42
0
      10
10677.6699230768
      20
6832.45114436552
      42
0
      10
10677.6368189476
      20
6832.10332713366
      42
0
      10
10677.5909631224
      20
6831.75900110989
      42
0
      10
10677.5329472657
      20
6831.41804313737
      42
0
      10
10677.4633630424
      20
6831.08033005089
      42
0
      10
10677.3828021077
      20
6830.74573868331
      42
0
      10
10677.2918561328
      20
6830.41414587099
      42
0
      10
10677.1911167787
      20
6830.08542845643
      42
0
      10
10676.9626245893
      20
6829.43612714916
      42
0
      10
10676.7020588491
      20
6828.79684944928
      42
0
      10
10676.2614264319
      20
6827.85457180629
      42
0
      10
10673.8611558553
      20
6823.62845553205
      42
0
      10
10670.5209820997
      20
6839.44465499358
      42
0
      10
10670.1647128839
      20
6841.18307426613
      42
0
      10
10664.5513574877
      20
6864.46793327508
      42
0
      10
10654.9974188528
      20
6864.63479532235
      42
0
      10
10646.2865232115
      20
6828.17552926298
      42
0
      10
10645.713428266
      20
6829.3279864189
      42
0
      10
10642.858335177
      20
6836.87794465155
      42
0
      10
10647.6174909832
      20
6845.27570343045
      42
0
      10
10647.6843818541
      20
6845.63503441386
      42
0
      10
10647.7572193164
      20
6850.55305706495
      42
0
      10
10646.9928881839
      20
6855.64084667258
      42
0
      10
10646.6294422761
      20
6857.01785220641
      42
0
      10
10646.3480804264
      20
6857.82702420937
      42
0
      10
10646.0091721323
      20
6858.62042032879
      42
0
      10
10645.7739157455
      20
6859.12398881762
      42
0
      10
10645.1031335637
      20
6860.38357456029
      42
0
      10
10644.6386155396
      20
6861.11498481083
      42
0
      10
10644.3008413695
      20
6861.58211746366
      42
0
      10
10643.9393353744
      20
6862.02708482867
      42
0
      10
10643.5530214621
      20
6862.44492753831
      42
0
      10
10643.3502252552
      20
6862.64212734538
      42
0
      10
10643.1408235339
      20
6862.8306862262
      42
0
      10
10642.9246817961
      20
6863.00998425651
      42
0
      10
10642.7016655131
      20
6863.1794015127
      42
0
      10
10642.4716401828
      20
6863.33831807948
      42
0
      10
10642.2344712989
      20
6863.48611402803
      42
0
      10
10641.9900243389
      20
6863.62216944552
      42
0
      10
10641.7381648013
      20
6863.74586440679
      42
0
      10
10641.4787581723
      20
6863.85657898576
      42
0
      10
10641.2116699318
      20
6863.95369326842
      42
0
      10
10640.9367655779
      20
6864.03658733141
      42
0
      10
10640.653910602
      20
6864.10464125115
      42
0
      10
10640.3629704825
      20
6864.15723510123
      42
0
      10
10639.5346051609
      20
6864.29370283259
      42
0
      10
10635.7867690732
      20
6864.82268005128
      42
0
      10
10634.9484221226
      20
6864.79611843093
      42
0
      10
10634.3181195791
      20
6864.71307984297
      42
0
      10
10624.2783030633
      20
6863.23746652127
      42
0
      10
10624.1335351341
      20
6848.21277067666
      42
0
      10
10624.0005655741
      20
6834.6334354079
      42
0
      10
10623.9447480189
      20
6820.23559027796
      42
0
      10
10632.8459367747
      20
6820.20289517888
      42
0
      10
10632.9374305866
      20
6821.17074075905
      42
0
      10
10633.0209828347
      20
6822.62753295979
      42
0
      10
10633.1181606598
      20
6829.44935213112
      42
0
      10
10633.3956227256
      20
6846.14510615744
      42
0
      10
10633.2911124679
      20
6848.64841459787
      42
0
      10
10633.2041058199
      20
6853.66962312326
      42
0
      10
10633.17481906
      20
6854.02675539198
      42
0
      10
10633.1587149445
      20
6854.12013794664
      42
0
      10
10633.1518390748
      20
6854.20763949803
      42
0
      10
10633.1639215646
      20
6854.36593073391
      42
0
      10
10633.2073654379
      20
6854.50349139019
      42
0
      10
10633.2784696106
      20
6854.62218375312
      42
0
      10
10633.4288928255
      20
6854.76891800911
      42
0
      10
10633.8414993395
      20
6854.97273689719
      42
0
      10
10634.7640002058
      20
6855.19776252041
      42
0
      10
10634.9698446463
      20
6855.21130948293
      42
0
      10
10635.1719350172
      20
6855.21074223681
      42
0
      10
10635.370151802
      20
6855.19658732827
      42
0
      10
10635.5643754909
      20
6855.16937129453
      42
0
      10
10635.7544865668
      20
6855.12962068521
      42
0
      10
10635.9403655143
      20
6855.07786203256
      42
0
      10
10636.1218928171
      20
6855.01462187689
      42
0
      10
10636.2989489591
      20
6854.94042677031
      42
0
      10
10636.4714144369
      20
6854.85580324288
      42
0
      10
10636.6391697207
      20
6854.76127783774
      42
0
      10
10636.8020953117
      20
6854.65737710261
      42
0
      10
10637.1129793285
      20
6854.42355578792
      42
0
      10
10637.4031103729
      20
6854.15855162998
      42
0
      10
10637.671532325
      20
6853.86657695317
      42
0
      10
10637.9172890715
      20
6853.55184409557
      42
0
      10
10638.139424496
      20
6853.21856538025
      42
0
      10
10638.426246152
      20
6852.69308829944
      42
0
      10
10638.6545416875
      20
6852.14957739029
      42
0
      10
10638.7726306691
      20
6851.78423854885
      42
0
      10
10638.8782009528
      20
6851.50950951765
      42
0
      10
10638.9530797001
      20
6851.23270057996
      42
0
      10
10639.0135116036
      20
6850.81454949795
      42
0
      10
10639.0108182103
      20
6850.25384024197
      42
0
      10
10638.537253141
      20
6848.31128009366
      42
0
      10
10638.3547293891
      20
6847.77646976931
      42
0
      10
10638.0971877263
      20
6847.16246997533
      42
0
      10
10637.7874072117
      20
6846.56466757428
      42
0
      10
10634.7958293106
      20
6837.87134554865
      42
0
      10
10634.5785951012
      20
6836.18226451927
      42
0
      10
10634.5785951012
      20
6834.43494895993
      42
0
      10
10634.6956888196
      20
6833.46709392746
      42
0
      10
10634.9284200123
      20
6832.53307920249
      42
0
      10
10640.889751612
      20
6819.94311001232
      42
0
      10
10641.2969760805
      20
6819.88992783705
      42
0
      10
10642.5199212721
      20
6819.76930385446
      42
0
      10
10644.1530283574
      20
6819.68628690813
      42
0
      10
10652.7441738395
      20
6819.85607888444
      42
0
      10
10652.8839719771
      20
6820.02495391207
      42
0
      10
10653.0124270973
      20
6820.19983719794
      42
0
      10
10653.1301815287
      20
6820.38038091435
      42
0
      10
10653.2378775839
      20
6820.56623723951
      42
0
      10
10653.3361576061
      20
6820.75705834144
      42
0
      10
10653.5070388346
      20
6821.15220360141
      42
0
      10
10653.6479638178
      20
6821.56303407101
      42
0
      10
10653.8144240519
      20
6822.20260261714
      42
0
      10
10654.3624927756
      20
6825.29516686719
      42
0
      10
10654.5401146185
      20
6825.92185263814
      42
0
      10
10657.3096361273
      20
6835.97307633005
      42
0
      10
10659.572026648
      20
6845.09012409315
      42
0
      10
10661.9788476493
      20
6836.89407066886
      42
0
      10
10662.1530801532
      20
6835.92279467043
      42
0
      10
10661.6595848351
      20
6835.77573588903
      42
0
      10
10661.1625224743
      20
6835.68825015535
      42
0
      10
10660.1605524972
      20
6835.65375010818
      42
0
      10
10659.9099973415
      20
6835.68181435915
      42
0
      10
10658.3465862658
      20
6835.93882216291
      42
0
      10
10655.8996799923
      20
6825.85525669816
      42
0
      10
10658.0188146452
      20
6825.75145458289
      42
0
      10
10663.7087661784
      20
6826.00414041454
      42
0
      10
10664.5470220546
      20
6822.318387036
      42
0
      10
10664.8817718396
      20
6821.27347579653
      42
0
      10
10665.1444096403
      20
6820.680970579
      42
0
      10
10665.3523370541
      20
6820.30463493802
      42
0
      10
10665.5905036268
      20
6819.94565119924
      42
0
      10
10674.5566890696
      20
6819.91143178602
      42
0
      10
10674.1793644855
      20
6822.61447928071
      42
0
      10
10674.6768290745
      20
6822.21157640559
      42
0
      10
10675.191102417
      20
6821.83866123257
      42
0
      10
10675.9902917118
      20
6821.32895707722
      42
0
      10
10677.0987629806
      20
6820.72632631548
      42
0
      10
10682.3410498819
      20
6818.48477514387
      42
0
      10
10684.3459494278
      20
6820.8473892759
      42
0
      10
10684.518701147
      20
6821.08677939256
      42
0
      10
10684.8381694077
      20
6821.5779386536
      42
0
      10
10685.1261434602
      20
6822.08406361831
      42
0
      10
10685.5075038401
      20
6822.86727015995
      42
0
      10
10686.0403631251
      20
6824.2212687625
      42
0
      10
10687.5315147946
      20
6828.65236622473
      42
0
      10
10687.6562949255
      20
6828.95039528559
      42
0
      10
10687.7689277348
      20
6829.25089685439
      42
0
      10
10687.8698055926
      20
6829.55370988498
      42
0
      10
10687.9593208806
      20
6829.85867335729
      42
0
      10
10688.0378659654
      20
6830.16562622082
      42
0
      10
10688.1058332193
      20
6830.47440745237
      42
0
      10
10688.163615032
      20
6830.78485600706
      42
0
      10
10688.2501917847
      20
6831.41011095147
      42
0
      10
10688.3007352249
      20
6832.04010277765
      42
0
      10
10688.3183843443
      20
6832.67354319681
      42
0
      10
10688.2900477185
      20
6833.62735180334
      42
0
      10
10688.1664326961
      20
6834.89914269648
      42
0
      10
10687.6520609455
      20
6837.71062159321
      42
0
      10
10686.1907858349
      20
6842.09140681695
      42
0
      10
10684.8997184878
      20
6846.52085448563
      42
0
      10
10684.5465070735
      20
6848.1614797934
      42
0
      10
10684.3402392666
      20
6849.40674542836
      42
0
      10
10684.297290604
      20
6849.58898145379
      42
0
      10
10684.2395905662
      20
6849.95141425526
      42
0
      10
10684.2163005576
      20
6850.31130505486
      42
0
      10
10684.2235969653
      20
6850.66886624619
      42
0
      10
10684.3146545168
      20
6851.37784940105
      42
0
      10
10685.2290046744
      20
6854.50903080854
      42
0
      10
10685.3660114769
      20
6855.00494329216
      42
0
      10
10686.0526204591
      20
6856.94092570267
      42
0
      10
10687.0741940063
      20
6859.01217451465
      42
0
      10
10688.4906059095
      20
6861.15354823924
      42
0
      10
10688.5375928165
      20
6861.20594047083
      42
0
    1001
FS_CYPCUT
    1000
Channel
    1070
1
    1000
LeadIn
    1002
{
    1070
0
    1040
0
    1040
0
    1040
0
    1040
0
    1070
0
    1040
0
    1070
0
    1002
}
    1000
LeadOut
    1002
{
    1070
0
    1040
0
    1040
0
    1040
0
    1070
0
    1002
}
    1000
IsFill
    1070
0
    1000
PathStart
    1040
0
    1000
ToolCompensation
    1002
{
    1070
0
    1040
0
    1070
0
    1002
}
       0
LWPOLYLINE
       5
2003
     100
AcDbEntity
       8
1
     100
AcDbPolyline
      90
23
      70
1
      10
10674.0261959878
      20
6880.8626013136
      42
0
      10
10673.865794994
      20
6880.63525271202
      42
0
      10
10673.6372337378
      20
6880.23615802963
      42
0
      10
10672.9391825991
      20
6878.90428451484
      42
0
      10
10672.7613625491
      20
6878.63865180806
      42
0
      10
10672.568475383
      20
6878.40355341714
      42
0
      10
10672.465398922
      20
6878.30026735667
      42
0
      10
10672.3573764287
      20
6878.20799020278
      42
0
      10
10672.244014825
      20
6878.12784705877
      42
0
      10
10672.1249210261
      20
6878.06096303254
      42
0
      10
10671.9997019404
      20
6878.00846323576
      42
0
      10
10671.8679644957
      20
6877.97147277201
      42
0
      10
10671.7293156
      20
6877.95111675671
      42
0
      10
10671.5833621756
      20
6877.94852029433
      42
0
      10
10671.4297111299
      20
6877.96480849441
      42
0
      10
10671.2679693886
      20
6878.00110646236
      42
0
      10
10671.0977438638
      20
6878.05853930923
      42
0
      10
10671.537876327
      20
6882.15649251814
      42
0
      10
10671.4585117473
      20
6883.2376530589
      42
0
      10
10671.7154034622
      20
6883.1813110348
      42
0
      10
10671.9526403402
      20
6883.09745607953
      42
0
      10
10672.2757541811
      20
6882.9261735961
      42
0
      10
10672.6553224318
      20
6882.62747163731
      42
0
    1001
FS_CYPCUT
    1000
Channel
    1070
1
    1000
LeadIn
    1002
{
    1070
0
    1040
0
    1040
0
    1040
0
    1040
0
    1070
0
    1040
0
    1070
0
    1002
}
    1000
LeadOut
    1002
{
    1070
0
    1040
0
    1040
0
    1040
0
    1070
0
    1002
}
    1000
IsFill
    1070
0
    1000
PathStart
    1040
0
    1000
ToolCompensation
    1002
{
    1070
0
    1040
0
    1070
0
    1002
}
       0
LWPOLYLINE
       5
2004
     100
AcDbEntity
       8
1
     100
AcDbPolyline
      90
22
      70
1
      10
10669.7330844382
      20
6882.48245096222
      42
0
      10
10669.6986997808
      20
6883.18698399803
      42
0
      10
10669.6106451223
      20
6883.70560117467
      42
0
      10
10669.4645161436
      20
6884.21017405977
      42
0
      10
10669.3327429493
      20
6884.5362383888
      42
0
      10
10669.1720234011
      20
6884.8522879971
      42
0
      10
10668.9811032829
      20
6885.15681377407
      42
0
      10
10668.9179308084
      20
6885.25484685481
      42
0
      10
10668.5519796853
      20
6885.68867690804
      42
0
      10
10666.3104973234
      20
6886.98958570154
      42
0
      10
10665.1906544628
      20
6888.9234958131
      42
0
      10
10664.6007565285
      20
6888.10775608596
      42
0
      10
10665.3045997537
      20
6883.78082330611
      42
0
      10
10665.4080797083
      20
6883.62270534545
      42
0
      10
10665.6333456465
      20
6883.32617083328
      42
0
      10
10665.8802195602
      20
6883.05281101665
      42
0
      10
10666.4253508589
      20
6882.56076509305
      42
0
      10
10668.6608091235
      20
6880.90192823467
      42
0
      10
10669.060968571
      20
6880.51357965222
      42
0
      10
10669.3050499481
      20
6880.22873342758
      42
0
      10
10669.4160128696
      20
6880.56149879501
      42
0
      10
10669.6567477241
      20
6881.59779958277
      42
0
    1001
FS_CYPCUT
    1000
Channel
    1070
1
    1000
LeadIn
    1002
{
    1070
0
    1040
0
    1040
0
    1040
0
    1040
0
    1070
0
    1040
0
    1070
0
    1002
}
    1000
LeadOut
    1002
{
    1070
0
    1040
0
    1040
0
    1040
0
    1070
0
    1002
}
    1000
IsFill
    1070
0
    1000
PathStart
    1040
0
    1000
ToolCompensation
    1002
{
    1070
0
    1040
0
    1070
0
    1002
}
       0
LWPOLYLINE
       5
2005
     100
AcDbEntity
       8
1
     100
AcDbPolyline
      90
12
      70
1
      10
10662.5111596418
      20
6887.15887365094
      42
0
      10
10661.755398171
      20
6889.40772071234
      42
0
      10
10661.2796925675
      20
6891.89944964307
      42
0
      10
10660.5600506671
      20
6891.56512433173
      42
0
      10
10659.7842334641
      20
6890.9456863176
      42
0
      10
10659.3294842991
      20
6890.32112377677
      42
0
      10
10659.0648403074
      20
6889.68946934648
      42
0
      10
10659.737710346
      20
6889.10053129105
      42
0
      10
10661.2725625723
      20
6887.66005912225
      42
0
      10
10661.6493568902
      20
6887.4319018649
      42
0
      10
10661.918740924
      20
6887.31058161319
      42
0
      10
10662.2052677782
      20
6887.21830927828
      42
0
    1001
FS_CYPCUT
    1000
Channel
    1070
1
    1000
LeadIn
    1002
{
    1070
0
    1040
0
    1040
0
    1040
0
    1040
0
    1070
0
    1040
0
    1070
0
    1002
}
    1000
LeadOut
    1002
{
    1070
0
    1040
0
    1040
0
    1040
0
    1070
0
    1002
}
    1000
IsFill
    1070
0
    1000
PathStart
    1040
0
    1000
ToolCompensation
    1002
{
    1070
0
    1040
0
    1070
0
    1002
}
       0
LWPOLYLINE
       5
2006
     100
AcDbEntity
       8
1
     100
AcDbPolyline
      90
45
      70
1
      10
10669.1858004604
      20
6892.51732422243
      42
0
      10
10668.5942087759
      20
6895.38424197842
      42
0
      10
10669.1569934397
      20
6898.5669048722
      42
0
      10
10667.5570153659
      20
6897.02370290123
      42
0
      10
10667.5360136115
      20
6897.49587263751
      42
0
      10
10667.4727000324
      20
6898.99771897814
      42
0
      10
10667.319577686
      20
6899.27636954334
      42
0
      10
10665.2942380835
      20
6902.1729054396
      42
0
      10
10664.671147859
      20
6902.87193824816
      42
0
      10
10664.1599544828
      20
6903.34794864857
      42
0
      10
10663.7941861701
      20
6903.63685355096
      42
0
      10
10663.4059012993
      20
6903.89961755136
      42
0
      10
10662.992924124
      20
6904.13333268989
      42
0
      10
10662.7764959985
      20
6904.23838820371
      42
0
      10
10662.7465426142
      20
6903.95077852059
      42
0
      10
10662.7396839571
      20
6903.67352090812
      42
0
      10
10662.754511265
      20
6903.40597476971
      42
0
      10
10662.7896158061
      20
6903.14749953545
      42
0
      10
10662.8435888223
      20
6902.89745460654
      42
0
      10
10662.9150215818
      20
6902.65519940687
      42
0
      10
10663.0025053236
      20
6902.42009333856
      42
0
      10
10663.1046313067
      20
6902.19149582456
      42
0
      10
10663.2199907837
      20
6901.96876627573
      42
0
      10
10663.3471750155
      20
6901.751264106
      42
0
      10
10663.4847752444
      20
6901.53834872683
      42
0
      10
10663.7855887224
      20
6901.12371600677
      42
0
      10
10665.2829324152
      20
6899.31580034008
      42
0
      10
10665.5804547723
      20
6898.896380378
      42
0
      10
10665.7159606524
      20
6898.68041857792
      42
0
      10
10665.8407513365
      20
6898.45943477906
      42
0
      10
10665.9534180808
      20
6898.23278839256
      42
0
      10
10666.0525521346
      20
6897.99983883922
      42
0
      10
10666.1367447567
      20
6897.7599455311
      42
0
      10
10663.1659104191
      20
6899.17904272114
      42
0
      10
10663.7223871039
      20
6897.83962331832
      42
0
      10
10664.4014557035
      20
6896.97475158921
      42
0
      10
10664.9471453902
      20
6896.57225962938
      42
0
      10
10665.2826294578
      20
6896.33652618544
      42
0
      10
10665.593978897
      20
6896.07487792109
      42
0
      10
10666.0250641788
      20
6895.64400471853
      42
0
      10
10667.7268428127
      20
6893.60772469172
      42
0
      10
10668.1620887056
      20
6893.1872793757
      42
0
      10
10668.477078685
      20
6892.93475550328
      42
0
      10
10668.8168967266
      20
6892.70988443604
      42
0
      10
10668.9974467808
      20
6892.60927434798
      42
0
    1001
FS_CYPCUT
    1000
Channel
    1070
1
    1000
LeadIn
    1002
{
    1070
0
    1040
0
    1040
0
    1040
0
    1040
0
    1070
0
    1040
0
    1070
0
    1002
}
    1000
LeadOut
    1002
{
    1070
0
    1040
0
    1040
0
    1040
0
    1070
0
    1002
}
    1000
IsFill
    1070
0
    1000
PathStart
    1040
0
    1000
ToolCompensation
    1002
{
    1070
0
    1040
0
    1070
0
    1002
}
       0
LWPOLYLINE
       5
2007
     100
AcDbEntity
       8
1
     100
AcDbPolyline
      90
15
      70
1
      10
10664.4732547349
      20
6874.53603808709
      42
0
      10
10657.0283974452
      20
6874.63227011136
      42
0
      10
10656.0504446533
      20
6879.47833132384
      42
0
      10
10655.9449032556
      20
6880.39343364294
      42
0
      10
10655.9075014473
      20
6881.00482259773
      42
0
      10
10655.9016151211
      20
6881.61731784309
      42
0
      10
10655.9316569841
      20
6882.23096198051
      42
0
      10
10655.9615299732
      20
6882.53822819686
      42
0
      10
10656.0020397754
      20
6882.84579761333
      42
0
      10
10656.0537379896
      20
6883.15367555744
      42
0
      10
10656.1171762012
      20
6883.46186734676
      42
0
      10
10659.5142267286
      20
6880.47757909273
      42
0
      10
10659.6131304846
      20
6880.34767452859
      42
0
      10
10663.5813032773
      20
6878.93331703092
      42
0
      10
10664.1762991082
      20
6875.26043067757
      42
0
    1001
FS_CYPCUT
    1000
Channel
    1070
1
    1000
LeadIn
    1002
{
    1070
0
    1040
0
    1040
0
    1040
0
    1040
0
    1070
0
    1040
0
    1070
0
    1002
}
    1000
LeadOut
    1002
{
    1070
0
    1040
0
    1040
0
    1040
0
    1070
0
    1002
}
    1000
IsFill
    1070
0
    1000
PathStart
    1040
0
    1000
ToolCompensation
    1002
{
    1070
0
    1040
0
    1070
0
    1002
}
       0
LWPOLYLINE
       5
2008
     100
AcDbEntity
       8
1
     100
AcDbPolyline
      90
23
      70
1
      10
10654.1917330294
      20
6874.5459836017
      42
0
      10
10646.7820174707
      20
6874.61040477037
      42
0
      10
10646.7838902416
      20
6875.11989267365
      42
0
      10
10646.5905303492
      20
6877.78769030028
      42
0
      10
10646.5657248187
      20
6878.59046693997
      42
0
      10
10646.5831083317
      20
6879.11687144283
      42
0
      10
10646.6050250981
      20
6879.37631113131
      42
0
      10
10646.6371135902
      20
6879.63274085197
      42
0
      10
10646.6803900787
      20
6879.88578441066
      42
0
      10
10646.7358708536
      20
6880.13506561155
      42
0
      10
10646.8045722004
      20
6880.38020825707
      42
0
      10
10646.887510402
      20
6880.62083614804
      42
0
      10
10646.9857017394
      20
6880.85657309925
      42
0
      10
10647.1001624974
      20
6881.0870429103
      42
0
      10
10647.2319089622
      20
6881.31186938632
      42
0
      10
10647.3819574064
      20
6881.53067633192
      42
0
      10
10647.5513241266
      20
6881.74308754913
      42
0
      10
10647.7410254037
      20
6881.9487268447
      42
0
      10
10650.1627443651
      20
6883.98575677623
      42
0
      10
10650.9329484693
      20
6884.40162872449
      42
0
      10
10651.5890888581
      20
6884.6549098524
      42
0
      10
10651.9317686229
      20
6884.75066885086
      42
0
      10
10651.7522442987
      20
6881.45683314738
      42
0
    1001
FS_CYPCUT
    1000
Channel
    1070
1
    1000
LeadIn
    1002
{
    1070
0
    1040
0
    1040
0
    1040
0
    1040
0
    1070
0
    1040
0
    1070
0
    1002
}
    1000
LeadOut
    1002
{
    1070
0
    1040
0
    1040
0
    1040
0
    1070
0
    1002
}
    1000
IsFill
    1070
0
    1000
PathStart
    1040
0
    1000
ToolCompensation
    1002
{
    1070
0
    1040
0
    1070
0
    1002
}
       0
LWPOLYLINE
       5
2009
     100
AcDbEntity
       8
1
     100
AcDbPolyline
      90
11
      70
1
      10
10644.2965112412
      20
6874.57561396793
      42
0
      10
10642.0242407319
      20
6874.55503252085
      42
0
      10
10639.2512638485
      20
6879.8742441513
      42
0
      10
10641.7814521363
      20
6880.47500149492
      42
0
      10
10642.0655946436
      20
6882.64535770754
      42
0
      10
10642.9507491883
      20
6882.52826920048
      42
0
      10
10643.4260562383
      20
6877.80246501944
      42
0
      10
10643.6122028544
      20
6876.70404156956
      42
0
      10
10643.8115013207
      20
6875.89319344843
      42
0
      10
10643.9801313283
      20
6875.36051590025
      42
0
      10
10644.1819407265
      20
6874.83521385714
      42
0
    1001
FS_CYPCUT
    1000
Channel
    1070
1
    1000
LeadIn
    1002
{
    1070
0
    1040
0
    1040
0
    1040
0
    1040
0
    1070
0
    1040
0
    1070
0
    1002
}
    1000
LeadOut
    1002
{
    1070
0
    1040
0
    1040
0
    1040
0
    1070
0
    1002
}
    1000
IsFill
    1070
0
    1000
PathStart
    1040
0
    1000
ToolCompensation
    1002
{
    1070
0
    1040
0
    1070
0
    1002
}
       0
LWPOLYLINE
       5
200A
     100
AcDbEntity
       8
1
     100
AcDbPolyline
      90
29
      70
1
      10
10638.4566832382
      20
6874.53773505242
      42
0
      10
10638.2907770159
      20
6874.56068439445
      42
0
      10
10637.9399474099
      20
6874.58341915625
      42
0
      10
10636.3923677263
      20
6874.52386358316
      42
0
      10
10635.6154871604
      20
6874.52471670443
      42
0
      10
10635.2471407026
      20
6874.56303290668
      42
0
      10
10635.070599246
      20
6874.59544241623
      42
0
      10
10634.9001392796
      20
6874.63812580182
      42
0
      10
10634.7365060305
      20
6874.69216278975
      42
0
      10
10634.5804447398
      20
6874.75863307737
      42
0
      10
10634.432700643
      20
6874.83861638729
      42
0
      10
10634.2940189592
      20
6874.9331924209
      42
0
      10
10634.1651449306
      20
6875.0434409023
      42
0
      10
10634.0468237842
      20
6875.17044152921
      42
0
      10
10633.9398007605
      20
6875.31527402387
      42
0
      10
10633.8448210858
      20
6875.47901809326
      42
0
      10
10633.7626299947
      20
6875.66275344943
      42
0
      10
10633.6939727098
      20
6875.86755980184
      42
0
      10
10634.3321251735
      20
6877.25545924062
      42
0
      10
10634.5848352562
      20
6877.59144619458
      42
0
      10
10634.7328406822
      20
6877.72588817352
      42
0
      10
10634.8979251132
      20
6877.83170678853
      42
0
      10
10634.9874919623
      20
6877.87241615602
      42
0
      10
10635.0820725845
      20
6877.90421026411
      42
0
      10
10635.1819149753
      20
6877.9265026445
      42
0
      10
10635.2872671535
      20
6877.93870682385
      42
0
      10
10635.3983771159
      20
6877.94023633326
      42
0
      10
10635.5154928703
      20
6877.9305046994
      42
0
      10
10635.6388624294
      20
6877.90892544342
      42
0
    1001
FS_CYPCUT
    1000
Channel
    1070
1
    1000
LeadIn
    1002
{
    1070
0
    1040
0
    1040
0
    1040
0
    1040
0
    1070
0
    1040
0
    1070
0
    1002
}
    1000
LeadOut
    1002
{
    1070
0
    1040
0
    1040
0
    1040
0
    1070
0
    1002
}
    1000
IsFill
    1070
0
    1000
PathStart
    1040
0
    1000
ToolCompensation
    1002
{
    1070
0
    1040
0
    1070
0
    1002
}
       0
LWPOLYLINE
       5
200B
     100
AcDbEntity
       8
1
     100
AcDbPolyline
      90
316
      70
1
      10
10774.1920098067
      20
6808.46295227062
      42
0
      10
10772.9643025788
      20
6807.37271259539
      42
0
      10
10771.7131669586
      20
6806.30875318414
      42
0
      10
10770.439560507
      20
6805.27098135459
      42
0
      10
10769.1444407942
      20
6804.25930442566
      42
0
      10
10767.8287653845
      20
6803.27362973371
      42
0
      10
10766.4934918466
      20
6802.313864598
      42
0
      10
10765.1395777507
      20
6801.37991634247
      42
0
      10
10763.7679806575
      20
6800.47169230003
      42
0
      10
10762.3796581409
      20
6799.58909979239
      42
0
      10
10760.9755677627
      20
6798.73204613731
      42
0
      10
10759.556667093
      20
6797.90043867173
      42
0
      10
10757.4026414625
      20
6796.7005363417
      42
0
      10
10755.2206789892
      20
6795.55736663787
      42
0
      10
10754.4877085566
      20
6795.18886325618
      42
0
      10
10754.4681702666
      20
6795.39805274097
      42
0
      10
10754.4652551838
      20
6795.59943696568
      42
0
      10
10754.4780405779
      20
6795.79346237541
      42
0
      10
10754.505603724
      20
6795.9805754155
      42
0
      10
10754.5470218859
      20
6796.16122253752
      42
0
      10
10754.6013723365
      20
6796.33585018373
      42
0
      10
10754.6677323558
      20
6796.50490480603
      42
0
      10
10754.7451792006
      20
6796.66883284883
      42
0
      10
10754.8327901482
      20
6796.82808075847
      42
0
      10
10755.0348134387
      20
6797.13432197695
      42
0
      10
10755.3910108992
      20
6797.56974399848
      42
0
      10
10756.8639360728
      20
6799.10385043488
      42
0
      10
10757.095937242
      20
6799.40319056619
      42
0
      10
10757.2984673917
      20
6799.71774017471
      42
0
      10
10756.718998414
      20
6799.5587039012
      42
0
      10
10754.6018634395
      20
6798.676772625
      42
0
      10
10754.1706284438
      20
6798.57141490081
      42
0
      10
10753.8785957915
      20
6798.53539582511
      42
0
      10
10753.582061926
      20
6798.53265073473
      42
0
      10
10753.4318747803
      20
6798.54533588398
      42
0
      10
10753.2802836318
      20
6798.56823546496
      42
0
      10
10753.1271955674
      20
6798.60198146213
      42
0
      10
10751.0585950748
      20
6797.91085988554
      42
0
      10
10750.3513977746
      20
6799.35129754501
      42
0
      10
10749.7516983747
      20
6797.44923333547
      42
0
      10
10749.0215709483
      20
6794.26152688825
      42
0
      10
10748.8882249718
      20
6794.27381076207
      42
0
      10
10748.763026496
      20
6794.29619025164
      42
0
      10
10748.6456647899
      20
6794.3281647973
      42
0
      10
10748.5358291133
      20
6794.36923383283
      42
0
      10
10748.433208726
      20
6794.41889679795
      42
0
      10
10748.2483708765
      20
6794.54200226949
      42
0
      10
10748.0886653434
      20
6794.69347672456
      42
0
      10
10747.9516062275
      20
6794.86931565778
      42
0
      10
10747.7830416841
      20
6795.16999763031
      42
0
      10
10747.3945970139
      20
6796.56052175733
      42
0
      10
10747.3269896792
      20
6796.88752598899
      42
0
      10
10746.1129082228
      20
6796.79912159379
      42
0
      10
10745.2018557501
      20
6793.95933177788
      42
0
      10
10745.0658398654
      20
6793.92750258362
      42
0
      10
10744.9325528307
      20
6793.90649009533
      42
0
      10
10744.8021652507
      20
6793.89591737492
      42
0
      10
10744.6748477503
      20
6793.89540748432
      42
0
      10
10744.4301054392
      20
6793.92306843659
      42
0
      10
10744.1996908279
      20
6793.98645743696
      42
0
      10
10743.9849688583
      20
6794.08255896604
      42
0
      10
10743.7873044569
      20
6794.20835751516
      42
0
      10
10743.6080625635
      20
6794.36083756892
      42
0
      10
10743.4486080998
      20
6794.53698361097
      42
0
      10
10743.3103060063
      20
6794.73378012803
      42
0
      10
10743.1454993506
      20
6795.06109810585
      42
0
      10
10743.0359632783
      20
6795.41791738562
      42
0
      10
10742.9863044277
      20
6795.79406060027
      42
0
      10
10742.988738548
      20
6796.05053241047
      42
0
      10
10744.8662305135
      20
6798.67874783684
      42
0
      10
10741.3146087105
      20
6798.65217238698
      42
0
      10
10741.0748946108
      20
6799.74353475755
      42
0
      10
10745.3943023113
      20
6799.92918274743
      42
0
      10
10742.1283148941
      20
6801.46253849302
      42
0
      10
10738.4991204428
      20
6800.71179227191
      42
0
      10
10738.5468183302
      20
6800.86510206176
      42
0
      10
10738.6025591797
      20
6801.01028126736
      42
0
      10
10738.6659933034
      20
6801.14759616597
      42
0
      10
10738.8145426174
      20
6801.39969809617
      42
0
      10
10738.9896687752
      20
6801.62353798833
      42
0
      10
10739.1885742595
      20
6801.82124598157
      42
0
      10
10739.4084615709
      20
6801.99495221749
      42
0
      10
10739.7715139172
      20
6802.21516794747
      42
0
      10
10740.4418789389
      20
6802.49236233606
      42
0
      10
10741.8700409555
      20
6802.82970208119
      42
0
      10
10740.9947593435
      20
6803.70272328891
      42
0
      10
10739.701624695
      20
6804.55078471414
      42
0
      10
10738.123663936
      20
6805.17695749451
      42
0
      10
10738.0167595929
      20
6805.19719771897
      42
0
      10
10737.9143040947
      20
6805.2074061998
      42
0
      10
10737.7220840072
      20
6805.19968843392
      42
0
      10
10737.545692362
      20
6805.15772519781
      42
0
      10
10737.3838178502
      20
6805.08543748935
      42
0
      10
10737.1653572088
      20
6804.92872470335
      42
0
      10
10736.7998725698
      20
6804.49000907201
      42
0
      10
10736.2307310473
      20
6803.48195157477
      42
0
      10
10736.0763232326
      20
6803.43768614727
      42
0
      10
10735.9295482922
      20
6803.38491228777
      42
0
      10
10735.7900569141
      20
6803.3240455492
      42
0
      10
10735.5315276149
      20
6803.17969564505
      42
0
      10
10735.2979408632
      20
6803.00796084918
      42
0
      10
10735.0865021713
      20
6802.81216557472
      42
0
      10
10734.8047588349
      20
6802.48063141784
      42
0
      10
10733.7191279991
      20
6800.51581486261
      42
0
      10
10733.5754736672
      20
6800.26225757109
      42
0
      10
10735.6601644673
      20
6798.68791063593
      42
0
      10
10734.6995938804
      20
6798.08131807304
      42
0
      10
10734.096531287
      20
6797.46354801541
      42
0
      10
10733.7037845682
      20
6796.83571590377
      42
0
      10
10733.4778039667
      20
6796.24512871795
      42
0
      10
10733.4157283226
      20
6795.99209403445
      42
0
      10
10734.6213840828
      20
6796.79755623079
      42
0
      10
10734.9556049569
      20
6796.91836925505
      42
0
      10
10735.1671229505
      20
6796.92596239374
      42
0
      10
10735.3138845759
      20
6796.89678371874
      42
0
      10
10735.4017987352
      20
6796.79346266775
      42
0
      10
10735.474290787
      20
6796.68836235251
      42
0
      10
10735.5320278787
      20
6796.58174698109
      42
0
      10
10735.5756771671
      20
6796.47388077518
      42
0
      10
10735.6059058135
      20
6796.36502794319
      42
0
      10
10735.6233809585
      20
6796.25545270276
      42
0
      10
10735.6287697666
      20
6796.14541927129
      42
0
      10
10735.6227393852
      20
6796.03519185252
      42
0
      10
10735.5790896736
      20
6795.81521194109
      42
0
      10
10735.4977690639
      20
6795.59762667207
      42
0
      10
10735.3841147733
      20
6795.38454977358
      42
0
      10
10735.1646829053
      20
6795.0780113596
      42
0
      10
10734.6156457867
      20
6794.53816872205
      42
0
      10
10734.1315193111
      20
6794.19679775357
      42
0
      10
10734.0397985313
      20
6794.1435302645
      42
0
      10
10731.2924482961
      20
6796.07392523046
      42
0
      10
10730.5768140141
      20
6796.85049775145
      42
0
      10
10730.1725123335
      20
6797.4322854268
      42
0
      10
10730.2162225533
      20
6797.55009369434
      42
0
      10
10730.2676661599
      20
6797.65617745687
      42
0
      10
10730.3264122138
      20
6797.75112703398
      42
0
      10
10730.3920297785
      20
6797.8355327558
      42
0
      10
10730.4640879167
      20
6797.90998494411
      42
0
      10
10730.5421556777
      20
6797.9750739179
      42
0
      10
10730.7145963465
      20
6798.07952354125
      42
0
      10
10730.9059042615
      20
6798.15360420873
      42
0
      10
10731.2207007804
      20
6798.21811410472
      42
0
      10
10732.701886593
      20
6798.2196784463
      42
0
      10
10733.005211494
      20
6798.2456198177
      42
0
      10
10732.6798427092
      20
6799.06933747501
      42
0
      10
10730.9270530264
      20
6801.18991556129
      42
0
      10
10731.3528849115
      20
6802.11904020368
      42
0
      10
10728.4514336635
      20
6802.4139824868
      42
0
      10
10729.4908394982
      20
6804.60241151948
      42
0
      10
10726.0377472266
      20
6804.13263460632
      42
0
      10
10726.7682569621
      20
6806.56023728756
      42
0
      10
10723.6914114279
      20
6804.21932920326
      42
0
      10
10723.7108822019
      20
6806.2741167399
      42
0
      10
10723.4941035384
      20
6806.06276677838
      42
0
      10
10723.2869916639
      20
6805.8453016833
      42
0
      10
10722.8993705392
      20
6805.39352368556
      42
0
      10
10722.5432233201
      20
6804.92177796411
      42
0
      10
10722.0575258922
      20
6804.18327194548
      42
0
      10
10720.1090655703
      20
6800.52900417785
      42
0
      10
10719.4975443823
      20
6799.51638098279
      42
0
      10
10719.1586698658
      20
6799.03028768526
      42
0
      10
10715.28722989
      20
6799.66193419787
      42
0
      10
10715.7667047796
      20
6801.24951612518
      42
0
      10
10712.9325683747
      20
6799.12116402088
      42
0
      10
10712.8094502596
      20
6799.24830528795
      42
0
      10
10712.6832644095
      20
6799.35935801593
      42
0
      10
10712.5541738032
      20
6799.45511887718
      42
0
      10
10712.4223414033
      20
6799.53638457218
      42
0
      10
10712.2879301917
      20
6799.60395177509
      42
0
      10
10712.1511031375
      20
6799.65861718147
      42
0
      10
10712.0120232143
      20
6799.70117747076
      42
0
      10
10711.8708533932
      20
6799.73242932643
      42
0
      10
10711.5828959582
      20
6799.76419451131
      42
0
      10
10711.2885346119
      20
6799.76028620949
      42
0
      10
10710.6858153324
      20
6799.67094312837
      42
0
      10
10708.8595571874
      20
6799.20959328834
      42
0
      10
10708.7121463061
      20
6799.18740266317
      42
0
      10
10709.1876158145
      20
6801.24512897857
      42
0
      10
10707.3018557146
      20
6800.22676770568
      42
0
      10
10708.6145350201
      20
6803.7899208932
      42
0
      10
10709.1215433233
      20
6804.64682059708
      42
0
      10
10709.6090837248
      20
6805.28816370493
      42
0
      10
10709.744008428
      20
6805.44137450204
      42
0
      10
10709.559821485
      20
6805.39037807943
      42
0
      10
10709.3820767131
      20
6805.3303889476
      42
0
      10
10709.0446135209
      20
6805.18528481463
      42
0
      10
10708.7290185314
      20
6805.00976657384
      42
0
      10
10708.4326914185
      20
6804.80753871928
      42
0
      10
10708.0186398231
      20
6804.46221996014
      42
0
      10
10706.0814203384
      20
6802.2624825531
      42
0
      10
10705.8304115346
      20
6802.00346180748
      42
0
      10
10705.3736791565
      20
6806.60666705677
      42
0
      10
10701.5253773959
      20
6801.38034195123
      42
0
      10
10699.2136998879
      20
6804.88896806053
      42
0
      10
10698.5417077429
      20
6805.5666548219
      42
0
      10
10698.2452695938
      20
6805.81370386958
      42
0
      10
10698.5010414233
      20
6803.70364895564
      42
0
      10
10698.5396862757
      20
6803.6346158531
      42
0
      10
10699.2906069819
      20
6801.87381209534
      42
0
      10
10700.0005192689
      20
6798.81752617252
      42
0
      10
10697.943853719
      20
6799.71126523837
      42
0
      10
10696.5786659251
      20
6800.57767906951
      42
0
      10
10695.6478823346
      20
6801.36242317764
      42
0
      10
10695.0788798257
      20
6801.95509683962
      42
0
      10
10695.9721761866
      20
6803.07375830782
      42
0
      10
10691.9491748738
      20
6803.49064076721
      42
0
      10
10691.5872627803
      20
6804.74929889094
      42
0
      10
10689.1082585429
      20
6803.46635199438
      42
0
      10
10688.5946437641
      20
6803.33929732395
      42
0
      10
10688.1898127089
      20
6803.29764644192
      42
0
      10
10688.0505375456
      20
6803.29555841813
      42
0
      10
10687.7499502154
      20
6801.69616652576
      42
0
      10
10685.2153459077
      20
6803.2366640429
      42
0
      10
10685.9909964036
      20
6804.25049390097
      42
0
      10
10685.3053203464
      20
6804.40150487722
      42
0
      10
10684.4914600119
      20
6804.43741193231
      42
0
      10
10683.4285720003
      20
6804.2647748791
      42
0
      10
10682.1500873882
      20
6803.74750034465
      42
0
      10
10683.2837890953
      20
6806.97709461385
      42
0
      10
10680.7018875296
      20
6806.69081651057
      42
0
      10
10680.563219644
      20
6806.76988189074
      42
0
      10
10680.4282695953
      20
6806.83186944696
      42
0
      10
10680.2969049651
      20
6806.87760431213
      42
0
      10
10680.168993324
      20
6806.90791160855
      42
0
      10
10680.044402237
      20
6806.92361646445
      42
0
      10
10679.9229992802
      20
6806.92554401088
      42
0
      10
10679.8046520173
      20
6806.91451937447
      42
0
      10
10679.6892280165
      20
6806.89136768316
      42
0
      10
10679.576594861
      20
6806.85691406393
      42
0
      10
10679.3591713348
      20
6806.75740154467
      42
0
      10
10679.1513219971
      20
6806.62258284683
      42
0
      10
10678.8551820745
      20
6806.36859544207
      42
0
      10
10677.7906921379
      20
6805.15234859244
      42
0
      10
10677.7060654453
      20
6805.06513320152
      42
0
      10
10677.2577145659
      20
6807.06936064888
      42
0
      10
10677.1476996888
      20
6807.03756609745
      42
0
      10
10677.0463302664
      20
6806.9992783853
      42
0
      10
10676.8680370732
      20
6806.90450846493
      42
0
      10
10676.7198535692
      20
6806.78762082782
      42
0
      10
10676.5987983045
      20
6806.65118540613
      42
0
      10
10676.4615589985
      20
6806.41550191823
      42
0
      10
10676.3098220165
      20
6805.86422862901
      42
0
      10
10676.2155691122
      20
6804.68491577645
      42
0
      10
10673.1036827946
      20
6804.11429555802
      42
0
      10
10674.5163675417
      20
6803.18859038202
      42
0
      10
10673.942085934
      20
6802.74225264909
      42
0
      10
10673.4311890227
      20
6802.10972295293
      42
0
      10
10673.0477003066
      20
6801.26458711465
      42
0
      10
10672.8669754873
      20
6800.31848159167
      42
0
      10
10673.5526392177
      20
6800.93170723486
      42
0
      10
10674.099246962
      20
6801.24733946655
      42
0
      10
10674.5642231809
      20
6801.40639865148
      42
0
      10
10674.9262996639
      20
6801.46242598032
      42
0
      10
10675.2978082847
      20
6801.45796972629
      42
0
      10
10675.5498292814
      20
6801.41861705214
      42
0
      10
10675.8047050969
      20
6801.34821300205
      42
0
      10
10676.0619008477
      20
6801.24508966455
      42
0
      10
10676.1912015378
      20
6801.18073704137
      42
0
      10
10676.0942616763
      20
6800.90965696795
      42
0
      10
10676.033709293
      20
6800.64228461268
      42
0
      10
10676.0053856145
      20
6800.37808870162
      42
0
      10
10676.0142316013
      20
6799.98658848359
      42
0
      10
10676.5486120573
      20
6797.92507785649
      42
0
      10
10676.6509985562
      20
6797.39630554032
      42
0
      10
10676.4663384399
      20
6797.43087908137
      42
0
      10
10676.2855584079
      20
6797.47756246447
      42
0
      10
10676.1083329574
      20
6797.53520771863
      42
0
      10
10675.7632437726
      20
6797.67879190225
      42
0
      10
10675.1013980705
      20
6798.04699155943
      42
0
      10
10673.6551563133
      20
6798.93468427751
      42
0
      10
10673.3239351354
      20
6799.07995024958
      42
0
      10
10673.1550304944
      20
6799.13860457028
      42
0
      10
10672.9834958039
      20
6799.18640914544
      42
0
      10
10672.8090055619
      20
6799.22221599702
      42
0
      10
10672.6312342567
      20
6799.24487713511
      42
0
      10
10672.449856392
      20
6799.25324459413
      42
0
      10
10672.2645464493
      20
6799.24617038355
      42
0
      10
10672.0749789273
      20
6799.22250652816
      42
0
      10
10671.8808283216
      20
6799.18110504518
      42
0
      10
10671.6817691224
      20
6799.12081796221
      42
0
      10
10670.81641179
      20
6800.36592295054
      42
0
      10
10670.5054743751
      20
6800.49862540954
      42
0
      10
10670.4339907667
      20
6800.51379419118
      42
0
      10
10670.2876804001
      20
6800.54894006841
      42
0
      10
10670.1431406378
      20
6800.57361080968
      42
0
      10
10669.8593615788
      20
6800.59326290391
      42
0
      10
10669.5826308379
      20
6800.5762225697
      42
0
      10
10669.3129256847
      20
6800.52596190533
      42
0
      10
10668.9214911795
      20
6800.39587799116
      42
0
      10
10668.423955824
      20
6800.13856782368
      42
0
      10
10666.8994709248
      20
6798.86599618274
      42
0
      10
10667.0300736112
      20
6799.89920948365
      42
0
      10
10667.27690648
      20
6800.89899619735
      42
0
      10
10667.7159577513
      20
6802.04838980171
      42
0
      10
10668.2985935126
      20
6803.13563756216
      42
0
      10
10669.1425004461
      20
6804.31535168829
      42
0
      10
10667.9149829457
      20
6803.608621201
      42
0
      10
10667.1218587639
      20
6803.00488520113
      42
0
      10
10666.5496840787
      20
6802.45832147622
      42
0
      10
10666.0416626
      20
6801.85220051228
      42
0
      10
10665.7076077541
      20
6801.35683382502
      42
0
      10
10665.417593006
      20
6800.82519824792
      42
0
      10
10665.1750271642
      20
6800.25610751841
      42
0
      10
10663.0986093106
      20
6802.5714155859
      42
0
      10
10662.6668963857
      20
6800.22651189403
      42
0
      10
10661.1641097273
      20
6800.66223252118
      42
0
      10
10661.003406959
      20
6796.9701986438
      42
0
      10
10658.0148516739
      20
6798.6869942076
      42
0
      10
10655.083845807
      20
6800.50874473305
      42
0
      10
10652.7882362164
      20
6802.0441130498
      42
0
      10
10650.5427602906
      20
6803.65076738131
      42
0
      10
10648.8951100105
      20
6804.90363972456
      42
0
      10
10647.2814795546
      20
6806.19841069415
      42
0
      10
10645.7043630576
      20
6807.53585182494
      42
0
      10
10644.6744692596
      20
6808.45156589229
      42
0
      10
10706.3987539701
      20
6808.52562357849
      42
0
    1001
FS_CYPCUT
    1000
Channel
    1070
1
    1000
LeadIn
    1002
{
    1070
0
    1040
0
    1040
0
    1040
0
    1040
0
    1070
0
    1040
0
    1070
0
    1002
}
    1000
LeadOut
    1002
{
    1070
0
    1040
0
    1040
0
    1040
0
    1070
0
    1002
}
    1000
IsFill
    1070
0
    1000
PathStart
    1040
0
    1000
ToolCompensation
    1002
{
    1070
0
    1040
0
    1070
0
    1002
}
       0
LWPOLYLINE
       5
200C
     100
AcDbEntity
       8
1
     100
AcDbPolyline
      90
99
      70
1
      10
10773.6847902294
      20
6848.69626677574
      42
0
      10
10773.442352278
      20
6851.53436782033
      42
0
      10
10772.8848127758
      20
6854.32577464956
      42
0
      10
10772.3120176346
      20
6856.04530424635
      42
0
      10
10771.063258971
      20
6859.4557803099
      42
0
      10
10770.4714039052
      20
6860.78760525738
      42
0
      10
10769.9719109962
      20
6861.75446028659
      42
0
      10
10769.6071522763
      20
6862.37877478229
      42
0
      10
10769.2136934173
      20
6862.98376695252
      42
0
      10
10768.788714964
      20
6863.56676430979
      42
0
      10
10768.5635248078
      20
6863.84917978565
      42
0
      10
10768.3293974523
      20
6864.12509437034
      42
0
      10
10768.0859804662
      20
6864.39417401222
      42
0
      10
10767.8329214167
      20
6864.65608464424
      42
0
      10
10767.5698678691
      20
6864.91049220731
      42
0
      10
10767.2964673904
      20
6865.15706263963
      42
0
      10
10767.042062053
      20
6865.38216962479
      42
0
      10
10766.7801306319
      20
6865.58978117784
      42
0
      10
10766.5110760886
      20
6865.78080476193
      42
0
      10
10766.2353013832
      20
6865.95614782964
      42
0
      10
10765.9532094904
      20
6866.11671784536
      42
0
      10
10765.6652033602
      20
6866.26342225798
      42
0
      10
10765.3716859818
      20
6866.39716852943
      42
0
      10
10765.0730602972
      20
6866.51886412345
      42
0
      10
10764.7697292804
      20
6866.6294164861
      42
0
      10
10764.1505631151
      20
6866.82072136636
      42
0
      10
10763.5174111954
      20
6866.97834283376
      42
0
      10
10762.5485119208
      20
6867.16749913721
      42
0
      10
10758.9645392246
      20
6867.74836899987
      42
0
      10
10758.33555522
      20
6867.89787093203
      42
0
      10
10757.9058041952
      20
6868.00480158362
      42
0
      10
10757.0430714795
      20
6868.18799869229
      42
0
      10
10756.1764677657
      20
6868.33458150628
      42
0
      10
10754.8704500098
      20
6868.49701605037
      42
0
      10
10753.1204338777
      20
6868.63328383109
      42
0
      10
10746.9752011718
      20
6868.95250790999
      42
0
      10
10745.6659709855
      20
6869.10335866343
      42
0
      10
10745.5101258998
      20
6848.69279724186
      42
0
      10
10745.3574238085
      20
6844.64447586502
      42
0
      10
10745.2296089403
      20
6831.91105462135
      42
0
      10
10745.0790729998
      20
6814.70237912357
      42
0
      10
10757.7422657878
      20
6813.79974934895
      42
0
      10
10757.5619864682
      20
6823.76643984616
      42
0
      10
10757.4477005977
      20
6825.86618922259
      42
0
      10
10757.0659487569
      20
6846.41781931476
      42
0
      10
10756.9303235744
      20
6852.6643648897
      42
0
      10
10757.0081837088
      20
6853.97361325846
      42
0
      10
10757.129034081
      20
6854.95217408213
      42
0
      10
10757.2456326048
      20
6855.60260296332
      42
0
      10
10757.3159995495
      20
6855.92716637704
      42
0
      10
10759.5726402458
      20
6855.06077524313
      42
0
      10
10760.389000206
      20
6854.71437763446
      42
0
      10
10760.7757959253
      20
6854.51414429
      42
0
      10
10761.1418925202
      20
6854.28937331945
      42
0
      10
10761.3156685727
      20
6854.16625936424
      42
0
      10
10761.4824577652
      20
6854.03517877373
      42
0
      10
10761.6416560619
      20
6853.89552079781
      42
0
      10
10761.7926594362
      20
6853.74667469971
      42
0
      10
10761.9348638713
      20
6853.58802973275
      42
0
      10
10762.0676653311
      20
6853.41897515113
      42
0
      10
10762.1904597851
      20
6853.23890021683
      42
0
      10
10762.3026432177
      20
6853.04719418067
      42
0
      10
10762.403611587
      20
6852.84324630345
      42
0
      10
10762.492760882
      20
6852.62644583685
      42
0
      10
10763.0485116167
      20
6849.69784300418
      42
0
      10
10763.0922814299
      20
6849.01326832322
      42
0
      10
10763.0783396967
      20
6848.33338135569
      42
0
      10
10763.0308940225
      20
6847.88459115973
      42
0
      10
10762.9486649441
      20
6847.44067963721
      42
0
      10
10762.8933648991
      20
6847.22090278478
      42
0
      10
10762.8279989269
      20
6847.00276488211
      42
0
      10
10762.7521103439
      20
6846.78640569668
      42
0
      10
10762.6652424507
      20
6846.5719649931
      42
0
      10
10762.566938558
      20
6846.35958252553
      42
0
      10
10762.4567419764
      20
6846.1493980592
      42
0
      10
10762.2065333907
      20
6845.85748492668
      42
0
      10
10761.9358282814
      20
6845.59789024264
      42
0
      10
10761.646507009
      20
6845.36881930081
      42
0
      10
10761.340449926
      20
6845.1684774101
      42
0
      10
10761.0195373905
      20
6844.99506986392
      42
0
      10
10760.5144278853
      20
6844.78153454189
      42
0
      10
10759.8065044659
      20
6844.57434045915
      42
0
      10
10758.5151468805
      20
6844.38462396326
      42
0
      10
10758.8399325639
      20
6830.51207857278
      42
0
      10
10760.7636136943
      20
6830.71904238425
      42
0
      10
10763.0284951419
      20
6831.30058770088
      42
0
      10
10765.043251648
      20
6832.24961571146
      42
0
      10
10769.1187599072
      20
6835.39637614897
      42
0
      10
10769.4105905592
      20
6835.61598010743
      42
0
      10
10769.9446591632
      20
6836.10187090603
      42
0
      10
10770.5305166951
      20
6836.78302446053
      42
0
      10
10772.141932079
      20
6839.60376316307
      42
0
      10
10772.2770369118
      20
6839.89808087431
      42
0
      10
10772.4017630467
      20
6840.1949930883
      42
0
      10
10772.5166136498
      20
6840.49436403196
      42
0
      10
10772.7187009313
      20
6841.09993907352
      42
0
      10
10772.8873240796
      20
6841.71371990015
      42
0
      10
10773.0265084228
      20
6842.33462041465
      42
0
      10
10773.188892593
      20
6843.27694476282
      42
0
    1001
FS_CYPCUT
    1000
Channel
    1070
1
    1000
LeadIn
    1002
{
    1070
0
    1040
0
    1040
0
    1040
0
    1040
0
    1070
0
    1040
0
    1070
0
    1002
}
    1000
LeadOut
    1002
{
    1070
0
    1040
0
    1040
0
    1040
0
    1070
0
    1002
}
    1000
IsFill
    1070
0
    1000
PathStart
    1040
0
    1000
ToolCompensation
    1002
{
    1070
0
    1040
0
    1070
0
    1002
}
       0
LWPOLYLINE
       5
200D
     100
AcDbEntity
       8
1
     100
AcDbPolyline
      90
125
      70
1
      10
10735.7959816089
      20
6829.67433496908
      42
0
      10
10730.8993039612
      20
6832.84269103975
      42
0
      10
10727.5897561902
      20
6836.78780761127
      42
0
      10
10727.3349294843
      20
6837.21421212736
      42
0
      10
10726.9998325924
      20
6837.8767225871
      42
0
      10
10726.7184578138
      20
6838.5630404859
      42
0
      10
10726.4875992529
      20
6839.26902921681
      42
0
      10
10726.2528275764
      20
6840.23379687295
      42
0
      10
10726.0417479645
      20
6841.71127995494
      42
0
      10
10725.9837583176
      20
6843.68639850191
      42
0
      10
10726.1275256917
      20
6844.14169264648
      42
0
      10
10726.2853097206
      20
6844.59214066234
      42
0
      10
10726.4568298654
      20
6845.03744729872
      42
0
      10
10726.6418056072
      20
6845.47731729679
      42
0
      10
10726.8399564196
      20
6845.91145539117
      42
0
      10
10727.0510017768
      20
6846.33956633762
      42
0
      10
10727.2746611373
      20
6846.76135486986
      42
0
      10
10727.5106539883
      20
6847.17652573125
      42
0
      10
10727.7586998011
      20
6847.58478366603
      42
0
      10
10728.0185180362
      20
6847.98583341475
      42
0
      10
10728.2898281762
      20
6848.37937972323
      42
0
      10
10728.5723496898
      20
6848.7651273286
      42
0
      10
10728.8658020541
      20
6849.1427809804
      42
0
      10
10729.1699047411
      20
6849.51204541482
      42
0
      10
10729.4843772153
      20
6849.87262537617
      42
0
      10
10729.8089389497
      20
6850.22422561083
      42
0
      10
10730.1433094263
      20
6850.56655085818
      42
0
      10
10730.4872081111
      20
6850.89930586022
      42
0
      10
10730.8403544826
      20
6851.22219536065
      42
0
      10
10731.2024680045
      20
6851.53492409972
      42
0
      10
10731.5732681483
      20
6851.83719682105
      42
0
      10
10731.952474395
      20
6852.12871826891
      42
0
      10
10732.3398062147
      20
6852.40919318386
      42
0
      10
10732.7349830762
      20
6852.67832631323
      42
0
      10
10733.1377244574
      20
6852.93582238643
      42
0
      10
10733.5477498226
      20
6853.1813861589
      42
0
      10
10733.9647786489
      20
6853.41472237272
      42
0
      10
10734.3885304126
      20
6853.6355357641
      42
0
      10
10734.8187245785
      20
6853.84353108039
      42
0
      10
10734.8820715552
      20
6853.87775030483
      42
0
      10
10735.5045956031
      20
6854.43697424712
      42
0
      10
10735.6989065928
      20
6854.83768064998
      42
0
      10
10735.7312993446
      20
6855.12148019786
      42
0
      10
10735.691530134
      20
6855.33629861999
      42
0
      10
10735.6302049014
      20
6855.47821365093
      42
0
      10
10735.538350523
      20
6855.61770036777
      42
0
      10
10730.919192065
      20
6864.86432937511
      42
0
      10
10730.6939628627
      20
6864.86802369966
      42
0
      10
10730.2526633821
      20
6864.84825445909
      42
0
      10
10729.8233792823
      20
6864.79399247529
      42
0
      10
10729.4058747379
      20
6864.70729906804
      42
0
      10
10728.999913915
      20
6864.59023557019
      42
0
      10
10728.6052609894
      20
6864.44486330738
      42
0
      10
10728.0339680332
      20
6864.17823513101
      42
0
      10
10727.4867912971
      20
6863.85950720168
      42
0
      10
10726.7933607806
      20
6863.36551696707
      42
0
      10
10725.5233281866
      20
6862.20273749262
      42
0
      10
10725.0028551316
      20
6861.7939318481
      42
0
      10
10724.4979688804
      20
6861.36931693494
      42
0
      10
10724.00862203
      20
6860.92943890278
      42
0
      10
10723.5347671752
      20
6860.47484391306
      42
0
      10
10723.0763569199
      20
6860.00607812666
      42
0
      10
10722.6333438637
      20
6859.52368769164
      42
0
      10
10722.2056805877
      20
6859.02821878163
      42
0
      10
10721.7933197015
      20
6858.52021753851
      42
0
      10
10721.3962138052
      20
6858.00023012216
      42
0
      10
10721.0143154818
      20
6857.46880269968
      42
0
      10
10720.6475773436
      20
6856.92648142536
      42
0
      10
10720.2959519806
      20
6856.37381245165
      42
0
      10
10719.9593919913
      20
6855.81134194098
      42
0
      10
10719.6378499741
      20
6855.23961604326
      42
0
      10
10719.3312785264
      20
6854.65918092931
      42
0
      10
10719.0396302405
      20
6854.07058274479
      42
0
      10
10718.7628577193
      20
6853.47436765109
      42
0
      10
10718.5009135548
      20
6852.87108181095
      42
0
      10
10718.2537503487
      20
6852.26127137311
      42
0
      10
10718.0213206992
      20
6851.64548250336
      42
0
      10
10717.8035772002
      20
6851.02426135385
      42
0
      10
10717.6004724452
      20
6850.39815408573
      42
0
      10
10717.4119590426
      20
6849.76770685396
      42
0
      10
10717.2379895797
      20
6849.13346581503
      42
0
      10
10717.0785166587
      20
6848.49597713004
      42
0
      10
10716.9334928743
      20
6847.85578695619
      42
0
      10
10716.8028708281
      20
6847.21344144805
      42
0
      10
10716.6866031121
      20
6846.56948677051
      42
0
      10
10716.5846423233
      20
6845.92446906827
      42
0
      10
10716.4267003612
      20
6848.50218777171
      42
0
      10
10716.2960861437
      20
6864.64032997885
      42
0
      10
10715.9413579038
      20
6864.68957082138
      42
0
      10
10715.2320291793
      20
6864.76566426588
      42
0
      10
10714.1683761588
      20
6864.8289907459
      42
0
      10
10712.7508648188
      20
6864.8330132363
      42
0
      10
10706.0311070437
      20
6864.24813946091
      42
0
      10
10706.1543359081
      20
6820.27118383709
      42
0
      10
10706.4997169283
      20
6820.14457370918
      42
0
      10
10706.8462965017
      20
6820.0342272391
      42
0
      10
10707.194002612
      20
6819.93937346629
      42
0
      10
10707.5427632367
      20
6819.85924141722
      42
0
      10
10707.8925063491
      20
6819.79306012548
      42
0
      10
10708.2431599252
      20
6819.74005861659
      42
0
      10
10708.5946519449
      20
6819.69946592444
      42
0
      10
10708.9469103849
      20
6819.67051108296
      42
0
      10
10709.2998632205
      20
6819.6524231164
      42
0
      10
10710.0075639927
      20
6819.64576393781
      42
0
      10
10710.7171780848
      20
6819.67332064123
      42
0
      10
10711.7839262699
      20
6819.76531850516
      42
0
      10
10716.3938279953
      20
6820.38541537038
      42
0
      10
10716.4979428726
      20
6837.40131408336
      42
0
      10
10716.7892027631
      20
6836.34796394373
      42
0
      10
10717.7000281335
      20
6833.56075719462
      42
0
      10
10718.2541409858
      20
6832.20382683476
      42
0
      10
10718.724079431
      20
6831.21303310782
      42
0
      10
10719.2469911185
      20
6830.25150547683
      42
0
      10
10719.6278659393
      20
6829.62950399273
      42
0
      10
10720.0365406105
      20
6829.02464665362
      42
0
      10
10720.4747175979
      20
6828.43858825026
      42
0
      10
10720.9440993756
      20
6827.87298359195
      42
0
      10
10728.2180580714
      20
6820.64585576499
      42
0
      10
10728.311095998
      20
6820.55410875991
      42
0
      10
10728.8166869705
      20
6820.15314746623
      42
0
      10
10729.378447164
      20
6819.85453054743
      42
0
      10
10729.9811497556
      20
6819.66651460767
      42
0
      10
10730.6095679362
      20
6819.59735624055
      42
0
      10
10731.1205852583
      20
6819.6331554228
      42
0
      10
10731.6305192608
      20
6819.75453504804
      42
0
    1001
FS_CYPCUT
    1000
Channel
    1070
1
    1000
LeadIn
    1002
{
    1070
0
    1040
0
    1040
0
    1040
0
    1040
0
    1070
0
    1040
0
    1070
0
    1002
}
    1000
LeadOut
    1002
{
    1070
0
    1040
0
    1040
0
    1040
0
    1070
0
    1002
}
    1000
IsFill
    1070
0
    1000
PathStart
    1040
0
    1000
ToolCompensation
    1002
{
    1070
0
    1040
0
    1070
0
    1002
}
       0
LWPOLYLINE
       5
200E
     100
AcDbEntity
       8
1
     100
AcDbPolyline
      90
76
      70
1
      10
10703.2402976505
      20
6862.54270404521
      42
0
      10
10703.2363897436
      20
6862.88550726429
      42
0
      10
10703.2200065275
      20
6863.06092892244
      42
0
      10
10694.2000043572
      20
6865.9375397313
      42
0
      10
10691.8686551518
      20
6862.30818452935
      42
0
      10
10691.6984225162
      20
6862.05552985623
      42
0
      10
10691.3791633102
      20
6861.54014453962
      42
0
      10
10690.9480029022
      20
6860.74445611325
      42
0
      10
10690.4474125216
      20
6859.64855450546
      42
0
      10
10688.5616432901
      20
6854.22266855443
      42
0
      10
10688.4648299592
      20
6853.95094224738
      42
0
      10
10688.2968727151
      20
6853.40272127813
      42
0
      10
10688.1616600088
      20
6852.84884964516
      42
0
      10
10688.057414174
      20
6852.29017593355
      42
0
      10
10687.9823575364
      20
6851.72754871694
      42
0
      10
10687.9206136938
      20
6850.87805135129
      42
0
      10
10687.9145462129
      20
6850.02443185798
      42
0
      10
10688.0118637325
      20
6848.60035109711
      42
0
      10
10688.4461115618
      20
6846.07052147949
      42
0
      10
10688.5292064264
      20
6845.76098387039
      42
0
      10
10688.7174901626
      20
6845.14931828475
      42
0
      10
10689.1640358517
      20
6843.94952742457
      42
0
      10
10690.9097819466
      20
6839.81448560117
      42
0
      10
10691.2035867757
      20
6838.90252711422
      42
0
      10
10691.3629076964
      20
6838.28258383911
      42
0
      10
10691.486856845
      20
6837.65103105846
      42
0
      10
10691.5339243329
      20
6837.33035662038
      42
0
      10
10691.8554480583
      20
6834.93291799341
      42
0
      10
10691.9256117556
      20
6832.34906116522
      42
0
      10
10691.8909084989
      20
6831.99431479818
      42
0
      10
10691.8436594958
      20
6831.64353623413
      42
0
      10
10691.7844908996
      20
6831.2965374708
      42
0
      10
10691.7140288296
      20
6830.95313049938
      42
0
      10
10691.6328994264
      20
6830.61312730522
      42
0
      10
10691.441143162
      20
6829.9425802186
      42
0
      10
10691.2142311837
      20
6829.28339213536
      42
0
      10
10690.9571725637
      20
6828.63405898471
      42
0
      10
10690.5260170368
      20
6827.67524709743
      42
0
      10
10688.1135440107
      20
6822.98536027008
      42
0
      10
10688.371077608
      20
6822.77185159213
      42
0
      10
10688.8973378418
      20
6822.36416774696
      42
0
      10
10689.7122479663
      20
6821.79680243036
      42
0
      10
10690.8395358089
      20
6821.11106288879
      42
0
      10
10696.5190858088
      20
6818.43110840949
      42
0
      10
10696.7768722582
      20
6818.62073686822
      42
0
      10
10697.022548602
      20
6818.81948947117
      42
0
      10
10697.2566330643
      20
6819.02693765085
      42
0
      10
10697.4796438487
      20
6819.24265283856
      42
0
      10
10697.6920991604
      20
6819.46620646626
      42
0
      10
10697.8945172181
      20
6819.69716996243
      42
0
      10
10698.0874162396
      20
6819.93511475901
      42
0
      10
10698.2713144161
      20
6820.17961228761
      42
0
      10
10698.6141811335
      20
6820.68655125764
      42
0
      10
10698.9272630414
      20
6821.21455832302
      42
0
      10
10699.3501081008
      20
6822.03857164029
      42
0
      10
10700.9717354899
      20
6826.0687452278
      42
0
      10
10701.6550499759
      20
6827.87044492503
      42
0
      10
10702.3553116781
      20
6830.1773444269
      42
0
      10
10702.5186805678
      20
6831.1211306893
      42
0
      10
10702.5774770966
      20
6831.8380101662
      42
0
      10
10702.5812966313
      20
6832.3205256177
      42
0
      10
10702.5536835721
      20
6832.80689885685
      42
0
      10
10702.0027170806
      20
6837.06875853555
      42
0
      10
10700.9537274081
      20
6840.93870026601
      42
0
      10
10700.0760870535
      20
6843.18155091389
      42
0
      10
10699.1762945406
      20
6846.13982951839
      42
0
      10
10698.6810304502
      20
6848.49232579724
      42
0
      10
10698.4168245849
      20
6850.54041933988
      42
0
      10
10699.7719743641
      20
6855.13624346938
      42
0
      10
10700.4422187067
      20
6856.80049169796
      42
0
      10
10700.9777363603
      20
6857.8689583239
      42
0
      10
10701.4363250899
      20
6858.64270340868
      42
0
      10
10702.5711555088
      20
6860.51385167568
      42
0
      10
10703.0001005288
      20
6861.41480775959
      42
0
      10
10703.1457832931
      20
6861.88592304426
      42
0
      10
10703.2088475095
      20
6862.20982691734
      42
0
    1001
FS_CYPCUT
    1000
Channel
    1070
1
    1000
LeadIn
    1002
{
    1070
0
    1040
0
    1040
0
    1040
0
    1040
0
    1070
0
    1040
0
    1070
0
    1002
}
    1000
LeadOut
    1002
{
    1070
0
    1040
0
    1040
0
    1040
0
    1070
0
    1002
}
    1000
IsFill
    1070
0
    1000
PathStart
    1040
0
    1000
ToolCompensation
    1002
{
    1070
0
    1040
0
    1070
0
    1002
}
       0
LWPOLYLINE
       5
200F
     100
AcDbEntity
       8
1
     100
AcDbPolyline
      90
31
      70
1
      10
10766.9554425669
      20
6932.02079257425
      42
0
      10
10766.9234220851
      20
6932.91311036308
      42
0
      10
10766.7046781789
      20
6933.88146399652
      42
0
      10
10766.5072983773
      20
6934.26389525547
      42
0
      10
10766.3071036865
      20
6934.52031458004
      42
0
      10
10766.0559270869
      20
6934.74475870821
      42
0
      10
10765.8573645305
      20
6934.87399544798
      42
0
      10
10765.7053261709
      20
6934.93843859327
      42
0
      10
10765.2394830425
      20
6935.09283264616
      42
0
      10
10764.1130027576
      20
6935.29562379189
      42
0
      10
10762.0080488207
      20
6935.62838532635
      42
0
      10
10761.5446146929
      20
6935.79695915696
      42
0
      10
10761.2443382653
      20
6935.94474759917
      42
0
      10
10760.7867116985
      20
6935.84364863999
      42
0
      10
10760.1981861106
      20
6935.63119169929
      42
0
      10
10759.7828979505
      20
6935.41612444284
      42
0
      10
10759.3984495131
      20
6935.15545260096
      42
0
      10
10759.052457622
      20
6934.85111955239
      42
0
      10
10758.7525390878
      20
6934.50506867858
      42
0
      10
10758.5819510995
      20
6934.25215122336
      42
0
      10
10758.4374822419
      20
6933.98213205357
      42
0
      10
10758.3213893562
      20
6933.69558699276
      42
0
      10
10758.2359292669
      20
6933.39309184897
      42
0
      10
10758.1833588172
      20
6933.07522244296
      42
0
      10
10758.1820228817
      20
6932.98842866825
      42
0
      10
10758.2023463798
      20
6932.82992130978
      42
0
      10
10758.250703073
      20
6932.69061696561
      42
0
      10
10758.3239402062
      20
6932.56943095638
      42
0
      10
10758.473550078
      20
6932.41925107015
      42
0
      10
10758.8026380398
      20
6932.24417655882
      42
0
      10
10759.8699697944
      20
6932.1219750217
      42
0
    1001
FS_CYPCUT
    1000
Channel
    1070
1
    1000
LeadIn
    1002
{
    1070
0
    1040
0
    1040
0
    1040
0
    1040
0
    1070
0
    1040
0
    1070
0
    1002
}
    1000
LeadOut
    1002
{
    1070
0
    1040
0
    1040
0
    1040
0
    1070
0
    1002
}
    1000
IsFill
    1070
0
    1000
PathStart
    1040
0
    1000
ToolCompensation
    1002
{
    1070
0
    1040
0
    1070
0
    1002
}
       0
LWPOLYLINE
       5
2010
     100
AcDbEntity
       8
1
     100
AcDbPolyline
      90
65
      70
1
      10
10758.1909912199
      20
6939.998301881
      42
0
      10
10758.1875743437
      20
6940.35721465739
      42
0
      10
10758.149374344
      20
6940.71376908703
      42
0
      10
10758.0760137189
      20
6941.06459213149
      42
0
      10
10757.9671149706
      20
6941.40631076061
      42
0
      10
10757.8223006088
      20
6941.73555193095
      42
0
      10
10757.6411931299
      20
6942.04894261796
      42
0
      10
10757.5369115101
      20
6942.19863994694
      42
0
      10
10757.4234150481
      20
6942.34310977231
      42
0
      10
10750.7649697578
      20
6950.6373147667
      42
0
      10
10749.2081517883
      20
6952.81356644204
      42
0
      10
10748.347291021
      20
6953.64882930747
      42
0
      10
10748.1628893645
      20
6953.64609558803
      42
0
      10
10745.8148299203
      20
6952.87951206704
      42
0
      10
10745.7931824206
      20
6952.53863959243
      42
0
      10
10745.7889435123
      20
6952.20128403492
      42
0
      10
10745.8008392401
      20
6951.86719197585
      42
0
      10
10745.827595656
      20
6951.53610998177
      42
0
      10
10745.8679388003
      20
6951.20778464338
      42
0
      10
10745.9205947224
      20
6950.88196253523
      42
0
      10
10745.9842894641
      20
6950.55839023005
      42
0
      10
10746.1396996015
      20
6949.91698136842
      42
0
      10
10746.9481021593
      20
6947.39065396007
      42
0
      10
10747.3216777596
      20
6946.12269188915
      42
0
      10
10747.4651384182
      20
6945.48041546546
      42
0
      10
10747.5215781202
      20
6945.15631643151
      42
0
      10
10747.5661254701
      20
6944.8299056219
      42
0
      10
10747.5975065037
      20
6944.50092961303
      42
0
      10
10747.614447277
      20
6944.16913498696
      42
0
      10
10747.6156738297
      20
6943.83426831857
      42
0
      10
10747.5999122087
      20
6943.49607618704
      42
0
      10
10744.8859586366
      20
6942.17372797173
      42
0
      10
10744.9498960977
      20
6941.87456162229
      42
0
      10
10745.0275463129
      20
6941.58237723145
      42
0
      10
10745.1182712307
      20
6941.29690113044
      42
0
      10
10745.221432826
      20
6941.01785967846
      42
0
      10
10745.3363930511
      20
6940.74497921391
      42
0
      10
10745.4625138652
      20
6940.47798608231
      42
0
      10
10745.5991572291
      20
6940.21660662924
      42
0
      10
10745.7456851154
      20
6939.960567203
      42
0
      10
10745.9014594706
      20
6939.70959415345
      42
0
      10
10746.2381954423
      20
6939.22175254063
      42
0
      10
10746.6042608452
      20
6938.75089256806
      42
0
      10
10747.1971859317
      20
6938.07165423003
      42
0
      10
10749.9761256138
      20
6935.33264372429
      42
0
      10
10750.1929511495
      20
6935.12485606121
      42
0
      10
10751.299952362
      20
6934.1190614221
      42
0
      10
10751.5708390529
      20
6933.98939554705
      42
0
      10
10751.7605068688
      20
6933.93722276215
      42
0
      10
10751.9581653084
      20
6933.91760577952
      42
0
      10
10752.1644394608
      20
6933.93494937222
      42
0
      10
10752.2710027678
      20
6933.9588578701
      42
0
      10
10752.3799544137
      20
6933.99365829653
      42
0
      10
10752.4913725304
      20
6934.03990125347
      42
0
      10
10752.6812956779
      20
6934.11427851446
      42
0
      10
10753.4144941216
      20
6934.4610814156
      42
0
      10
10754.2765187605
      20
6934.99103139707
      42
0
      10
10757.1460091118
      20
6937.57174950456
      42
0
      10
10757.272691448
      20
6937.70321369937
      42
0
      10
10757.5021865745
      20
6937.98418991754
      42
0
      10
10757.6995410438
      20
6938.28641902774
      42
0
      10
10757.8643773647
      20
6938.60652801108
      42
0
      10
10757.9963180367
      20
6938.94114382033
      42
0
      10
10758.0949855703
      20
6939.28689342911
      42
0
      10
10758.1600024593
      20
6939.64040379395
      42
0
    1001
FS_CYPCUT
    1000
Channel
    1070
1
    1000
LeadIn
    1002
{
    1070
0
    1040
0
    1040
0
    1040
0
    1040
0
    1070
0
    1040
0
    1070
0
    1002
}
    1000
LeadOut
    1002
{
    1070
0
    1040
0
    1040
0
    1040
0
    1070
0
    1002
}
    1000
IsFill
    1070
0
    1000
PathStart
    1040
0
    1000
ToolCompensation
    1002
{
    1070
0
    1040
0
    1070
0
    1002
}
       0
LWPOLYLINE
       5
2011
     100
AcDbEntity
       8
1
     100
AcDbPolyline
      90
96
      70
1
      10
10739.948511468
      20
6952.93606949934
      42
0
      10
10739.9193653222
      20
6952.12231270801
      42
0
      10
10739.8358228017
      20
6951.31376242563
      42
0
      10
10739.7500177295
      20
6950.77971285786
      42
0
      10
10736.8426372761
      20
6945.19575189197
      42
0
      10
10736.1949568957
      20
6944.3925183683
      42
0
      10
10735.6312706746
      20
6943.85954108442
      42
0
      10
10735.2604830337
      20
6943.5975804682
      42
0
      10
10735.0018977071
      20
6943.45856783739
      42
0
      10
10734.7354181808
      20
6943.35451630972
      42
0
      10
10734.5995450506
      20
6943.31733102104
      42
0
      10
10734.4620907279
      20
6943.29096207599
      42
0
      10
10734.3231859851
      20
6943.27610149848
      42
0
      10
10734.1829616091
      20
6943.27344131208
      42
0
      10
10734.041548394
      20
6943.28367353855
      42
0
      10
10733.8990771126
      20
6943.30749020387
      42
0
      10
10733.7556785534
      20
6943.34558332672
      42
0
      10
10733.6114835007
      20
6943.39864493717
      42
0
      10
10733.4666227324
      20
6943.46736704609
      42
0
      10
10733.3212270441
      20
6943.5524416854
      42
0
      10
10732.7455731172
      20
6944.00212724522
      42
0
      10
10732.2110183381
      20
6944.53064564449
      42
0
      10
10731.853201468
      20
6944.97152233718
      42
0
      10
10731.5448939962
      20
6945.4448851575
      42
0
      10
10731.3724463252
      20
6945.77599872891
      42
0
      10
10731.2303809566
      20
6946.11778634468
      42
0
      10
10731.1220491607
      20
6946.46874230626
      42
0
      10
10731.0508021737
      20
6946.82736092437
      42
0
      10
10731.0301327572
      20
6947.00907320056
      42
0
      10
10731.0199912602
      20
6947.19213650075
      42
0
      10
10731.0207966009
      20
6947.37636261999
      42
0
      10
10731.0329676745
      20
6947.56156334053
      42
0
      10
10731.0569233954
      20
6947.7475504571
      42
0
      10
10731.0930826686
      20
6947.93413575231
      42
0
      10
10731.1418643986
      20
6948.12113101614
      42
0
      10
10731.4583902106
      20
6948.42797649516
      42
0
      10
10731.9817543878
      20
6948.85177189139
      42
0
      10
10734.0705507149
      20
6950.28386649629
      42
0
      10
10734.4234675699
      20
6950.56633223708
      42
0
      10
10734.7520999749
      20
6950.86789686071
      42
0
      10
10734.905307188
      20
6951.02737919117
      42
0
      10
10735.0500405105
      20
6951.19348177401
      42
0
      10
10735.1854990161
      20
6951.36681978215
      42
0
      10
10735.3108817754
      20
6951.54800839349
      42
0
      10
10735.4253878666
      20
6951.73766278383
      42
0
      10
10735.5282163588
      20
6951.93639812945
      42
0
      10
10735.6185663264
      20
6952.14482960492
      42
0
      10
10735.6956368512
      20
6952.36357238904
      42
0
      10
10735.7586269993
      20
6952.59324165232
      42
0
      10
10735.8064867593
      20
6952.86860704077
      42
0
      10
10735.8214899487
      20
6953.13050977402
      42
0
      10
10735.8060118462
      20
6953.37991694921
      42
0
      10
10735.7624277496
      20
6953.61779565821
      42
0
      10
10735.6931129443
      20
6953.84511299138
      42
0
      10
10735.6004427105
      20
6954.06283604774
      42
0
      10
10735.4867923398
      20
6954.27193192165
      42
0
      10
10735.3545371222
      20
6954.47336770681
      42
0
      10
10735.206052336
      20
6954.66811049611
      42
0
      10
10735.0437132739
      20
6954.85712738696
      42
0
      10
10734.6869734669
      20
6955.22185183318
      42
0
      10
10733.5312812495
      20
6956.27918132058
      42
0
      10
10733.3511416102
      20
6956.46018432583
      42
0
      10
10733.1809005661
      20
6956.64513237102
      42
0
      10
10733.0229333973
      20
6956.83499254806
      42
0
      10
10732.8796153944
      20
6957.03073195346
      42
0
      10
10732.7533218435
      20
6957.23331768098
      42
0
      10
10732.6464280393
      20
6957.44371682067
      42
0
      10
10732.5613092574
      20
6957.66289647181
      42
0
      10
10732.5003407913
      20
6957.89182372445
      42
0
      10
10732.4658979261
      20
6958.13146567294
      42
0
      10
10732.4603559483
      20
6958.38278941665
      42
0
      10
10732.4860901479
      20
6958.64676204059
      42
0
      10
10732.53903388
      20
6958.84214898967
      42
0
      10
10732.6043393785
      20
6959.02598478435
      42
0
      10
10732.6812173453
      20
6959.19901137012
      42
0
      10
10732.76887847
      20
6959.36197067871
      42
0
      10
10732.8665334553
      20
6959.51560466455
      42
0
      10
10732.9733929861
      20
6959.66065525944
      42
0
      10
10733.0886677687
      20
6959.79786440535
      42
0
      10
10733.3413058579
      20
6960.05172611184
      42
0
      10
10733.7636447264
      20
6960.39225632501
      42
0
      10
10735.2908921552
      20
6961.41954733845
      42
0
      10
10735.5710358993
      20
6961.64961864832
      42
0
      10
10735.8280107138
      20
6961.90174388919
      42
0
      10
10735.9458365165
      20
6962.0379315855
      42
0
      10
10736.0555021682
      20
6962.18185858066
      42
0
      10
10736.1562183694
      20
6962.33426682289
      42
0
      10
10736.3956340081
      20
6962.65203461498
      42
0
      10
10737.194288324
      20
6961.40580092605
      42
0
      10
10738.6106994581
      20
6958.42239450784
      42
0
      10
10738.9685734494
      20
6957.69077707661
      42
0
      10
10739.270489687
      20
6956.93471992633
      42
0
      10
10739.5166712263
      20
6956.1584582295
      42
0
      10
10739.7073411194
      20
6955.36622716473
      42
0
      10
10739.8427224222
      20
6954.5622619008
      42
0
      10
10739.9230381889
      20
6953.75079762069
      42
0
    1001
FS_CYPCUT
    1000
Channel
    1070
1
    1000
LeadIn
    1002
{
    1070
0
    1040
0
    1040
0
    1040
0
    1040
0
    1070
0
    1040
0
    1070
0
    1002
}
    1000
LeadOut
    1002
{
    1070
0
    1040
0
    1040
0
    1040
0
    1070
0
    1002
}
    1000
IsFill
    1070
0
    1000
PathStart
    1040
0
    1000
ToolCompensation
    1002
{
    1070
0
    1040
0
    1070
0
    1002
}
       0
SPLINE
       5
2012
     100
AcDbEntity
       8
1
     100
AcDbSpline
      70
0
      71
3
      72
6136
      73
6132
      74
0
      40
0
      40
0
      40
0
      40
0
      40
0.000652315720808871
      40
0.000652315720808871
      40
0.000652315720808871
      40
0.000652315720808871
      40
0.00130463144161774
      40
0.00130463144161774
      40
0.00130463144161774
      40
0.00130463144161774
      40
0.00195694716242661
      40
0.00195694716242661
      40
0.00195694716242661
      40
0.00195694716242661
      40
0.00260926288323549
      40
0.00260926288323549
      40
0.00260926288323549
      40
0.00260926288323549
      40
0.00326157860404436
      40
0.00326157860404436
      40
0.00326157860404436
      40
0.00326157860404436
      40
0.00391389432485323
      40
0.00391389432485323
      40
0.00391389432485323
      40
0.00391389432485323
      40
0.0045662100456621
      40
0.0045662100456621
      40
0.0045662100456621
      40
0.0045662100456621
      40
0.00521852576647097
      40
0.00521852576647097
      40
0.00521852576647097
      40
0.00521852576647097
      40
0.00587084148727984
      40
0.00587084148727984
      40
0.00587084148727984
      40
0.00587084148727984
      40
0.00652315720808871
      40
0.00652315720808871
      40
0.00652315720808871
      40
0.00652315720808871
      40
0.00717547292889759
      40
0.00717547292889759
      40
0.00717547292889759
      40
0.00717547292889759
      40
0.00782778864970646
      40
0.00782778864970646
      40
0.00782778864970646
      40
0.00782778864970646
      40
0.00848010437051533
      40
0.00848010437051533
      40
0.00848010437051533
      40
0.00848010437051533
      40
0.0091324200913242
      40
0.0091324200913242
      40
0.0091324200913242
      40
0.0091324200913242
      40
0.00978473581213307
      40
0.00978473581213307
      40
0.00978473581213307
      40
0.00978473581213307
      40
0.0104370515329419
      40
0.0104370515329419
      40
0.0104370515329419
      40
0.0104370515329419
      40
0.0110893672537508
      40
0.0110893672537508
      40
0.0110893672537508
      40
0.0110893672537508
      40
0.0117416829745597
      40
0.0117416829745597
      40
0.0117416829745597
      40
0.0117416829745597
      40
0.0123939986953686
      40
0.0123939986953686
      40
0.0123939986953686
      40
0.0123939986953686
      40
0.0130463144161774
      40
0.0130463144161774
      40
0.0130463144161774
      40
0.0130463144161774
      40
0.0136986301369863
      40
0.0136986301369863
      40
0.0136986301369863
      40
0.0136986301369863
      40
0.0143509458577952
      40
0.0143509458577952
      40
0.0143509458577952
      40
0.0143509458577952
      40
0.015003261578604
      40
0.015003261578604
      40
0.015003261578604
      40
0.015003261578604
      40
0.0156555772994129
      40
0.0156555772994129
      40
0.0156555772994129
      40
0.0156555772994129
      40
0.0163078930202218
      40
0.0163078930202218
      40
0.0163078930202218
      40
0.0163078930202218
      40
0.0169602087410307
      40
0.0169602087410307
      40
0.0169602087410307
      40
0.0169602087410307
      40
0.0176125244618395
      40
0.0176125244618395
      40
0.0176125244618395
      40
0.0176125244618395
      40
0.0182648401826484
      40
0.0182648401826484
      40
0.0182648401826484
      40
0.0182648401826484
      40
0.0189171559034573
      40
0.0189171559034573
      40
0.0189171559034573
      40
0.0189171559034573
      40
0.0195694716242661
      40
0.0195694716242661
      40
0.0195694716242661
      40
0.0195694716242661
      40
0.020221787345075
      40
0.020221787345075
      40
0.020221787345075
      40
0.020221787345075
      40
0.0208741030658839
      40
0.0208741030658839
      40
0.0208741030658839
      40
0.0208741030658839
      40
0.0215264187866928
      40
0.0215264187866928
      40
0.0215264187866928
      40
0.0215264187866928
      40
0.0221787345075016
      40
0.0221787345075016
      40
0.0221787345075016
      40
0.0221787345075016
      40
0.0228310502283105
      40
0.0228310502283105
      40
0.0228310502283105
      40
0.0228310502283105
      40
0.0234833659491194
      40
0.0234833659491194
      40
0.0234833659491194
      40
0.0234833659491194
      40
0.0241356816699282
      40
0.0241356816699282
      40
0.0241356816699282
      40
0.0241356816699282
      40
0.0247879973907371
      40
0.0247879973907371
      40
0.0247879973907371
      40
0.0247879973907371
      40
0.025440313111546
      40
0.025440313111546
      40
0.025440313111546
      40
0.025440313111546
      40
0.0260926288323549
      40
0.0260926288323549
      40
0.0260926288323549
      40
0.0260926288323549
      40
0.0267449445531637
      40
0.0267449445531637
      40
0.0267449445531637
      40
0.0267449445531637
      40
0.0273972602739726
      40
0.0273972602739726
      40
0.0273972602739726
      40
0.0273972602739726
      40
0.0280495759947815
      40
0.0280495759947815
      40
0.0280495759947815
      40
0.0280495759947815
      40
0.0287018917155903
      40
0.0287018917155903
      40
0.0287018917155903
      40
0.0287018917155903
      40
0.0293542074363992
      40
0.0293542074363992
      40
0.0293542074363992
      40
0.0293542074363992
      40
0.0300065231572081
      40
0.0300065231572081
      40
0.0300065231572081
      40
0.0300065231572081
      40
0.030658838878017
      40
0.030658838878017
      40
0.030658838878017
      40
0.030658838878017
      40
0.0313111545988258
      40
0.0313111545988258
      40
0.0313111545988258
      40
0.0313111545988258
      40
0.0319634703196347
      40
0.0319634703196347
      40
0.0319634703196347
      40
0.0319634703196347
      40
0.0326157860404436
      40
0.0326157860404436
      40
0.0326157860404436
      40
0.0326157860404436
      40
0.0332681017612524
      40
0.0332681017612524
      40
0.0332681017612524
      40
0.0332681017612524
      40
0.0339204174820613
      40
0.0339204174820613
      40
0.0339204174820613
      40
0.0339204174820613
      40
0.0345727332028702
      40
0.0345727332028702
      40
0.0345727332028702
      40
0.0345727332028702
      40
0.0352250489236791
      40
0.0352250489236791
      40
0.0352250489236791
      40
0.0352250489236791
      40
0.0358773646444879
      40
0.0358773646444879
      40
0.0358773646444879
      40
0.0358773646444879
      40
0.0365296803652968
      40
0.0365296803652968
      40
0.0365296803652968
      40
0.0365296803652968
      40
0.0371819960861057
      40
0.0371819960861057
      40
0.0371819960861057
      40
0.0371819960861057
      40
0.0378343118069145
      40
0.0378343118069145
      40
0.0378343118069145
      40
0.0378343118069145
      40
0.0384866275277234
      40
0.0384866275277234
      40
0.0384866275277234
      40
0.0384866275277234
      40
0.0391389432485323
      40
0.0391389432485323
      40
0.0391389432485323
      40
0.0391389432485323
      40
0.0397912589693412
      40
0.0397912589693412
      40
0.0397912589693412
      40
0.0397912589693412
      40
0.04044357469015
      40
0.04044357469015
      40
0.04044357469015
      40
0.04044357469015
      40
0.0410958904109589
      40
0.0410958904109589
      40
0.0410958904109589
      40
0.0410958904109589
      40
0.0417482061317678
      40
0.0417482061317678
      40
0.0417482061317678
      40
0.0417482061317678
      40
0.0424005218525766
      40
0.0424005218525766
      40
0.0424005218525766
      40
0.0424005218525766
      40
0.0430528375733855
      40
0.0430528375733855
      40
0.0430528375733855
      40
0.0430528375733855
      40
0.0437051532941944
      40
0.0437051532941944
      40
0.0437051532941944
      40
0.0437051532941944
      40
0.0443574690150033
      40
0.0443574690150033
      40
0.0443574690150033
      40
0.0443574690150033
      40
0.0450097847358121
      40
0.0450097847358121
      40
0.0450097847358121
      40
0.0450097847358121
      40
0.045662100456621
      40
0.045662100456621
      40
0.045662100456621
      40
0.045662100456621
      40
0.0463144161774299
      40
0.0463144161774299
      40
0.0463144161774299
      40
0.0463144161774299
      40
0.0469667318982387
      40
0.0469667318982387
      40
0.0469667318982387
      40
0.0469667318982387
      40
0.0476190476190476
      40
0.0476190476190476
      40
0.0476190476190476
      40
0.0476190476190476
      40
0.0482713633398565
      40
0.0482713633398565
      40
0.0482713633398565
      40
0.0482713633398565
      40
0.0489236790606654
      40
0.0489236790606654
      40
0.0489236790606654
      40
0.0489236790606654
      40
0.0495759947814742
      40
0.0495759947814742
      40
0.0495759947814742
      40
0.0495759947814742
      40
0.0502283105022831
      40
0.0502283105022831
      40
0.0502283105022831
      40
0.0502283105022831
      40
0.050880626223092
      40
0.050880626223092
      40
0.050880626223092
      40
0.050880626223092
      40
0.0515329419439008
      40
0.0515329419439008
      40
0.0515329419439008
      40
0.0515329419439008
      40
0.0521852576647097
      40
0.0521852576647097
      40
0.0521852576647097
      40
0.0521852576647097
      40
0.0528375733855186
      40
0.0528375733855186
      40
0.0528375733855186
      40
0.0528375733855186
      40
0.0534898891063275
      40
0.0534898891063275
      40
0.0534898891063275
      40
0.0534898891063275
      40
0.0541422048271363
      40
0.0541422048271363
      40
0.0541422048271363
      40
0.0541422048271363
      40
0.0547945205479452
      40
0.0547945205479452
      40
0.0547945205479452
      40
0.0547945205479452
      40
0.0554468362687541
      40
0.0554468362687541
      40
0.0554468362687541
      40
0.0554468362687541
      40
0.0560991519895629
      40
0.0560991519895629
      40
0.0560991519895629
      40
0.0560991519895629
      40
0.0567514677103718
      40
0.0567514677103718
      40
0.0567514677103718
      40
0.0567514677103718
      40
0.0574037834311807
      40
0.0574037834311807
      40
0.0574037834311807
      40
0.0574037834311807
      40
0.0580560991519896
      40
0.0580560991519896
      40
0.0580560991519896
      40
0.0580560991519896
      40
0.0587084148727984
      40
0.0587084148727984
      40
0.0587084148727984
      40
0.0587084148727984
      40
0.0593607305936073
      40
0.0593607305936073
      40
0.0593607305936073
      40
0.0593607305936073
      40
0.0600130463144162
      40
0.0600130463144162
      40
0.0600130463144162
      40
0.0600130463144162
      40
0.060665362035225
      40
0.060665362035225
      40
0.060665362035225
      40
0.060665362035225
      40
0.0613176777560339
      40
0.0613176777560339
      40
0.0613176777560339
      40
0.0613176777560339
      40
0.0619699934768428
      40
0.0619699934768428
      40
0.0619699934768428
      40
0.0619699934768428
      40
0.0626223091976517
      40
0.0626223091976517
      40
0.0626223091976517
      40
0.0626223091976517
      40
0.0632746249184605
      40
0.0632746249184605
      40
0.0632746249184605
      40
0.0632746249184605
      40
0.0639269406392694
      40
0.0639269406392694
      40
0.0639269406392694
      40
0.0639269406392694
      40
0.0645792563600783
      40
0.0645792563600783
      40
0.0645792563600783
      40
0.0645792563600783
      40
0.0652315720808871
      40
0.0652315720808871
      40
0.0652315720808871
      40
0.0652315720808871
      40
0.065883887801696
      40
0.065883887801696
      40
0.065883887801696
      40
0.065883887801696
      40
0.0665362035225049
      40
0.0665362035225049
      40
0.0665362035225049
      40
0.0665362035225049
      40
0.0671885192433138
      40
0.0671885192433138
      40
0.0671885192433138
      40
0.0671885192433138
      40
0.0678408349641226
      40
0.0678408349641226
      40
0.0678408349641226
      40
0.0678408349641226
      40
0.0684931506849315
      40
0.0684931506849315
      40
0.0684931506849315
      40
0.0684931506849315
      40
0.0691454664057404
      40
0.0691454664057404
      40
0.0691454664057404
      40
0.0691454664057404
      40
0.0697977821265492
      40
0.0697977821265492
      40
0.0697977821265492
      40
0.0697977821265492
      40
0.0704500978473581
      40
0.0704500978473581
      40
0.0704500978473581
      40
0.0704500978473581
      40
0.071102413568167
      40
0.071102413568167
      40
0.071102413568167
      40
0.071102413568167
      40
0.0717547292889759
      40
0.0717547292889759
      40
0.0717547292889759
      40
0.0717547292889759
      40
0.0724070450097847
      40
0.0724070450097847
      40
0.0724070450097847
      40
0.0724070450097847
      40
0.0730593607305936
      40
0.0730593607305936
      40
0.0730593607305936
      40
0.0730593607305936
      40
0.0737116764514025
      40
0.0737116764514025
      40
0.0737116764514025
      40
0.0737116764514025
      40
0.0743639921722113
      40
0.0743639921722113
      40
0.0743639921722113
      40
0.0743639921722113
      40
0.0750163078930202
      40
0.0750163078930202
      40
0.0750163078930202
      40
0.0750163078930202
      40
0.0756686236138291
      40
0.0756686236138291
      40
0.0756686236138291
      40
0.0756686236138291
      40
0.076320939334638
      40
0.076320939334638
      40
0.076320939334638
      40
0.076320939334638
      40
0.0769732550554468
      40
0.0769732550554468
      40
0.0769732550554468
      40
0.0769732550554468
      40
0.0776255707762557
      40
0.0776255707762557
      40
0.0776255707762557
      40
0.0776255707762557
      40
0.0782778864970646
      40
0.0782778864970646
      40
0.0782778864970646
      40
0.0782778864970646
      40
0.0789302022178734
      40
0.0789302022178734
      40
0.0789302022178734
      40
0.0789302022178734
      40
0.0795825179386823
      40
0.0795825179386823
      40
0.0795825179386823
      40
0.0795825179386823
      40
0.0802348336594912
      40
0.0802348336594912
      40
0.0802348336594912
      40
0.0802348336594912
      40
0.0808871493803001
      40
0.0808871493803001
      40
0.0808871493803001
      40
0.0808871493803001
      40
0.0815394651011089
      40
0.0815394651011089
      40
0.0815394651011089
      40
0.0815394651011089
      40
0.0821917808219178
      40
0.0821917808219178
      40
0.0821917808219178
      40
0.0821917808219178
      40
0.0828440965427267
      40
0.0828440965427267
      40
0.0828440965427267
      40
0.0828440965427267
      40
0.0834964122635355
      40
0.0834964122635355
      40
0.0834964122635355
      40
0.0834964122635355
      40
0.0841487279843444
      40
0.0841487279843444
      40
0.0841487279843444
      40
0.0841487279843444
      40
0.0848010437051533
      40
0.0848010437051533
      40
0.0848010437051533
      40
0.0848010437051533
      40
0.0854533594259622
      40
0.0854533594259622
      40
0.0854533594259622
      40
0.0854533594259622
      40
0.086105675146771
      40
0.086105675146771
      40
0.086105675146771
      40
0.086105675146771
      40
0.0867579908675799
      40
0.0867579908675799
      40
0.0867579908675799
      40
0.0867579908675799
      40
0.0874103065883888
      40
0.0874103065883888
      40
0.0874103065883888
      40
0.0874103065883888
      40
0.0880626223091976
      40
0.0880626223091976
      40
0.0880626223091976
      40
0.0880626223091976
      40
0.0887149380300065
      40
0.0887149380300065
      40
0.0887149380300065
      40
0.0887149380300065
      40
0.0893672537508154
      40
0.0893672537508154
      40
0.0893672537508154
      40
0.0893672537508154
      40
0.0900195694716243
      40
0.0900195694716243
      40
0.0900195694716243
      40
0.0900195694716243
      40
0.0906718851924331
      40
0.0906718851924331
      40
0.0906718851924331
      40
0.0906718851924331
      40
0.091324200913242
      40
0.091324200913242
      40
0.091324200913242
      40
0.091324200913242
      40
0.0919765166340509
      40
0.0919765166340509
      40
0.0919765166340509
      40
0.0919765166340509
      40
0.0926288323548597
      40
0.0926288323548597
      40
0.0926288323548597
      40
0.0926288323548597
      40
0.0932811480756686
      40
0.0932811480756686
      40
0.0932811480756686
      40
0.0932811480756686
      40
0.0939334637964775
      40
0.0939334637964775
      40
0.0939334637964775
      40
0.0939334637964775
      40
0.0945857795172864
      40
0.0945857795172864
      40
0.0945857795172864
      40
0.0945857795172864
      40
0.0952380952380952
      40
0.0952380952380952
      40
0.0952380952380952
      40
0.0952380952380952
      40
0.0958904109589041
      40
0.0958904109589041
      40
0.0958904109589041
      40
0.0958904109589041
      40
0.096542726679713
      40
0.096542726679713
      40
0.096542726679713
      40
0.096542726679713
      40
0.0971950424005218
      40
0.0971950424005218
      40
0.0971950424005218
      40
0.0971950424005218
      40
0.0978473581213307
      40
0.0978473581213307
      40
0.0978473581213307
      40
0.0978473581213307
      40
0.0984996738421396
      40
0.0984996738421396
      40
0.0984996738421396
      40
0.0984996738421396
      40
0.0991519895629485
      40
0.0991519895629485
      40
0.0991519895629485
      40
0.0991519895629485
      40
0.0998043052837573
      40
0.0998043052837573
      40
0.0998043052837573
      40
0.0998043052837573
      40
0.100456621004566
      40
0.100456621004566
      40
0.100456621004566
      40
0.100456621004566
      40
0.101108936725375
      40
0.101108936725375
      40
0.101108936725375
      40
0.101108936725375
      40
0.101761252446184
      40
0.101761252446184
      40
0.101761252446184
      40
0.101761252446184
      40
0.102413568166993
      40
0.102413568166993
      40
0.102413568166993
      40
0.102413568166993
      40
0.103065883887802
      40
0.103065883887802
      40
0.103065883887802
      40
0.103065883887802
      40
0.103718199608611
      40
0.103718199608611
      40
0.103718199608611
      40
0.103718199608611
      40
0.104370515329419
      40
0.104370515329419
      40
0.104370515329419
      40
0.104370515329419
      40
0.105022831050228
      40
0.105022831050228
      40
0.105022831050228
      40
0.105022831050228
      40
0.105675146771037
      40
0.105675146771037
      40
0.105675146771037
      40
0.105675146771037
      40
0.106327462491846
      40
0.106327462491846
      40
0.106327462491846
      40
0.106327462491846
      40
0.106979778212655
      40
0.106979778212655
      40
0.106979778212655
      40
0.106979778212655
      40
0.107632093933464
      40
0.107632093933464
      40
0.107632093933464
      40
0.107632093933464
      40
0.108284409654273
      40
0.108284409654273
      40
0.108284409654273
      40
0.108284409654273
      40
0.108936725375082
      40
0.108936725375082
      40
0.108936725375082
      40
0.108936725375082
      40
0.10958904109589
      40
0.10958904109589
      40
0.10958904109589
      40
0.10958904109589
      40
0.110241356816699
      40
0.110241356816699
      40
0.110241356816699
      40
0.110241356816699
      40
0.110893672537508
      40
0.110893672537508
      40
0.110893672537508
      40
0.110893672537508
      40
0.111545988258317
      40
0.111545988258317
      40
0.111545988258317
      40
0.111545988258317
      40
0.112198303979126
      40
0.112198303979126
      40
0.112198303979126
      40
0.112198303979126
      40
0.112850619699935
      40
0.112850619699935
      40
0.112850619699935
      40
0.112850619699935
      40
0.113502935420744
      40
0.113502935420744
      40
0.113502935420744
      40
0.113502935420744
      40
0.114155251141553
      40
0.114155251141553
      40
0.114155251141553
      40
0.114155251141553
      40
0.114807566862361
      40
0.114807566862361
      40
0.114807566862361
      40
0.114807566862361
      40
0.11545988258317
      40
0.11545988258317
      40
0.11545988258317
      40
0.11545988258317
      40
0.116112198303979
      40
0.116112198303979
      40
0.116112198303979
      40
0.116112198303979
      40
0.116764514024788
      40
0.116764514024788
      40
0.116764514024788
      40
0.116764514024788
      40
0.117416829745597
      40
0.117416829745597
      40
0.117416829745597
      40
0.117416829745597
      40
0.118069145466406
      40
0.118069145466406
      40
0.118069145466406
      40
0.118069145466406
      40
0.118721461187215
      40
0.118721461187215
      40
0.118721461187215
      40
0.118721461187215
      40
0.119373776908023
      40
0.119373776908023
      40
0.119373776908023
      40
0.119373776908023
      40
0.120026092628832
      40
0.120026092628832
      40
0.120026092628832
      40
0.120026092628832
      40
0.120678408349641
      40
0.120678408349641
      40
0.120678408349641
      40
0.120678408349641
      40
0.12133072407045
      40
0.12133072407045
      40
0.12133072407045
      40
0.12133072407045
      40
0.121983039791259
      40
0.121983039791259
      40
0.121983039791259
      40
0.121983039791259
      40
0.122635355512068
      40
0.122635355512068
      40
0.122635355512068
      40
0.122635355512068
      40
0.123287671232877
      40
0.123287671232877
      40
0.123287671232877
      40
0.123287671232877
      40
0.123939986953686
      40
0.123939986953686
      40
0.123939986953686
      40
0.123939986953686
      40
0.124592302674494
      40
0.124592302674494
      40
0.124592302674494
      40
0.124592302674494
      40
0.125244618395303
      40
0.125244618395303
      40
0.125244618395303
      40
0.125244618395303
      40
0.125896934116112
      40
0.125896934116112
      40
0.125896934116112
      40
0.125896934116112
      40
0.126549249836921
      40
0.126549249836921
      40
0.126549249836921
      40
0.126549249836921
      40
0.12720156555773
      40
0.12720156555773
      40
0.12720156555773
      40
0.12720156555773
      40
0.127853881278539
      40
0.127853881278539
      40
0.127853881278539
      40
0.127853881278539
      40
0.128506196999348
      40
0.128506196999348
      40
0.128506196999348
      40
0.128506196999348
      40
0.129158512720157
      40
0.129158512720157
      40
0.129158512720157
      40
0.129158512720157
      40
0.129810828440965
      40
0.129810828440965
      40
0.129810828440965
      40
0.129810828440965
      40
0.130463144161774
      40
0.130463144161774
      40
0.130463144161774
      40
0.130463144161774
      40
0.131115459882583
      40
0.131115459882583
      40
0.131115459882583
      40
0.131115459882583
      40
0.131767775603392
      40
0.131767775603392
      40
0.131767775603392
      40
0.131767775603392
      40
0.132420091324201
      40
0.132420091324201
      40
0.132420091324201
      40
0.132420091324201
      40
0.13307240704501
      40
0.13307240704501
      40
0.13307240704501
      40
0.13307240704501
      40
0.133724722765819
      40
0.133724722765819
      40
0.133724722765819
      40
0.133724722765819
      40
0.134377038486628
      40
0.134377038486628
      40
0.134377038486628
      40
0.134377038486628
      40
0.135029354207436
      40
0.135029354207436
      40
0.135029354207436
      40
0.135029354207436
      40
0.135681669928245
      40
0.135681669928245
      40
0.135681669928245
      40
0.135681669928245
      40
0.136333985649054
      40
0.136333985649054
      40
0.136333985649054
      40
0.136333985649054
      40
0.136986301369863
      40
0.136986301369863
      40
0.136986301369863
      40
0.136986301369863
      40
0.137638617090672
      40
0.137638617090672
      40
0.137638617090672
      40
0.137638617090672
      40
0.138290932811481
      40
0.138290932811481
      40
0.138290932811481
      40
0.138290932811481
      40
0.13894324853229
      40
0.13894324853229
      40
0.13894324853229
      40
0.13894324853229
      40
0.139595564253098
      40
0.139595564253098
      40
0.139595564253098
      40
0.139595564253098
      40
0.140247879973907
      40
0.140247879973907
      40
0.140247879973907
      40
0.140247879973907
      40
0.140900195694716
      40
0.140900195694716
      40
0.140900195694716
      40
0.140900195694716
      40
0.141552511415525
      40
0.141552511415525
      40
0.141552511415525
      40
0.141552511415525
      40
0.142204827136334
      40
0.142204827136334
      40
0.142204827136334
      40
0.142204827136334
      40
0.142857142857143
      40
0.142857142857143
      40
0.142857142857143
      40
0.142857142857143
      40
0.143509458577952
      40
0.143509458577952
      40
0.143509458577952
      40
0.143509458577952
      40
0.144161774298761
      40
0.144161774298761
      40
0.144161774298761
      40
0.144161774298761
      40
0.144814090019569
      40
0.144814090019569
      40
0.144814090019569
      40
0.144814090019569
      40
0.145466405740378
      40
0.145466405740378
      40
0.145466405740378
      40
0.145466405740378
      40
0.146118721461187
      40
0.146118721461187
      40
0.146118721461187
      40
0.146118721461187
      40
0.146771037181996
      40
0.146771037181996
      40
0.146771037181996
      40
0.146771037181996
      40
0.147423352902805
      40
0.147423352902805
      40
0.147423352902805
      40
0.147423352902805
      40
0.148075668623614
      40
0.148075668623614
      40
0.148075668623614
      40
0.148075668623614
      40
0.148727984344423
      40
0.148727984344423
      40
0.148727984344423
      40
0.148727984344423
      40
0.149380300065232
      40
0.149380300065232
      40
0.149380300065232
      40
0.149380300065232
      40
0.15003261578604
      40
0.15003261578604
      40
0.15003261578604
      40
0.15003261578604
      40
0.150684931506849
      40
0.150684931506849
      40
0.150684931506849
      40
0.150684931506849
      40
0.151337247227658
      40
0.151337247227658
      40
0.151337247227658
      40
0.151337247227658
      40
0.151989562948467
      40
0.151989562948467
      40
0.151989562948467
      40
0.151989562948467
      40
0.152641878669276
      40
0.152641878669276
      40
0.152641878669276
      40
0.152641878669276
      40
0.153294194390085
      40
0.153294194390085
      40
0.153294194390085
      40
0.153294194390085
      40
0.153946510110894
      40
0.153946510110894
      40
0.153946510110894
      40
0.153946510110894
      40
0.154598825831703
      40
0.154598825831703
      40
0.154598825831703
      40
0.154598825831703
      40
0.155251141552511
      40
0.155251141552511
      40
0.155251141552511
      40
0.155251141552511
      40
0.15590345727332
      40
0.15590345727332
      40
0.15590345727332
      40
0.15590345727332
      40
0.156555772994129
      40
0.156555772994129
      40
0.156555772994129
      40
0.156555772994129
      40
0.157208088714938
      40
0.157208088714938
      40
0.157208088714938
      40
0.157208088714938
      40
0.157860404435747
      40
0.157860404435747
      40
0.157860404435747
      40
0.157860404435747
      40
0.158512720156556
      40
0.158512720156556
      40
0.158512720156556
      40
0.158512720156556
      40
0.159165035877365
      40
0.159165035877365
      40
0.159165035877365
      40
0.159165035877365
      40
0.159817351598174
      40
0.159817351598174
      40
0.159817351598174
      40
0.159817351598174
      40
0.160469667318982
      40
0.160469667318982
      40
0.160469667318982
      40
0.160469667318982
      40
0.161121983039791
      40
0.161121983039791
      40
0.161121983039791
      40
0.161121983039791
      40
0.1617742987606
      40
0.1617742987606
      40
0.1617742987606
      40
0.1617742987606
      40
0.162426614481409
      40
0.162426614481409
      40
0.162426614481409
      40
0.162426614481409
      40
0.163078930202218
      40
0.163078930202218
      40
0.163078930202218
      40
0.163078930202218
      40
0.163731245923027
      40
0.163731245923027
      40
0.163731245923027
      40
0.163731245923027
      40
0.164383561643836
      40
0.164383561643836
      40
0.164383561643836
      40
0.164383561643836
      40
0.165035877364644
      40
0.165035877364644
      40
0.165035877364644
      40
0.165035877364644
      40
0.165688193085453
      40
0.165688193085453
      40
0.165688193085453
      40
0.165688193085453
      40
0.166340508806262
      40
0.166340508806262
      40
0.166340508806262
      40
0.166340508806262
      40
0.166992824527071
      40
0.166992824527071
      40
0.166992824527071
      40
0.166992824527071
      40
0.16764514024788
      40
0.16764514024788
      40
0.16764514024788
      40
0.16764514024788
      40
0.168297455968689
      40
0.168297455968689
      40
0.168297455968689
      40
0.168297455968689
      40
0.168949771689498
      40
0.168949771689498
      40
0.168949771689498
      40
0.168949771689498
      40
0.169602087410307
      40
0.169602087410307
      40
0.169602087410307
      40
0.169602087410307
      40
0.170254403131115
      40
0.170254403131115
      40
0.170254403131115
      40
0.170254403131115
      40
0.170906718851924
      40
0.170906718851924
      40
0.170906718851924
      40
0.170906718851924
      40
0.171559034572733
      40
0.171559034572733
      40
0.171559034572733
      40
0.171559034572733
      40
0.172211350293542
      40
0.172211350293542
      40
0.172211350293542
      40
0.172211350293542
      40
0.172863666014351
      40
0.172863666014351
      40
0.172863666014351
      40
0.172863666014351
      40
0.17351598173516
      40
0.17351598173516
      40
0.17351598173516
      40
0.17351598173516
      40
0.174168297455969
      40
0.174168297455969
      40
0.174168297455969
      40
0.174168297455969
      40
0.174820613176778
      40
0.174820613176778
      40
0.174820613176778
      40
0.174820613176778
      40
0.175472928897586
      40
0.175472928897586
      40
0.175472928897586
      40
0.175472928897586
      40
0.176125244618395
      40
0.176125244618395
      40
0.176125244618395
      40
0.176125244618395
      40
0.176777560339204
      40
0.176777560339204
      40
0.176777560339204
      40
0.176777560339204
      40
0.177429876060013
      40
0.177429876060013
      40
0.177429876060013
      40
0.177429876060013
      40
0.178082191780822
      40
0.178082191780822
      40
0.178082191780822
      40
0.178082191780822
      40
0.178734507501631
      40
0.178734507501631
      40
0.178734507501631
      40
0.178734507501631
      40
0.17938682322244
      40
0.17938682322244
      40
0.17938682322244
      40
0.17938682322244
      40
0.180039138943249
      40
0.180039138943249
      40
0.180039138943249
      40
0.180039138943249
      40
0.180691454664057
      40
0.180691454664057
      40
0.180691454664057
      40
0.180691454664057
      40
0.181343770384866
      40
0.181343770384866
      40
0.181343770384866
      40
0.181343770384866
      40
0.181996086105675
      40
0.181996086105675
      40
0.181996086105675
      40
0.181996086105675
      40
0.182648401826484
      40
0.182648401826484
      40
0.182648401826484
      40
0.182648401826484
      40
0.183300717547293
      40
0.183300717547293
      40
0.183300717547293
      40
0.183300717547293
      40
0.183953033268102
      40
0.183953033268102
      40
0.183953033268102
      40
0.183953033268102
      40
0.184605348988911
      40
0.184605348988911
      40
0.184605348988911
      40
0.184605348988911
      40
0.185257664709719
      40
0.185257664709719
      40
0.185257664709719
      40
0.185257664709719
      40
0.185909980430528
      40
0.185909980430528
      40
0.185909980430528
      40
0.185909980430528
      40
0.186562296151337
      40
0.186562296151337
      40
0.186562296151337
      40
0.186562296151337
      40
0.187214611872146
      40
0.187214611872146
      40
0.187214611872146
      40
0.187214611872146
      40
0.187866927592955
      40
0.187866927592955
      40
0.187866927592955
      40
0.187866927592955
      40
0.188519243313764
      40
0.188519243313764
      40
0.188519243313764
      40
0.188519243313764
      40
0.189171559034573
      40
0.189171559034573
      40
0.189171559034573
      40
0.189171559034573
      40
0.189823874755382
      40
0.189823874755382
      40
0.189823874755382
      40
0.189823874755382
      40
0.19047619047619
      40
0.19047619047619
      40
0.19047619047619
      40
0.19047619047619
      40
0.191128506196999
      40
0.191128506196999
      40
0.191128506196999
      40
0.191128506196999
      40
0.191780821917808
      40
0.191780821917808
      40
0.191780821917808
      40
0.191780821917808
      40
0.192433137638617
      40
0.192433137638617
      40
0.192433137638617
      40
0.192433137638617
      40
0.193085453359426
      40
0.193085453359426
      40
0.193085453359426
      40
0.193085453359426
      40
0.193737769080235
      40
0.193737769080235
      40
0.193737769080235
      40
0.193737769080235
      40
0.194390084801044
      40
0.194390084801044
      40
0.194390084801044
      40
0.194390084801044
      40
0.195042400521853
      40
0.195042400521853
      40
0.195042400521853
      40
0.195042400521853
      40
0.195694716242661
      40
0.195694716242661
      40
0.195694716242661
      40
0.195694716242661
      40
0.19634703196347
      40
0.19634703196347
      40
0.19634703196347
      40
0.19634703196347
      40
0.196999347684279
      40
0.196999347684279
      40
0.196999347684279
      40
0.196999347684279
      40
0.197651663405088
      40
0.197651663405088
      40
0.197651663405088
      40
0.197651663405088
      40
0.198303979125897
      40
0.198303979125897
      40
0.198303979125897
      40
0.198303979125897
      40
0.198956294846706
      40
0.198956294846706
      40
0.198956294846706
      40
0.198956294846706
      40
0.199608610567515
      40
0.199608610567515
      40
0.199608610567515
      40
0.199608610567515
      40
0.200260926288324
      40
0.200260926288324
      40
0.200260926288324
      40
0.200260926288324
      40
0.200913242009132
      40
0.200913242009132
      40
0.200913242009132
      40
0.200913242009132
      40
0.201565557729941
      40
0.201565557729941
      40
0.201565557729941
      40
0.201565557729941
      40
0.20221787345075
      40
0.20221787345075
      40
0.20221787345075
      40
0.20221787345075
      40
0.202870189171559
      40
0.202870189171559
      40
0.202870189171559
      40
0.202870189171559
      40
0.203522504892368
      40
0.203522504892368
      40
0.203522504892368
      40
0.203522504892368
      40
0.204174820613177
      40
0.204174820613177
      40
0.204174820613177
      40
0.204174820613177
      40
0.204827136333986
      40
0.204827136333986
      40
0.204827136333986
      40
0.204827136333986
      40
0.205479452054795
      40
0.205479452054795
      40
0.205479452054795
      40
0.205479452054795
      40
0.206131767775603
      40
0.206131767775603
      40
0.206131767775603
      40
0.206131767775603
      40
0.206784083496412
      40
0.206784083496412
      40
0.206784083496412
      40
0.206784083496412
      40
0.207436399217221
      40
0.207436399217221
      40
0.207436399217221
      40
0.207436399217221
      40
0.20808871493803
      40
0.20808871493803
      40
0.20808871493803
      40
0.20808871493803
      40
0.208741030658839
      40
0.208741030658839
      40
0.208741030658839
      40
0.208741030658839
      40
0.209393346379648
      40
0.209393346379648
      40
0.209393346379648
      40
0.209393346379648
      40
0.210045662100457
      40
0.210045662100457
      40
0.210045662100457
      40
0.210045662100457
      40
0.210697977821265
      40
0.210697977821265
      40
0.210697977821265
      40
0.210697977821265
      40
0.211350293542074
      40
0.211350293542074
      40
0.211350293542074
      40
0.211350293542074
      40
0.212002609262883
      40
0.212002609262883
      40
0.212002609262883
      40
0.212002609262883
      40
0.212654924983692
      40
0.212654924983692
      40
0.212654924983692
      40
0.212654924983692
      40
0.213307240704501
      40
0.213307240704501
      40
0.213307240704501
      40
0.213307240704501
      40
0.21395955642531
      40
0.21395955642531
      40
0.21395955642531
      40
0.21395955642531
      40
0.214611872146119
      40
0.214611872146119
      40
0.214611872146119
      40
0.214611872146119
      40
0.215264187866928
      40
0.215264187866928
      40
0.215264187866928
      40
0.215264187866928
      40
0.215916503587736
      40
0.215916503587736
      40
0.215916503587736
      40
0.215916503587736
      40
0.216568819308545
      40
0.216568819308545
      40
0.216568819308545
      40
0.216568819308545
      40
0.217221135029354
      40
0.217221135029354
      40
0.217221135029354
      40
0.217221135029354
      40
0.217873450750163
      40
0.217873450750163
      40
0.217873450750163
      40
0.217873450750163
      40
0.218525766470972
      40
0.218525766470972
      40
0.218525766470972
      40
0.218525766470972
      40
0.219178082191781
      40
0.219178082191781
      40
0.219178082191781
      40
0.219178082191781
      40
0.21983039791259
      40
0.21983039791259
      40
0.21983039791259
      40
0.21983039791259
      40
0.220482713633399
      40
0.220482713633399
      40
0.220482713633399
      40
0.220482713633399
      40
0.221135029354207
      40
0.221135029354207
      40
0.221135029354207
      40
0.221135029354207
      40
0.221787345075016
      40
0.221787345075016
      40
0.221787345075016
      40
0.221787345075016
      40
0.222439660795825
      40
0.222439660795825
      40
0.222439660795825
      40
0.222439660795825
      40
0.223091976516634
      40
0.223091976516634
      40
0.223091976516634
      40
0.223091976516634
      40
0.223744292237443
      40
0.223744292237443
      40
0.223744292237443
      40
0.223744292237443
      40
0.224396607958252
      40
0.224396607958252
      40
0.224396607958252
      40
0.224396607958252
      40
0.225048923679061
      40
0.225048923679061
      40
0.225048923679061
      40
0.225048923679061
      40
0.22570123939987
      40
0.22570123939987
      40
0.22570123939987
      40
0.22570123939987
      40
0.226353555120678
      40
0.226353555120678
      40
0.226353555120678
      40
0.226353555120678
      40
0.227005870841487
      40
0.227005870841487
      40
0.227005870841487
      40
0.227005870841487
      40
0.227658186562296
      40
0.227658186562296
      40
0.227658186562296
      40
0.227658186562296
      40
0.228310502283105
      40
0.228310502283105
      40
0.228310502283105
      40
0.228310502283105
      40
0.228962818003914
      40
0.228962818003914
      40
0.228962818003914
      40
0.228962818003914
      40
0.229615133724723
      40
0.229615133724723
      40
0.229615133724723
      40
0.229615133724723
      40
0.230267449445532
      40
0.230267449445532
      40
0.230267449445532
      40
0.230267449445532
      40
0.23091976516634
      40
0.23091976516634
      40
0.23091976516634
      40
0.23091976516634
      40
0.231572080887149
      40
0.231572080887149
      40
0.231572080887149
      40
0.231572080887149
      40
0.232224396607958
      40
0.232224396607958
      40
0.232224396607958
      40
0.232224396607958
      40
0.232876712328767
      40
0.232876712328767
      40
0.232876712328767
      40
0.232876712328767
      40
0.233529028049576
      40
0.233529028049576
      40
0.233529028049576
      40
0.233529028049576
      40
0.234181343770385
      40
0.234181343770385
      40
0.234181343770385
      40
0.234181343770385
      40
0.234833659491194
      40
0.234833659491194
      40
0.234833659491194
      40
0.234833659491194
      40
0.235485975212003
      40
0.235485975212003
      40
0.235485975212003
      40
0.235485975212003
      40
0.236138290932811
      40
0.236138290932811
      40
0.236138290932811
      40
0.236138290932811
      40
0.23679060665362
      40
0.23679060665362
      40
0.23679060665362
      40
0.23679060665362
      40
0.237442922374429
      40
0.237442922374429
      40
0.237442922374429
      40
0.237442922374429
      40
0.238095238095238
      40
0.238095238095238
      40
0.238095238095238
      40
0.238095238095238
      40
0.238747553816047
      40
0.238747553816047
      40
0.238747553816047
      40
0.238747553816047
      40
0.239399869536856
      40
0.239399869536856
      40
0.239399869536856
      40
0.239399869536856
      40
0.240052185257665
      40
0.240052185257665
      40
0.240052185257665
      40
0.240052185257665
      40
0.240704500978474
      40
0.240704500978474
      40
0.240704500978474
      40
0.240704500978474
      40
0.241356816699282
      40
0.241356816699282
      40
0.241356816699282
      40
0.241356816699282
      40
0.242009132420091
      40
0.242009132420091
      40
0.242009132420091
      40
0.242009132420091
      40
0.2426614481409
      40
0.2426614481409
      40
0.2426614481409
      40
0.2426614481409
      40
0.243313763861709
      40
0.243313763861709
      40
0.243313763861709
      40
0.243313763861709
      40
0.243966079582518
      40
0.243966079582518
      40
0.243966079582518
      40
0.243966079582518
      40
0.244618395303327
      40
0.244618395303327
      40
0.244618395303327
      40
0.244618395303327
      40
0.245270711024136
      40
0.245270711024136
      40
0.245270711024136
      40
0.245270711024136
      40
0.245923026744945
      40
0.245923026744945
      40
0.245923026744945
      40
0.245923026744945
      40
0.246575342465753
      40
0.246575342465753
      40
0.246575342465753
      40
0.246575342465753
      40
0.247227658186562
      40
0.247227658186562
      40
0.247227658186562
      40
0.247227658186562
      40
0.247879973907371
      40
0.247879973907371
      40
0.247879973907371
      40
0.247879973907371
      40
0.24853228962818
      40
0.24853228962818
      40
0.24853228962818
      40
0.24853228962818
      40
0.249184605348989
      40
0.249184605348989
      40
0.249184605348989
      40
0.249184605348989
      40
0.249836921069798
      40
0.249836921069798
      40
0.249836921069798
      40
0.249836921069798
      40
0.250489236790607
      40
0.250489236790607
      40
0.250489236790607
      40
0.250489236790607
      40
0.251141552511416
      40
0.251141552511416
      40
0.251141552511416
      40
0.251141552511416
      40
0.251793868232224
      40
0.251793868232224
      40
0.251793868232224
      40
0.251793868232224
      40
0.252446183953033
      40
0.252446183953033
      40
0.252446183953033
      40
0.252446183953033
      40
0.253098499673842
      40
0.253098499673842
      40
0.253098499673842
      40
0.253098499673842
      40
0.253750815394651
      40
0.253750815394651
      40
0.253750815394651
      40
0.253750815394651
      40
0.25440313111546
      40
0.25440313111546
      40
0.25440313111546
      40
0.25440313111546
      40
0.255055446836269
      40
0.255055446836269
      40
0.255055446836269
      40
0.255055446836269
      40
0.255707762557078
      40
0.255707762557078
      40
0.255707762557078
      40
0.255707762557078
      40
0.256360078277886
      40
0.256360078277886
      40
0.256360078277886
      40
0.256360078277886
      40
0.257012393998695
      40
0.257012393998695
      40
0.257012393998695
      40
0.257012393998695
      40
0.257664709719504
      40
0.257664709719504
      40
0.257664709719504
      40
0.257664709719504
      40
0.258317025440313
      40
0.258317025440313
      40
0.258317025440313
      40
0.258317025440313
      40
0.258969341161122
      40
0.258969341161122
      40
0.258969341161122
      40
0.258969341161122
      40
0.259621656881931
      40
0.259621656881931
      40
0.259621656881931
      40
0.259621656881931
      40
0.26027397260274
      40
0.26027397260274
      40
0.26027397260274
      40
0.26027397260274
      40
0.260926288323549
      40
0.260926288323549
      40
0.260926288323549
      40
0.260926288323549
      40
0.261578604044357
      40
0.261578604044357
      40
0.261578604044357
      40
0.261578604044357
      40
0.262230919765166
      40
0.262230919765166
      40
0.262230919765166
      40
0.262230919765166
      40
0.262883235485975
      40
0.262883235485975
      40
0.262883235485975
      40
0.262883235485975
      40
0.263535551206784
      40
0.263535551206784
      40
0.263535551206784
      40
0.263535551206784
      40
0.264187866927593
      40
0.264187866927593
      40
0.264187866927593
      40
0.264187866927593
      40
0.264840182648402
      40
0.264840182648402
      40
0.264840182648402
      40
0.264840182648402
      40
0.265492498369211
      40
0.265492498369211
      40
0.265492498369211
      40
0.265492498369211
      40
0.26614481409002
      40
0.26614481409002
      40
0.26614481409002
      40
0.26614481409002
      40
0.266797129810828
      40
0.266797129810828
      40
0.266797129810828
      40
0.266797129810828
      40
0.267449445531637
      40
0.267449445531637
      40
0.267449445531637
      40
0.267449445531637
      40
0.268101761252446
      40
0.268101761252446
      40
0.268101761252446
      40
0.268101761252446
      40
0.268754076973255
      40
0.268754076973255
      40
0.268754076973255
      40
0.268754076973255
      40
0.269406392694064
      40
0.269406392694064
      40
0.269406392694064
      40
0.269406392694064
      40
0.270058708414873
      40
0.270058708414873
      40
0.270058708414873
      40
0.270058708414873
      40
0.270711024135682
      40
0.270711024135682
      40
0.270711024135682
      40
0.270711024135682
      40
0.271363339856491
      40
0.271363339856491
      40
0.271363339856491
      40
0.271363339856491
      40
0.272015655577299
      40
0.272015655577299
      40
0.272015655577299
      40
0.272015655577299
      40
0.272667971298108
      40
0.272667971298108
      40
0.272667971298108
      40
0.272667971298108
      40
0.273320287018917
      40
0.273320287018917
      40
0.273320287018917
      40
0.273320287018917
      40
0.273972602739726
      40
0.273972602739726
      40
0.273972602739726
      40
0.273972602739726
      40
0.274624918460535
      40
0.274624918460535
      40
0.274624918460535
      40
0.274624918460535
      40
0.275277234181344
      40
0.275277234181344
      40
0.275277234181344
      40
0.275277234181344
      40
0.275929549902153
      40
0.275929549902153
      40
0.275929549902153
      40
0.275929549902153
      40
0.276581865622961
      40
0.276581865622961
      40
0.276581865622961
      40
0.276581865622961
      40
0.27723418134377
      40
0.27723418134377
      40
0.27723418134377
      40
0.27723418134377
      40
0.277886497064579
      40
0.277886497064579
      40
0.277886497064579
      40
0.277886497064579
      40
0.278538812785388
      40
0.278538812785388
      40
0.278538812785388
      40
0.278538812785388
      40
0.279191128506197
      40
0.279191128506197
      40
0.279191128506197
      40
0.279191128506197
      40
0.279843444227006
      40
0.279843444227006
      40
0.279843444227006
      40
0.279843444227006
      40
0.280495759947815
      40
0.280495759947815
      40
0.280495759947815
      40
0.280495759947815
      40
0.281148075668624
      40
0.281148075668624
      40
0.281148075668624
      40
0.281148075668624
      40
0.281800391389432
      40
0.281800391389432
      40
0.281800391389432
      40
0.281800391389432
      40
0.282452707110241
      40
0.282452707110241
      40
0.282452707110241
      40
0.282452707110241
      40
0.28310502283105
      40
0.28310502283105
      40
0.28310502283105
      40
0.28310502283105
      40
0.283757338551859
      40
0.283757338551859
      40
0.283757338551859
      40
0.283757338551859
      40
0.284409654272668
      40
0.284409654272668
      40
0.284409654272668
      40
0.284409654272668
      40
0.285061969993477
      40
0.285061969993477
      40
0.285061969993477
      40
0.285061969993477
      40
0.285714285714286
      40
0.285714285714286
      40
0.285714285714286
      40
0.285714285714286
      40
0.286366601435095
      40
0.286366601435095
      40
0.286366601435095
      40
0.286366601435095
      40
0.287018917155903
      40
0.287018917155903
      40
0.287018917155903
      40
0.287018917155903
      40
0.287671232876712
      40
0.287671232876712
      40
0.287671232876712
      40
0.287671232876712
      40
0.288323548597521
      40
0.288323548597521
      40
0.288323548597521
      40
0.288323548597521
      40
0.28897586431833
      40
0.28897586431833
      40
0.28897586431833
      40
0.28897586431833
      40
0.289628180039139
      40
0.289628180039139
      40
0.289628180039139
      40
0.289628180039139
      40
0.290280495759948
      40
0.290280495759948
      40
0.290280495759948
      40
0.290280495759948
      40
0.290932811480757
      40
0.290932811480757
      40
0.290932811480757
      40
0.290932811480757
      40
0.291585127201566
      40
0.291585127201566
      40
0.291585127201566
      40
0.291585127201566
      40
0.292237442922374
      40
0.292237442922374
      40
0.292237442922374
      40
0.292237442922374
      40
0.292889758643183
      40
0.292889758643183
      40
0.292889758643183
      40
0.292889758643183
      40
0.293542074363992
      40
0.293542074363992
      40
0.293542074363992
      40
0.293542074363992
      40
0.294194390084801
      40
0.294194390084801
      40
0.294194390084801
      40
0.294194390084801
      40
0.29484670580561
      40
0.29484670580561
      40
0.29484670580561
      40
0.29484670580561
      40
0.295499021526419
      40
0.295499021526419
      40
0.295499021526419
      40
0.295499021526419
      40
0.296151337247228
      40
0.296151337247228
      40
0.296151337247228
      40
0.296151337247228
      40
0.296803652968037
      40
0.296803652968037
      40
0.296803652968037
      40
0.296803652968037
      40
0.297455968688845
      40
0.297455968688845
      40
0.297455968688845
      40
0.297455968688845
      40
0.298108284409654
      40
0.298108284409654
      40
0.298108284409654
      40
0.298108284409654
      40
0.298760600130463
      40
0.298760600130463
      40
0.298760600130463
      40
0.298760600130463
      40
0.299412915851272
      40
0.299412915851272
      40
0.299412915851272
      40
0.299412915851272
      40
0.300065231572081
      40
0.300065231572081
      40
0.300065231572081
      40
0.300065231572081
      40
0.30071754729289
      40
0.30071754729289
      40
0.30071754729289
      40
0.30071754729289
      40
0.301369863013699
      40
0.301369863013699
      40
0.301369863013699
      40
0.301369863013699
      40
0.302022178734507
      40
0.302022178734507
      40
0.302022178734507
      40
0.302022178734507
      40
0.302674494455316
      40
0.302674494455316
      40
0.302674494455316
      40
0.302674494455316
      40
0.303326810176125
      40
0.303326810176125
      40
0.303326810176125
      40
0.303326810176125
      40
0.303979125896934
      40
0.303979125896934
      40
0.303979125896934
      40
0.303979125896934
      40
0.304631441617743
      40
0.304631441617743
      40
0.304631441617743
      40
0.304631441617743
      40
0.305283757338552
      40
0.305283757338552
      40
0.305283757338552
      40
0.305283757338552
      40
0.305936073059361
      40
0.305936073059361
      40
0.305936073059361
      40
0.305936073059361
      40
0.30658838878017
      40
0.30658838878017
      40
0.30658838878017
      40
0.30658838878017
      40
0.307240704500978
      40
0.307240704500978
      40
0.307240704500978
      40
0.307240704500978
      40
0.307893020221787
      40
0.307893020221787
      40
0.307893020221787
      40
0.307893020221787
      40
0.308545335942596
      40
0.308545335942596
      40
0.308545335942596
      40
0.308545335942596
      40
0.309197651663405
      40
0.309197651663405
      40
0.309197651663405
      40
0.309197651663405
      40
0.309849967384214
      40
0.309849967384214
      40
0.309849967384214
      40
0.309849967384214
      40
0.310502283105023
      40
0.310502283105023
      40
0.310502283105023
      40
0.310502283105023
      40
0.311154598825832
      40
0.311154598825832
      40
0.311154598825832
      40
0.311154598825832
      40
0.311806914546641
      40
0.311806914546641
      40
0.311806914546641
      40
0.311806914546641
      40
0.312459230267449
      40
0.312459230267449
      40
0.312459230267449
      40
0.312459230267449
      40
0.313111545988258
      40
0.313111545988258
      40
0.313111545988258
      40
0.313111545988258
      40
0.313763861709067
      40
0.313763861709067
      40
0.313763861709067
      40
0.313763861709067
      40
0.314416177429876
      40
0.314416177429876
      40
0.314416177429876
      40
0.314416177429876
      40
0.315068493150685
      40
0.315068493150685
      40
0.315068493150685
      40
0.315068493150685
      40
0.315720808871494
      40
0.315720808871494
      40
0.315720808871494
      40
0.315720808871494
      40
0.316373124592303
      40
0.316373124592303
      40
0.316373124592303
      40
0.316373124592303
      40
0.317025440313112
      40
0.317025440313112
      40
0.317025440313112
      40
0.317025440313112
      40
0.31767775603392
      40
0.31767775603392
      40
0.31767775603392
      40
0.31767775603392
      40
0.318330071754729
      40
0.318330071754729
      40
0.318330071754729
      40
0.318330071754729
      40
0.318982387475538
      40
0.318982387475538
      40
0.318982387475538
      40
0.318982387475538
      40
0.319634703196347
      40
0.319634703196347
      40
0.319634703196347
      40
0.319634703196347
      40
0.320287018917156
      40
0.320287018917156
      40
0.320287018917156
      40
0.320287018917156
      40
0.320939334637965
      40
0.320939334637965
      40
0.320939334637965
      40
0.320939334637965
      40
0.321591650358774
      40
0.321591650358774
      40
0.321591650358774
      40
0.321591650358774
      40
0.322243966079583
      40
0.322243966079583
      40
0.322243966079583
      40
0.322243966079583
      40
0.322896281800391
      40
0.322896281800391
      40
0.322896281800391
      40
0.322896281800391
      40
0.3235485975212
      40
0.3235485975212
      40
0.3235485975212
      40
0.3235485975212
      40
0.324200913242009
      40
0.324200913242009
      40
0.324200913242009
      40
0.324200913242009
      40
0.324853228962818
      40
0.324853228962818
      40
0.324853228962818
      40
0.324853228962818
      40
0.325505544683627
      40
0.325505544683627
      40
0.325505544683627
      40
0.325505544683627
      40
0.326157860404436
      40
0.326157860404436
      40
0.326157860404436
      40
0.326157860404436
      40
0.326810176125245
      40
0.326810176125245
      40
0.326810176125245
      40
0.326810176125245
      40
0.327462491846053
      40
0.327462491846053
      40
0.327462491846053
      40
0.327462491846053
      40
0.328114807566862
      40
0.328114807566862
      40
0.328114807566862
      40
0.328114807566862
      40
0.328767123287671
      40
0.328767123287671
      40
0.328767123287671
      40
0.328767123287671
      40
0.32941943900848
      40
0.32941943900848
      40
0.32941943900848
      40
0.32941943900848
      40
0.330071754729289
      40
0.330071754729289
      40
0.330071754729289
      40
0.330071754729289
      40
0.330724070450098
      40
0.330724070450098
      40
0.330724070450098
      40
0.330724070450098
      40
0.331376386170907
      40
0.331376386170907
      40
0.331376386170907
      40
0.331376386170907
      40
0.332028701891716
      40
0.332028701891716
      40
0.332028701891716
      40
0.332028701891716
      40
0.332681017612524
      40
0.332681017612524
      40
0.332681017612524
      40
0.332681017612524
      40
0.333333333333333
      40
0.333333333333333
      40
0.333333333333333
      40
0.333333333333333
      40
0.333985649054142
      40
0.333985649054142
      40
0.333985649054142
      40
0.333985649054142
      40
0.334637964774951
      40
0.334637964774951
      40
0.334637964774951
      40
0.334637964774951
      40
0.33529028049576
      40
0.33529028049576
      40
0.33529028049576
      40
0.33529028049576
      40
0.335942596216569
      40
0.335942596216569
      40
0.335942596216569
      40
0.335942596216569
      40
0.336594911937378
      40
0.336594911937378
      40
0.336594911937378
      40
0.336594911937378
      40
0.337247227658187
      40
0.337247227658187
      40
0.337247227658187
      40
0.337247227658187
      40
0.337899543378995
      40
0.337899543378995
      40
0.337899543378995
      40
0.337899543378995
      40
0.338551859099804
      40
0.338551859099804
      40
0.338551859099804
      40
0.338551859099804
      40
0.339204174820613
      40
0.339204174820613
      40
0.339204174820613
      40
0.339204174820613
      40
0.339856490541422
      40
0.339856490541422
      40
0.339856490541422
      40
0.339856490541422
      40
0.340508806262231
      40
0.340508806262231
      40
0.340508806262231
      40
0.340508806262231
      40
0.34116112198304
      40
0.34116112198304
      40
0.34116112198304
      40
0.34116112198304
      40
0.341813437703849
      40
0.341813437703849
      40
0.341813437703849
      40
0.341813437703849
      40
0.342465753424658
      40
0.342465753424658
      40
0.342465753424658
      40
0.342465753424658
      40
0.343118069145466
      40
0.343118069145466
      40
0.343118069145466
      40
0.343118069145466
      40
0.343770384866275
      40
0.343770384866275
      40
0.343770384866275
      40
0.343770384866275
      40
0.344422700587084
      40
0.344422700587084
      40
0.344422700587084
      40
0.344422700587084
      40
0.345075016307893
      40
0.345075016307893
      40
0.345075016307893
      40
0.345075016307893
      40
0.345727332028702
      40
0.345727332028702
      40
0.345727332028702
      40
0.345727332028702
      40
0.346379647749511
      40
0.346379647749511
      40
0.346379647749511
      40
0.346379647749511
      40
0.34703196347032
      40
0.34703196347032
      40
0.34703196347032
      40
0.34703196347032
      40
0.347684279191128
      40
0.347684279191128
      40
0.347684279191128
      40
0.347684279191128
      40
0.348336594911937
      40
0.348336594911937
      40
0.348336594911937
      40
0.348336594911937
      40
0.348988910632746
      40
0.348988910632746
      40
0.348988910632746
      40
0.348988910632746
      40
0.349641226353555
      40
0.349641226353555
      40
0.349641226353555
      40
0.349641226353555
      40
0.350293542074364
      40
0.350293542074364
      40
0.350293542074364
      40
0.350293542074364
      40
0.350945857795173
      40
0.350945857795173
      40
0.350945857795173
      40
0.350945857795173
      40
0.351598173515982
      40
0.351598173515982
      40
0.351598173515982
      40
0.351598173515982
      40
0.352250489236791
      40
0.352250489236791
      40
0.352250489236791
      40
0.352250489236791
      40
0.352902804957599
      40
0.352902804957599
      40
0.352902804957599
      40
0.352902804957599
      40
0.353555120678408
      40
0.353555120678408
      40
0.353555120678408
      40
0.353555120678408
      40
0.354207436399217
      40
0.354207436399217
      40
0.354207436399217
      40
0.354207436399217
      40
0.354859752120026
      40
0.354859752120026
      40
0.354859752120026
      40
0.354859752120026
      40
0.355512067840835
      40
0.355512067840835
      40
0.355512067840835
      40
0.355512067840835
      40
0.356164383561644
      40
0.356164383561644
      40
0.356164383561644
      40
0.356164383561644
      40
0.356816699282453
      40
0.356816699282453
      40
0.356816699282453
      40
0.356816699282453
      40
0.357469015003262
      40
0.357469015003262
      40
0.357469015003262
      40
0.357469015003262
      40
0.35812133072407
      40
0.35812133072407
      40
0.35812133072407
      40
0.35812133072407
      40
0.358773646444879
      40
0.358773646444879
      40
0.358773646444879
      40
0.358773646444879
      40
0.359425962165688
      40
0.359425962165688
      40
0.359425962165688
      40
0.359425962165688
      40
0.360078277886497
      40
0.360078277886497
      40
0.360078277886497
      40
0.360078277886497
      40
0.360730593607306
      40
0.360730593607306
      40
0.360730593607306
      40
0.360730593607306
      40
0.361382909328115
      40
0.361382909328115
      40
0.361382909328115
      40
0.361382909328115
      40
0.362035225048924
      40
0.362035225048924
      40
0.362035225048924
      40
0.362035225048924
      40
0.362687540769733
      40
0.362687540769733
      40
0.362687540769733
      40
0.362687540769733
      40
0.363339856490541
      40
0.363339856490541
      40
0.363339856490541
      40
0.363339856490541
      40
0.36399217221135
      40
0.36399217221135
      40
0.36399217221135
      40
0.36399217221135
      40
0.364644487932159
      40
0.364644487932159
      40
0.364644487932159
      40
0.364644487932159
      40
0.365296803652968
      40
0.365296803652968
      40
0.365296803652968
      40
0.365296803652968
      40
0.365949119373777
      40
0.365949119373777
      40
0.365949119373777
      40
0.365949119373777
      40
0.366601435094586
      40
0.366601435094586
      40
0.366601435094586
      40
0.366601435094586
      40
0.367253750815395
      40
0.367253750815395
      40
0.367253750815395
      40
0.367253750815395
      40
0.367906066536204
      40
0.367906066536204
      40
0.367906066536204
      40
0.367906066536204
      40
0.368558382257012
      40
0.368558382257012
      40
0.368558382257012
      40
0.368558382257012
      40
0.369210697977821
      40
0.369210697977821
      40
0.369210697977821
      40
0.369210697977821
      40
0.36986301369863
      40
0.36986301369863
      40
0.36986301369863
      40
0.36986301369863
      40
0.370515329419439
      40
0.370515329419439
      40
0.370515329419439
      40
0.370515329419439
      40
0.371167645140248
      40
0.371167645140248
      40
0.371167645140248
      40
0.371167645140248
      40
0.371819960861057
      40
0.371819960861057
      40
0.371819960861057
      40
0.371819960861057
      40
0.372472276581866
      40
0.372472276581866
      40
0.372472276581866
      40
0.372472276581866
      40
0.373124592302674
      40
0.373124592302674
      40
0.373124592302674
      40
0.373124592302674
      40
0.373776908023483
      40
0.373776908023483
      40
0.373776908023483
      40
0.373776908023483
      40
0.374429223744292
      40
0.374429223744292
      40
0.374429223744292
      40
0.374429223744292
      40
0.375081539465101
      40
0.375081539465101
      40
0.375081539465101
      40
0.375081539465101
      40
0.37573385518591
      40
0.37573385518591
      40
0.37573385518591
      40
0.37573385518591
      40
0.376386170906719
      40
0.376386170906719
      40
0.376386170906719
      40
0.376386170906719
      40
0.377038486627528
      40
0.377038486627528
      40
0.377038486627528
      40
0.377038486627528
      40
0.377690802348337
      40
0.377690802348337
      40
0.377690802348337
      40
0.377690802348337
      40
0.378343118069145
      40
0.378343118069145
      40
0.378343118069145
      40
0.378343118069145
      40
0.378995433789954
      40
0.378995433789954
      40
0.378995433789954
      40
0.378995433789954
      40
0.379647749510763
      40
0.379647749510763
      40
0.379647749510763
      40
0.379647749510763
      40
0.380300065231572
      40
0.380300065231572
      40
0.380300065231572
      40
0.380300065231572
      40
0.380952380952381
      40
0.380952380952381
      40
0.380952380952381
      40
0.380952380952381
      40
0.38160469667319
      40
0.38160469667319
      40
0.38160469667319
      40
0.38160469667319
      40
0.382257012393999
      40
0.382257012393999
      40
0.382257012393999
      40
0.382257012393999
      40
0.382909328114808
      40
0.382909328114808
      40
0.382909328114808
      40
0.382909328114808
      40
0.383561643835616
      40
0.383561643835616
      40
0.383561643835616
      40
0.383561643835616
      40
0.384213959556425
      40
0.384213959556425
      40
0.384213959556425
      40
0.384213959556425
      40
0.384866275277234
      40
0.384866275277234
      40
0.384866275277234
      40
0.384866275277234
      40
0.385518590998043
      40
0.385518590998043
      40
0.385518590998043
      40
0.385518590998043
      40
0.386170906718852
      40
0.386170906718852
      40
0.386170906718852
      40
0.386170906718852
      40
0.386823222439661
      40
0.386823222439661
      40
0.386823222439661
      40
0.386823222439661
      40
0.38747553816047
      40
0.38747553816047
      40
0.38747553816047
      40
0.38747553816047
      40
0.388127853881279
      40
0.388127853881279
      40
0.388127853881279
      40
0.388127853881279
      40
0.388780169602087
      40
0.388780169602087
      40
0.388780169602087
      40
0.388780169602087
      40
0.389432485322896
      40
0.389432485322896
      40
0.389432485322896
      40
0.389432485322896
      40
0.390084801043705
      40
0.390084801043705
      40
0.390084801043705
      40
0.390084801043705
      40
0.390737116764514
      40
0.390737116764514
      40
0.390737116764514
      40
0.390737116764514
      40
0.391389432485323
      40
0.391389432485323
      40
0.391389432485323
      40
0.391389432485323
      40
0.392041748206132
      40
0.392041748206132
      40
0.392041748206132
      40
0.392041748206132
      40
0.392694063926941
      40
0.392694063926941
      40
0.392694063926941
      40
0.392694063926941
      40
0.393346379647749
      40
0.393346379647749
      40
0.393346379647749
      40
0.393346379647749
      40
0.393998695368558
      40
0.393998695368558
      40
0.393998695368558
      40
0.393998695368558
      40
0.394651011089367
      40
0.394651011089367
      40
0.394651011089367
      40
0.394651011089367
      40
0.395303326810176
      40
0.395303326810176
      40
0.395303326810176
      40
0.395303326810176
      40
0.395955642530985
      40
0.395955642530985
      40
0.395955642530985
      40
0.395955642530985
      40
0.396607958251794
      40
0.396607958251794
      40
0.396607958251794
      40
0.396607958251794
      40
0.397260273972603
      40
0.397260273972603
      40
0.397260273972603
      40
0.397260273972603
      40
0.397912589693412
      40
0.397912589693412
      40
0.397912589693412
      40
0.397912589693412
      40
0.39856490541422
      40
0.39856490541422
      40
0.39856490541422
      40
0.39856490541422
      40
0.399217221135029
      40
0.399217221135029
      40
0.399217221135029
      40
0.399217221135029
      40
0.399869536855838
      40
0.399869536855838
      40
0.399869536855838
      40
0.399869536855838
      40
0.400521852576647
      40
0.400521852576647
      40
0.400521852576647
      40
0.400521852576647
      40
0.401174168297456
      40
0.401174168297456
      40
0.401174168297456
      40
0.401174168297456
      40
0.401826484018265
      40
0.401826484018265
      40
0.401826484018265
      40
0.401826484018265
      40
0.402478799739074
      40
0.402478799739074
      40
0.402478799739074
      40
0.402478799739074
      40
0.403131115459883
      40
0.403131115459883
      40
0.403131115459883
      40
0.403131115459883
      40
0.403783431180691
      40
0.403783431180691
      40
0.403783431180691
      40
0.403783431180691
      40
0.4044357469015
      40
0.4044357469015
      40
0.4044357469015
      40
0.4044357469015
      40
0.405088062622309
      40
0.405088062622309
      40
0.405088062622309
      40
0.405088062622309
      40
0.405740378343118
      40
0.405740378343118
      40
0.405740378343118
      40
0.405740378343118
      40
0.406392694063927
      40
0.406392694063927
      40
0.406392694063927
      40
0.406392694063927
      40
0.407045009784736
      40
0.407045009784736
      40
0.407045009784736
      40
0.407045009784736
      40
0.407697325505545
      40
0.407697325505545
      40
0.407697325505545
      40
0.407697325505545
      40
0.408349641226354
      40
0.408349641226354
      40
0.408349641226354
      40
0.408349641226354
      40
0.409001956947162
      40
0.409001956947162
      40
0.409001956947162
      40
0.409001956947162
      40
0.409654272667971
      40
0.409654272667971
      40
0.409654272667971
      40
0.409654272667971
      40
0.41030658838878
      40
0.41030658838878
      40
0.41030658838878
      40
0.41030658838878
      40
0.410958904109589
      40
0.410958904109589
      40
0.410958904109589
      40
0.410958904109589
      40
0.411611219830398
      40
0.411611219830398
      40
0.411611219830398
      40
0.411611219830398
      40
0.412263535551207
      40
0.412263535551207
      40
0.412263535551207
      40
0.412263535551207
      40
0.412915851272016
      40
0.412915851272016
      40
0.412915851272016
      40
0.412915851272016
      40
0.413568166992825
      40
0.413568166992825
      40
0.413568166992825
      40
0.413568166992825
      40
0.414220482713633
      40
0.414220482713633
      40
0.414220482713633
      40
0.414220482713633
      40
0.414872798434442
      40
0.414872798434442
      40
0.414872798434442
      40
0.414872798434442
      40
0.415525114155251
      40
0.415525114155251
      40
0.415525114155251
      40
0.415525114155251
      40
0.41617742987606
      40
0.41617742987606
      40
0.41617742987606
      40
0.41617742987606
      40
0.416829745596869
      40
0.416829745596869
      40
0.416829745596869
      40
0.416829745596869
      40
0.417482061317678
      40
0.417482061317678
      40
0.417482061317678
      40
0.417482061317678
      40
0.418134377038487
      40
0.418134377038487
      40
0.418134377038487
      40
0.418134377038487
      40
0.418786692759295
      40
0.418786692759295
      40
0.418786692759295
      40
0.418786692759295
      40
0.419439008480104
      40
0.419439008480104
      40
0.419439008480104
      40
0.419439008480104
      40
0.420091324200913
      40
0.420091324200913
      40
0.420091324200913
      40
0.420091324200913
      40
0.420743639921722
      40
0.420743639921722
      40
0.420743639921722
      40
0.420743639921722
      40
0.421395955642531
      40
0.421395955642531
      40
0.421395955642531
      40
0.421395955642531
      40
0.42204827136334
      40
0.42204827136334
      40
0.42204827136334
      40
0.42204827136334
      40
0.422700587084149
      40
0.422700587084149
      40
0.422700587084149
      40
0.422700587084149
      40
0.423352902804958
      40
0.423352902804958
      40
0.423352902804958
      40
0.423352902804958
      40
0.424005218525766
      40
0.424005218525766
      40
0.424005218525766
      40
0.424005218525766
      40
0.424657534246575
      40
0.424657534246575
      40
0.424657534246575
      40
0.424657534246575
      40
0.425309849967384
      40
0.425309849967384
      40
0.425309849967384
      40
0.425309849967384
      40
0.425962165688193
      40
0.425962165688193
      40
0.425962165688193
      40
0.425962165688193
      40
0.426614481409002
      40
0.426614481409002
      40
0.426614481409002
      40
0.426614481409002
      40
0.427266797129811
      40
0.427266797129811
      40
0.427266797129811
      40
0.427266797129811
      40
0.42791911285062
      40
0.42791911285062
      40
0.42791911285062
      40
0.42791911285062
      40
0.428571428571429
      40
0.428571428571429
      40
0.428571428571429
      40
0.428571428571429
      40
0.429223744292237
      40
0.429223744292237
      40
0.429223744292237
      40
0.429223744292237
      40
0.429876060013046
      40
0.429876060013046
      40
0.429876060013046
      40
0.429876060013046
      40
0.430528375733855
      40
0.430528375733855
      40
0.430528375733855
      40
0.430528375733855
      40
0.431180691454664
      40
0.431180691454664
      40
0.431180691454664
      40
0.431180691454664
      40
0.431833007175473
      40
0.431833007175473
      40
0.431833007175473
      40
0.431833007175473
      40
0.432485322896282
      40
0.432485322896282
      40
0.432485322896282
      40
0.432485322896282
      40
0.433137638617091
      40
0.433137638617091
      40
0.433137638617091
      40
0.433137638617091
      40
0.4337899543379
      40
0.4337899543379
      40
0.4337899543379
      40
0.4337899543379
      40
0.434442270058708
      40
0.434442270058708
      40
0.434442270058708
      40
0.434442270058708
      40
0.435094585779517
      40
0.435094585779517
      40
0.435094585779517
      40
0.435094585779517
      40
0.435746901500326
      40
0.435746901500326
      40
0.435746901500326
      40
0.435746901500326
      40
0.436399217221135
      40
0.436399217221135
      40
0.436399217221135
      40
0.436399217221135
      40
0.437051532941944
      40
0.437051532941944
      40
0.437051532941944
      40
0.437051532941944
      40
0.437703848662753
      40
0.437703848662753
      40
0.437703848662753
      40
0.437703848662753
      40
0.438356164383562
      40
0.438356164383562
      40
0.438356164383562
      40
0.438356164383562
      40
0.43900848010437
      40
0.43900848010437
      40
0.43900848010437
      40
0.43900848010437
      40
0.439660795825179
      40
0.439660795825179
      40
0.439660795825179
      40
0.439660795825179
      40
0.440313111545988
      40
0.440313111545988
      40
0.440313111545988
      40
0.440313111545988
      40
0.440965427266797
      40
0.440965427266797
      40
0.440965427266797
      40
0.440965427266797
      40
0.441617742987606
      40
0.441617742987606
      40
0.441617742987606
      40
0.441617742987606
      40
0.442270058708415
      40
0.442270058708415
      40
0.442270058708415
      40
0.442270058708415
      40
0.442922374429224
      40
0.442922374429224
      40
0.442922374429224
      40
0.442922374429224
      40
0.443574690150033
      40
0.443574690150033
      40
0.443574690150033
      40
0.443574690150033
      40
0.444227005870841
      40
0.444227005870841
      40
0.444227005870841
      40
0.444227005870841
      40
0.44487932159165
      40
0.44487932159165
      40
0.44487932159165
      40
0.44487932159165
      40
0.445531637312459
      40
0.445531637312459
      40
0.445531637312459
      40
0.445531637312459
      40
0.446183953033268
      40
0.446183953033268
      40
0.446183953033268
      40
0.446183953033268
      40
0.446836268754077
      40
0.446836268754077
      40
0.446836268754077
      40
0.446836268754077
      40
0.447488584474886
      40
0.447488584474886
      40
0.447488584474886
      40
0.447488584474886
      40
0.448140900195695
      40
0.448140900195695
      40
0.448140900195695
      40
0.448140900195695
      40
0.448793215916504
      40
0.448793215916504
      40
0.448793215916504
      40
0.448793215916504
      40
0.449445531637312
      40
0.449445531637312
      40
0.449445531637312
      40
0.449445531637312
      40
0.450097847358121
      40
0.450097847358121
      40
0.450097847358121
      40
0.450097847358121
      40
0.45075016307893
      40
0.45075016307893
      40
0.45075016307893
      40
0.45075016307893
      40
0.451402478799739
      40
0.451402478799739
      40
0.451402478799739
      40
0.451402478799739
      40
0.452054794520548
      40
0.452054794520548
      40
0.452054794520548
      40
0.452054794520548
      40
0.452707110241357
      40
0.452707110241357
      40
0.452707110241357
      40
0.452707110241357
      40
0.453359425962166
      40
0.453359425962166
      40
0.453359425962166
      40
0.453359425962166
      40
0.454011741682975
      40
0.454011741682975
      40
0.454011741682975
      40
0.454011741682975
      40
0.454664057403783
      40
0.454664057403783
      40
0.454664057403783
      40
0.454664057403783
      40
0.455316373124592
      40
0.455316373124592
      40
0.455316373124592
      40
0.455316373124592
      40
0.455968688845401
      40
0.455968688845401
      40
0.455968688845401
      40
0.455968688845401
      40
0.45662100456621
      40
0.45662100456621
      40
0.45662100456621
      40
0.45662100456621
      40
0.457273320287019
      40
0.457273320287019
      40
0.457273320287019
      40
0.457273320287019
      40
0.457925636007828
      40
0.457925636007828
      40
0.457925636007828
      40
0.457925636007828
      40
0.458577951728637
      40
0.458577951728637
      40
0.458577951728637
      40
0.458577951728637
      40
0.459230267449446
      40
0.459230267449446
      40
0.459230267449446
      40
0.459230267449446
      40
0.459882583170254
      40
0.459882583170254
      40
0.459882583170254
      40
0.459882583170254
      40
0.460534898891063
      40
0.460534898891063
      40
0.460534898891063
      40
0.460534898891063
      40
0.461187214611872
      40
0.461187214611872
      40
0.461187214611872
      40
0.461187214611872
      40
0.461839530332681
      40
0.461839530332681
      40
0.461839530332681
      40
0.461839530332681
      40
0.46249184605349
      40
0.46249184605349
      40
0.46249184605349
      40
0.46249184605349
      40
0.463144161774299
      40
0.463144161774299
      40
0.463144161774299
      40
0.463144161774299
      40
0.463796477495108
      40
0.463796477495108
      40
0.463796477495108
      40
0.463796477495108
      40
0.464448793215916
      40
0.464448793215916
      40
0.464448793215916
      40
0.464448793215916
      40
0.465101108936725
      40
0.465101108936725
      40
0.465101108936725
      40
0.465101108936725
      40
0.465753424657534
      40
0.465753424657534
      40
0.465753424657534
      40
0.465753424657534
      40
0.466405740378343
      40
0.466405740378343
      40
0.466405740378343
      40
0.466405740378343
      40
0.467058056099152
      40
0.467058056099152
      40
0.467058056099152
      40
0.467058056099152
      40
0.467710371819961
      40
0.467710371819961
      40
0.467710371819961
      40
0.467710371819961
      40
0.46836268754077
      40
0.46836268754077
      40
0.46836268754077
      40
0.46836268754077
      40
0.469015003261579
      40
0.469015003261579
      40
0.469015003261579
      40
0.469015003261579
      40
0.469667318982387
      40
0.469667318982387
      40
0.469667318982387
      40
0.469667318982387
      40
0.470319634703196
      40
0.470319634703196
      40
0.470319634703196
      40
0.470319634703196
      40
0.470971950424005
      40
0.470971950424005
      40
0.470971950424005
      40
0.470971950424005
      40
0.471624266144814
      40
0.471624266144814
      40
0.471624266144814
      40
0.471624266144814
      40
0.472276581865623
      40
0.472276581865623
      40
0.472276581865623
      40
0.472276581865623
      40
0.472928897586432
      40
0.472928897586432
      40
0.472928897586432
      40
0.472928897586432
      40
0.473581213307241
      40
0.473581213307241
      40
0.473581213307241
      40
0.473581213307241
      40
0.47423352902805
      40
0.47423352902805
      40
0.47423352902805
      40
0.47423352902805
      40
0.474885844748858
      40
0.474885844748858
      40
0.474885844748858
      40
0.474885844748858
      40
0.475538160469667
      40
0.475538160469667
      40
0.475538160469667
      40
0.475538160469667
      40
0.476190476190476
      40
0.476190476190476
      40
0.476190476190476
      40
0.476190476190476
      40
0.476842791911285
      40
0.476842791911285
      40
0.476842791911285
      40
0.476842791911285
      40
0.477495107632094
      40
0.477495107632094
      40
0.477495107632094
      40
0.477495107632094
      40
0.478147423352903
      40
0.478147423352903
      40
0.478147423352903
      40
0.478147423352903
      40
0.478799739073712
      40
0.478799739073712
      40
0.478799739073712
      40
0.478799739073712
      40
0.479452054794521
      40
0.479452054794521
      40
0.479452054794521
      40
0.479452054794521
      40
0.480104370515329
      40
0.480104370515329
      40
0.480104370515329
      40
0.480104370515329
      40
0.480756686236138
      40
0.480756686236138
      40
0.480756686236138
      40
0.480756686236138
      40
0.481409001956947
      40
0.481409001956947
      40
0.481409001956947
      40
0.481409001956947
      40
0.482061317677756
      40
0.482061317677756
      40
0.482061317677756
      40
0.482061317677756
      40
0.482713633398565
      40
0.482713633398565
      40
0.482713633398565
      40
0.482713633398565
      40
0.483365949119374
      40
0.483365949119374
      40
0.483365949119374
      40
0.483365949119374
      40
0.484018264840183
      40
0.484018264840183
      40
0.484018264840183
      40
0.484018264840183
      40
0.484670580560991
      40
0.484670580560991
      40
0.484670580560991
      40
0.484670580560991
      40
0.4853228962818
      40
0.4853228962818
      40
0.4853228962818
      40
0.4853228962818
      40
0.485975212002609
      40
0.485975212002609
      40
0.485975212002609
      40
0.485975212002609
      40
0.486627527723418
      40
0.486627527723418
      40
0.486627527723418
      40
0.486627527723418
      40
0.487279843444227
      40
0.487279843444227
      40
0.487279843444227
      40
0.487279843444227
      40
0.487932159165036
      40
0.487932159165036
      40
0.487932159165036
      40
0.487932159165036
      40
0.488584474885845
      40
0.488584474885845
      40
0.488584474885845
      40
0.488584474885845
      40
0.489236790606654
      40
0.489236790606654
      40
0.489236790606654
      40
0.489236790606654
      40
0.489889106327462
      40
0.489889106327462
      40
0.489889106327462
      40
0.489889106327462
      40
0.490541422048271
      40
0.490541422048271
      40
0.490541422048271
      40
0.490541422048271
      40
0.49119373776908
      40
0.49119373776908
      40
0.49119373776908
      40
0.49119373776908
      40
0.491846053489889
      40
0.491846053489889
      40
0.491846053489889
      40
0.491846053489889
      40
0.492498369210698
      40
0.492498369210698
      40
0.492498369210698
      40
0.492498369210698
      40
0.493150684931507
      40
0.493150684931507
      40
0.493150684931507
      40
0.493150684931507
      40
0.493803000652316
      40
0.493803000652316
      40
0.493803000652316
      40
0.493803000652316
      40
0.494455316373125
      40
0.494455316373125
      40
0.494455316373125
      40
0.494455316373125
      40
0.495107632093933
      40
0.495107632093933
      40
0.495107632093933
      40
0.495107632093933
      40
0.495759947814742
      40
0.495759947814742
      40
0.495759947814742
      40
0.495759947814742
      40
0.496412263535551
      40
0.496412263535551
      40
0.496412263535551
      40
0.496412263535551
      40
0.49706457925636
      40
0.49706457925636
      40
0.49706457925636
      40
0.49706457925636
      40
0.497716894977169
      40
0.497716894977169
      40
0.497716894977169
      40
0.497716894977169
      40
0.498369210697978
      40
0.498369210697978
      40
0.498369210697978
      40
0.498369210697978
      40
0.499021526418787
      40
0.499021526418787
      40
0.499021526418787
      40
0.499021526418787
      40
0.499673842139596
      40
0.499673842139596
      40
0.499673842139596
      40
0.499673842139596
      40
0.500326157860404
      40
0.500326157860404
      40
0.500326157860404
      40
0.500326157860404
      40
0.500978473581213
      40
0.500978473581213
      40
0.500978473581213
      40
0.500978473581213
      40
0.501630789302022
      40
0.501630789302022
      40
0.501630789302022
      40
0.501630789302022
      40
0.502283105022831
      40
0.502283105022831
      40
0.502283105022831
      40
0.502283105022831
      40
0.50293542074364
      40
0.50293542074364
      40
0.50293542074364
      40
0.50293542074364
      40
0.503587736464449
      40
0.503587736464449
      40
0.503587736464449
      40
0.503587736464449
      40
0.504240052185258
      40
0.504240052185258
      40
0.504240052185258
      40
0.504240052185258
      40
0.504892367906067
      40
0.504892367906067
      40
0.504892367906067
      40
0.504892367906067
      40
0.505544683626875
      40
0.505544683626875
      40
0.505544683626875
      40
0.505544683626875
      40
0.506196999347684
      40
0.506196999347684
      40
0.506196999347684
      40
0.506196999347684
      40
0.506849315068493
      40
0.506849315068493
      40
0.506849315068493
      40
0.506849315068493
      40
0.507501630789302
      40
0.507501630789302
      40
0.507501630789302
      40
0.507501630789302
      40
0.508153946510111
      40
0.508153946510111
      40
0.508153946510111
      40
0.508153946510111
      40
0.50880626223092
      40
0.50880626223092
      40
0.50880626223092
      40
0.50880626223092
      40
0.509458577951729
      40
0.509458577951729
      40
0.509458577951729
      40
0.509458577951729
      40
0.510110893672537
      40
0.510110893672537
      40
0.510110893672537
      40
0.510110893672537
      40
0.510763209393346
      40
0.510763209393346
      40
0.510763209393346
      40
0.510763209393346
      40
0.511415525114155
      40
0.511415525114155
      40
0.511415525114155
      40
0.511415525114155
      40
0.512067840834964
      40
0.512067840834964
      40
0.512067840834964
      40
0.512067840834964
      40
0.512720156555773
      40
0.512720156555773
      40
0.512720156555773
      40
0.512720156555773
      40
0.513372472276582
      40
0.513372472276582
      40
0.513372472276582
      40
0.513372472276582
      40
0.514024787997391
      40
0.514024787997391
      40
0.514024787997391
      40
0.514024787997391
      40
0.5146771037182
      40
0.5146771037182
      40
0.5146771037182
      40
0.5146771037182
      40
0.515329419439008
      40
0.515329419439008
      40
0.515329419439008
      40
0.515329419439008
      40
0.515981735159817
      40
0.515981735159817
      40
0.515981735159817
      40
0.515981735159817
      40
0.516634050880626
      40
0.516634050880626
      40
0.516634050880626
      40
0.516634050880626
      40
0.517286366601435
      40
0.517286366601435
      40
0.517286366601435
      40
0.517286366601435
      40
0.517938682322244
      40
0.517938682322244
      40
0.517938682322244
      40
0.517938682322244
      40
0.518590998043053
      40
0.518590998043053
      40
0.518590998043053
      40
0.518590998043053
      40
0.519243313763862
      40
0.519243313763862
      40
0.519243313763862
      40
0.519243313763862
      40
0.519895629484671
      40
0.519895629484671
      40
0.519895629484671
      40
0.519895629484671
      40
0.520547945205479
      40
0.520547945205479
      40
0.520547945205479
      40
0.520547945205479
      40
0.521200260926288
      40
0.521200260926288
      40
0.521200260926288
      40
0.521200260926288
      40
0.521852576647097
      40
0.521852576647097
      40
0.521852576647097
      40
0.521852576647097
      40
0.522504892367906
      40
0.522504892367906
      40
0.522504892367906
      40
0.522504892367906
      40
0.523157208088715
      40
0.523157208088715
      40
0.523157208088715
      40
0.523157208088715
      40
0.523809523809524
      40
0.523809523809524
      40
0.523809523809524
      40
0.523809523809524
      40
0.524461839530333
      40
0.524461839530333
      40
0.524461839530333
      40
0.524461839530333
      40
0.525114155251142
      40
0.525114155251142
      40
0.525114155251142
      40
0.525114155251142
      40
0.52576647097195
      40
0.52576647097195
      40
0.52576647097195
      40
0.52576647097195
      40
0.526418786692759
      40
0.526418786692759
      40
0.526418786692759
      40
0.526418786692759
      40
0.527071102413568
      40
0.527071102413568
      40
0.527071102413568
      40
0.527071102413568
      40
0.527723418134377
      40
0.527723418134377
      40
0.527723418134377
      40
0.527723418134377
      40
0.528375733855186
      40
0.528375733855186
      40
0.528375733855186
      40
0.528375733855186
      40
0.529028049575995
      40
0.529028049575995
      40
0.529028049575995
      40
0.529028049575995
      40
0.529680365296804
      40
0.529680365296804
      40
0.529680365296804
      40
0.529680365296804
      40
0.530332681017613
      40
0.530332681017613
      40
0.530332681017613
      40
0.530332681017613
      40
0.530984996738421
      40
0.530984996738421
      40
0.530984996738421
      40
0.530984996738421
      40
0.53163731245923
      40
0.53163731245923
      40
0.53163731245923
      40
0.53163731245923
      40
0.532289628180039
      40
0.532289628180039
      40
0.532289628180039
      40
0.532289628180039
      40
0.532941943900848
      40
0.532941943900848
      40
0.532941943900848
      40
0.532941943900848
      40
0.533594259621657
      40
0.533594259621657
      40
0.533594259621657
      40
0.533594259621657
      40
0.534246575342466
      40
0.534246575342466
      40
0.534246575342466
      40
0.534246575342466
      40
0.534898891063275
      40
0.534898891063275
      40
0.534898891063275
      40
0.534898891063275
      40
0.535551206784084
      40
0.535551206784084
      40
0.535551206784084
      40
0.535551206784084
      40
0.536203522504892
      40
0.536203522504892
      40
0.536203522504892
      40
0.536203522504892
      40
0.536855838225701
      40
0.536855838225701
      40
0.536855838225701
      40
0.536855838225701
      40
0.53750815394651
      40
0.53750815394651
      40
0.53750815394651
      40
0.53750815394651
      40
0.538160469667319
      40
0.538160469667319
      40
0.538160469667319
      40
0.538160469667319
      40
0.538812785388128
      40
0.538812785388128
      40
0.538812785388128
      40
0.538812785388128
      40
0.539465101108937
      40
0.539465101108937
      40
0.539465101108937
      40
0.539465101108937
      40
0.540117416829746
      40
0.540117416829746
      40
0.540117416829746
      40
0.540117416829746
      40
0.540769732550554
      40
0.540769732550554
      40
0.540769732550554
      40
0.540769732550554
      40
0.541422048271363
      40
0.541422048271363
      40
0.541422048271363
      40
0.541422048271363
      40
0.542074363992172
      40
0.542074363992172
      40
0.542074363992172
      40
0.542074363992172
      40
0.542726679712981
      40
0.542726679712981
      40
0.542726679712981
      40
0.542726679712981
      40
0.54337899543379
      40
0.54337899543379
      40
0.54337899543379
      40
0.54337899543379
      40
0.544031311154599
      40
0.544031311154599
      40
0.544031311154599
      40
0.544031311154599
      40
0.544683626875408
      40
0.544683626875408
      40
0.544683626875408
      40
0.544683626875408
      40
0.545335942596217
      40
0.545335942596217
      40
0.545335942596217
      40
0.545335942596217
      40
0.545988258317025
      40
0.545988258317025
      40
0.545988258317025
      40
0.545988258317025
      40
0.546640574037834
      40
0.546640574037834
      40
0.546640574037834
      40
0.546640574037834
      40
0.547292889758643
      40
0.547292889758643
      40
0.547292889758643
      40
0.547292889758643
      40
0.547945205479452
      40
0.547945205479452
      40
0.547945205479452
      40
0.547945205479452
      40
0.548597521200261
      40
0.548597521200261
      40
0.548597521200261
      40
0.548597521200261
      40
0.54924983692107
      40
0.54924983692107
      40
0.54924983692107
      40
0.54924983692107
      40
0.549902152641879
      40
0.549902152641879
      40
0.549902152641879
      40
0.549902152641879
      40
0.550554468362688
      40
0.550554468362688
      40
0.550554468362688
      40
0.550554468362688
      40
0.551206784083496
      40
0.551206784083496
      40
0.551206784083496
      40
0.551206784083496
      40
0.551859099804305
      40
0.551859099804305
      40
0.551859099804305
      40
0.551859099804305
      40
0.552511415525114
      40
0.552511415525114
      40
0.552511415525114
      40
0.552511415525114
      40
0.553163731245923
      40
0.553163731245923
      40
0.553163731245923
      40
0.553163731245923
      40
0.553816046966732
      40
0.553816046966732
      40
0.553816046966732
      40
0.553816046966732
      40
0.554468362687541
      40
0.554468362687541
      40
0.554468362687541
      40
0.554468362687541
      40
0.55512067840835
      40
0.55512067840835
      40
0.55512067840835
      40
0.55512067840835
      40
0.555772994129158
      40
0.555772994129158
      40
0.555772994129158
      40
0.555772994129158
      40
0.556425309849967
      40
0.556425309849967
      40
0.556425309849967
      40
0.556425309849967
      40
0.557077625570776
      40
0.557077625570776
      40
0.557077625570776
      40
0.557077625570776
      40
0.557729941291585
      40
0.557729941291585
      40
0.557729941291585
      40
0.557729941291585
      40
0.558382257012394
      40
0.558382257012394
      40
0.558382257012394
      40
0.558382257012394
      40
0.559034572733203
      40
0.559034572733203
      40
0.559034572733203
      40
0.559034572733203
      40
0.559686888454012
      40
0.559686888454012
      40
0.559686888454012
      40
0.559686888454012
      40
0.560339204174821
      40
0.560339204174821
      40
0.560339204174821
      40
0.560339204174821
      40
0.560991519895629
      40
0.560991519895629
      40
0.560991519895629
      40
0.560991519895629
      40
0.561643835616438
      40
0.561643835616438
      40
0.561643835616438
      40
0.561643835616438
      40
0.562296151337247
      40
0.562296151337247
      40
0.562296151337247
      40
0.562296151337247
      40
0.562948467058056
      40
0.562948467058056
      40
0.562948467058056
      40
0.562948467058056
      40
0.563600782778865
      40
0.563600782778865
      40
0.563600782778865
      40
0.563600782778865
      40
0.564253098499674
      40
0.564253098499674
      40
0.564253098499674
      40
0.564253098499674
      40
0.564905414220483
      40
0.564905414220483
      40
0.564905414220483
      40
0.564905414220483
      40
0.565557729941292
      40
0.565557729941292
      40
0.565557729941292
      40
0.565557729941292
      40
0.5662100456621
      40
0.5662100456621
      40
0.5662100456621
      40
0.5662100456621
      40
0.566862361382909
      40
0.566862361382909
      40
0.566862361382909
      40
0.566862361382909
      40
0.567514677103718
      40
0.567514677103718
      40
0.567514677103718
      40
0.567514677103718
      40
0.568166992824527
      40
0.568166992824527
      40
0.568166992824527
      40
0.568166992824527
      40
0.568819308545336
      40
0.568819308545336
      40
0.568819308545336
      40
0.568819308545336
      40
0.569471624266145
      40
0.569471624266145
      40
0.569471624266145
      40
0.569471624266145
      40
0.570123939986954
      40
0.570123939986954
      40
0.570123939986954
      40
0.570123939986954
      40
0.570776255707763
      40
0.570776255707763
      40
0.570776255707763
      40
0.570776255707763
      40
0.571428571428571
      40
0.571428571428571
      40
0.571428571428571
      40
0.571428571428571
      40
0.57208088714938
      40
0.57208088714938
      40
0.57208088714938
      40
0.57208088714938
      40
0.572733202870189
      40
0.572733202870189
      40
0.572733202870189
      40
0.572733202870189
      40
0.573385518590998
      40
0.573385518590998
      40
0.573385518590998
      40
0.573385518590998
      40
0.574037834311807
      40
0.574037834311807
      40
0.574037834311807
      40
0.574037834311807
      40
0.574690150032616
      40
0.574690150032616
      40
0.574690150032616
      40
0.574690150032616
      40
0.575342465753425
      40
0.575342465753425
      40
0.575342465753425
      40
0.575342465753425
      40
0.575994781474234
      40
0.575994781474234
      40
0.575994781474234
      40
0.575994781474234
      40
0.576647097195042
      40
0.576647097195042
      40
0.576647097195042
      40
0.576647097195042
      40
0.577299412915851
      40
0.577299412915851
      40
0.577299412915851
      40
0.577299412915851
      40
0.57795172863666
      40
0.57795172863666
      40
0.57795172863666
      40
0.57795172863666
      40
0.578604044357469
      40
0.578604044357469
      40
0.578604044357469
      40
0.578604044357469
      40
0.579256360078278
      40
0.579256360078278
      40
0.579256360078278
      40
0.579256360078278
      40
0.579908675799087
      40
0.579908675799087
      40
0.579908675799087
      40
0.579908675799087
      40
0.580560991519896
      40
0.580560991519896
      40
0.580560991519896
      40
0.580560991519896
      40
0.581213307240705
      40
0.581213307240705
      40
0.581213307240705
      40
0.581213307240705
      40
0.581865622961513
      40
0.581865622961513
      40
0.581865622961513
      40
0.581865622961513
      40
0.582517938682322
      40
0.582517938682322
      40
0.582517938682322
      40
0.582517938682322
      40
0.583170254403131
      40
0.583170254403131
      40
0.583170254403131
      40
0.583170254403131
      40
0.58382257012394
      40
0.58382257012394
      40
0.58382257012394
      40
0.58382257012394
      40
0.584474885844749
      40
0.584474885844749
      40
0.584474885844749
      40
0.584474885844749
      40
0.585127201565558
      40
0.585127201565558
      40
0.585127201565558
      40
0.585127201565558
      40
0.585779517286367
      40
0.585779517286367
      40
0.585779517286367
      40
0.585779517286367
      40
0.586431833007175
      40
0.586431833007175
      40
0.586431833007175
      40
0.586431833007175
      40
0.587084148727984
      40
0.587084148727984
      40
0.587084148727984
      40
0.587084148727984
      40
0.587736464448793
      40
0.587736464448793
      40
0.587736464448793
      40
0.587736464448793
      40
0.588388780169602
      40
0.588388780169602
      40
0.588388780169602
      40
0.588388780169602
      40
0.589041095890411
      40
0.589041095890411
      40
0.589041095890411
      40
0.589041095890411
      40
0.58969341161122
      40
0.58969341161122
      40
0.58969341161122
      40
0.58969341161122
      40
0.590345727332029
      40
0.590345727332029
      40
0.590345727332029
      40
0.590345727332029
      40
0.590998043052838
      40
0.590998043052838
      40
0.590998043052838
      40
0.590998043052838
      40
0.591650358773646
      40
0.591650358773646
      40
0.591650358773646
      40
0.591650358773646
      40
0.592302674494455
      40
0.592302674494455
      40
0.592302674494455
      40
0.592302674494455
      40
0.592954990215264
      40
0.592954990215264
      40
0.592954990215264
      40
0.592954990215264
      40
0.593607305936073
      40
0.593607305936073
      40
0.593607305936073
      40
0.593607305936073
      40
0.594259621656882
      40
0.594259621656882
      40
0.594259621656882
      40
0.594259621656882
      40
0.594911937377691
      40
0.594911937377691
      40
0.594911937377691
      40
0.594911937377691
      40
0.5955642530985
      40
0.5955642530985
      40
0.5955642530985
      40
0.5955642530985
      40
0.596216568819309
      40
0.596216568819309
      40
0.596216568819309
      40
0.596216568819309
      40
0.596868884540117
      40
0.596868884540117
      40
0.596868884540117
      40
0.596868884540117
      40
0.597521200260926
      40
0.597521200260926
      40
0.597521200260926
      40
0.597521200260926
      40
0.598173515981735
      40
0.598173515981735
      40
0.598173515981735
      40
0.598173515981735
      40
0.598825831702544
      40
0.598825831702544
      40
0.598825831702544
      40
0.598825831702544
      40
0.599478147423353
      40
0.599478147423353
      40
0.599478147423353
      40
0.599478147423353
      40
0.600130463144162
      40
0.600130463144162
      40
0.600130463144162
      40
0.600130463144162
      40
0.600782778864971
      40
0.600782778864971
      40
0.600782778864971
      40
0.600782778864971
      40
0.601435094585779
      40
0.601435094585779
      40
0.601435094585779
      40
0.601435094585779
      40
0.602087410306588
      40
0.602087410306588
      40
0.602087410306588
      40
0.602087410306588
      40
0.602739726027397
      40
0.602739726027397
      40
0.602739726027397
      40
0.602739726027397
      40
0.603392041748206
      40
0.603392041748206
      40
0.603392041748206
      40
0.603392041748206
      40
0.604044357469015
      40
0.604044357469015
      40
0.604044357469015
      40
0.604044357469015
      40
0.604696673189824
      40
0.604696673189824
      40
0.604696673189824
      40
0.604696673189824
      40
0.605348988910633
      40
0.605348988910633
      40
0.605348988910633
      40
0.605348988910633
      40
0.606001304631442
      40
0.606001304631442
      40
0.606001304631442
      40
0.606001304631442
      40
0.60665362035225
      40
0.60665362035225
      40
0.60665362035225
      40
0.60665362035225
      40
0.607305936073059
      40
0.607305936073059
      40
0.607305936073059
      40
0.607305936073059
      40
0.607958251793868
      40
0.607958251793868
      40
0.607958251793868
      40
0.607958251793868
      40
0.608610567514677
      40
0.608610567514677
      40
0.608610567514677
      40
0.608610567514677
      40
0.609262883235486
      40
0.609262883235486
      40
0.609262883235486
      40
0.609262883235486
      40
0.609915198956295
      40
0.609915198956295
      40
0.609915198956295
      40
0.609915198956295
      40
0.610567514677104
      40
0.610567514677104
      40
0.610567514677104
      40
0.610567514677104
      40
0.611219830397913
      40
0.611219830397913
      40
0.611219830397913
      40
0.611219830397913
      40
0.611872146118721
      40
0.611872146118721
      40
0.611872146118721
      40
0.611872146118721
      40
0.61252446183953
      40
0.61252446183953
      40
0.61252446183953
      40
0.61252446183953
      40
0.613176777560339
      40
0.613176777560339
      40
0.613176777560339
      40
0.613176777560339
      40
0.613829093281148
      40
0.613829093281148
      40
0.613829093281148
      40
0.613829093281148
      40
0.614481409001957
      40
0.614481409001957
      40
0.614481409001957
      40
0.614481409001957
      40
0.615133724722766
      40
0.615133724722766
      40
0.615133724722766
      40
0.615133724722766
      40
0.615786040443575
      40
0.615786040443575
      40
0.615786040443575
      40
0.615786040443575
      40
0.616438356164384
      40
0.616438356164384
      40
0.616438356164384
      40
0.616438356164384
      40
0.617090671885192
      40
0.617090671885192
      40
0.617090671885192
      40
0.617090671885192
      40
0.617742987606001
      40
0.617742987606001
      40
0.617742987606001
      40
0.617742987606001
      40
0.61839530332681
      40
0.61839530332681
      40
0.61839530332681
      40
0.61839530332681
      40
0.619047619047619
      40
0.619047619047619
      40
0.619047619047619
      40
0.619047619047619
      40
0.619699934768428
      40
0.619699934768428
      40
0.619699934768428
      40
0.619699934768428
      40
0.620352250489237
      40
0.620352250489237
      40
0.620352250489237
      40
0.620352250489237
      40
0.621004566210046
      40
0.621004566210046
      40
0.621004566210046
      40
0.621004566210046
      40
0.621656881930855
      40
0.621656881930855
      40
0.621656881930855
      40
0.621656881930855
      40
0.622309197651663
      40
0.622309197651663
      40
0.622309197651663
      40
0.622309197651663
      40
0.622961513372472
      40
0.622961513372472
      40
0.622961513372472
      40
0.622961513372472
      40
0.623613829093281
      40
0.623613829093281
      40
0.623613829093281
      40
0.623613829093281
      40
0.62426614481409
      40
0.62426614481409
      40
0.62426614481409
      40
0.62426614481409
      40
0.624918460534899
      40
0.624918460534899
      40
0.624918460534899
      40
0.624918460534899
      40
0.625570776255708
      40
0.625570776255708
      40
0.625570776255708
      40
0.625570776255708
      40
0.626223091976517
      40
0.626223091976517
      40
0.626223091976517
      40
0.626223091976517
      40
0.626875407697326
      40
0.626875407697326
      40
0.626875407697326
      40
0.626875407697326
      40
0.627527723418134
      40
0.627527723418134
      40
0.627527723418134
      40
0.627527723418134
      40
0.628180039138943
      40
0.628180039138943
      40
0.628180039138943
      40
0.628180039138943
      40
0.628832354859752
      40
0.628832354859752
      40
0.628832354859752
      40
0.628832354859752
      40
0.629484670580561
      40
0.629484670580561
      40
0.629484670580561
      40
0.629484670580561
      40
0.63013698630137
      40
0.63013698630137
      40
0.63013698630137
      40
0.63013698630137
      40
0.630789302022179
      40
0.630789302022179
      40
0.630789302022179
      40
0.630789302022179
      40
0.631441617742988
      40
0.631441617742988
      40
0.631441617742988
      40
0.631441617742988
      40
0.632093933463796
      40
0.632093933463796
      40
0.632093933463796
      40
0.632093933463796
      40
0.632746249184605
      40
0.632746249184605
      40
0.632746249184605
      40
0.632746249184605
      40
0.633398564905414
      40
0.633398564905414
      40
0.633398564905414
      40
0.633398564905414
      40
0.634050880626223
      40
0.634050880626223
      40
0.634050880626223
      40
0.634050880626223
      40
0.634703196347032
      40
0.634703196347032
      40
0.634703196347032
      40
0.634703196347032
      40
0.635355512067841
      40
0.635355512067841
      40
0.635355512067841
      40
0.635355512067841
      40
0.63600782778865
      40
0.63600782778865
      40
0.63600782778865
      40
0.63600782778865
      40
0.636660143509459
      40
0.636660143509459
      40
0.636660143509459
      40
0.636660143509459
      40
0.637312459230267
      40
0.637312459230267
      40
0.637312459230267
      40
0.637312459230267
      40
0.637964774951076
      40
0.637964774951076
      40
0.637964774951076
      40
0.637964774951076
      40
0.638617090671885
      40
0.638617090671885
      40
0.638617090671885
      40
0.638617090671885
      40
0.639269406392694
      40
0.639269406392694
      40
0.639269406392694
      40
0.639269406392694
      40
0.639921722113503
      40
0.639921722113503
      40
0.639921722113503
      40
0.639921722113503
      40
0.640574037834312
      40
0.640574037834312
      40
0.640574037834312
      40
0.640574037834312
      40
0.641226353555121
      40
0.641226353555121
      40
0.641226353555121
      40
0.641226353555121
      40
0.64187866927593
      40
0.64187866927593
      40
0.64187866927593
      40
0.64187866927593
      40
0.642530984996738
      40
0.642530984996738
      40
0.642530984996738
      40
0.642530984996738
      40
0.643183300717547
      40
0.643183300717547
      40
0.643183300717547
      40
0.643183300717547
      40
0.643835616438356
      40
0.643835616438356
      40
0.643835616438356
      40
0.643835616438356
      40
0.644487932159165
      40
0.644487932159165
      40
0.644487932159165
      40
0.644487932159165
      40
0.645140247879974
      40
0.645140247879974
      40
0.645140247879974
      40
0.645140247879974
      40
0.645792563600783
      40
0.645792563600783
      40
0.645792563600783
      40
0.645792563600783
      40
0.646444879321592
      40
0.646444879321592
      40
0.646444879321592
      40
0.646444879321592
      40
0.6470971950424
      40
0.6470971950424
      40
0.6470971950424
      40
0.6470971950424
      40
0.647749510763209
      40
0.647749510763209
      40
0.647749510763209
      40
0.647749510763209
      40
0.648401826484018
      40
0.648401826484018
      40
0.648401826484018
      40
0.648401826484018
      40
0.649054142204827
      40
0.649054142204827
      40
0.649054142204827
      40
0.649054142204827
      40
0.649706457925636
      40
0.649706457925636
      40
0.649706457925636
      40
0.649706457925636
      40
0.650358773646445
      40
0.650358773646445
      40
0.650358773646445
      40
0.650358773646445
      40
0.651011089367254
      40
0.651011089367254
      40
0.651011089367254
      40
0.651011089367254
      40
0.651663405088063
      40
0.651663405088063
      40
0.651663405088063
      40
0.651663405088063
      40
0.652315720808871
      40
0.652315720808871
      40
0.652315720808871
      40
0.652315720808871
      40
0.65296803652968
      40
0.65296803652968
      40
0.65296803652968
      40
0.65296803652968
      40
0.653620352250489
      40
0.653620352250489
      40
0.653620352250489
      40
0.653620352250489
      40
0.654272667971298
      40
0.654272667971298
      40
0.654272667971298
      40
0.654272667971298
      40
0.654924983692107
      40
0.654924983692107
      40
0.654924983692107
      40
0.654924983692107
      40
0.655577299412916
      40
0.655577299412916
      40
0.655577299412916
      40
0.655577299412916
      40
0.656229615133725
      40
0.656229615133725
      40
0.656229615133725
      40
0.656229615133725
      40
0.656881930854534
      40
0.656881930854534
      40
0.656881930854534
      40
0.656881930854534
      40
0.657534246575342
      40
0.657534246575342
      40
0.657534246575342
      40
0.657534246575342
      40
0.658186562296151
      40
0.658186562296151
      40
0.658186562296151
      40
0.658186562296151
      40
0.65883887801696
      40
0.65883887801696
      40
0.65883887801696
      40
0.65883887801696
      40
0.659491193737769
      40
0.659491193737769
      40
0.659491193737769
      40
0.659491193737769
      40
0.660143509458578
      40
0.660143509458578
      40
0.660143509458578
      40
0.660143509458578
      40
0.660795825179387
      40
0.660795825179387
      40
0.660795825179387
      40
0.660795825179387
      40
0.661448140900196
      40
0.661448140900196
      40
0.661448140900196
      40
0.661448140900196
      40
0.662100456621005
      40
0.662100456621005
      40
0.662100456621005
      40
0.662100456621005
      40
0.662752772341813
      40
0.662752772341813
      40
0.662752772341813
      40
0.662752772341813
      40
0.663405088062622
      40
0.663405088062622
      40
0.663405088062622
      40
0.663405088062622
      40
0.664057403783431
      40
0.664057403783431
      40
0.664057403783431
      40
0.664057403783431
      40
0.66470971950424
      40
0.66470971950424
      40
0.66470971950424
      40
0.66470971950424
      40
0.665362035225049
      40
0.665362035225049
      40
0.665362035225049
      40
0.665362035225049
      40
0.666014350945858
      40
0.666014350945858
      40
0.666014350945858
      40
0.666014350945858
      40
0.666666666666667
      40
0.666666666666667
      40
0.666666666666667
      40
0.666666666666667
      40
0.667318982387476
      40
0.667318982387476
      40
0.667318982387476
      40
0.667318982387476
      40
0.667971298108284
      40
0.667971298108284
      40
0.667971298108284
      40
0.667971298108284
      40
0.668623613829093
      40
0.668623613829093
      40
0.668623613829093
      40
0.668623613829093
      40
0.669275929549902
      40
0.669275929549902
      40
0.669275929549902
      40
0.669275929549902
      40
0.669928245270711
      40
0.669928245270711
      40
0.669928245270711
      40
0.669928245270711
      40
0.67058056099152
      40
0.67058056099152
      40
0.67058056099152
      40
0.67058056099152
      40
0.671232876712329
      40
0.671232876712329
      40
0.671232876712329
      40
0.671232876712329
      40
0.671885192433138
      40
0.671885192433138
      40
0.671885192433138
      40
0.671885192433138
      40
0.672537508153947
      40
0.672537508153947
      40
0.672537508153947
      40
0.672537508153947
      40
0.673189823874755
      40
0.673189823874755
      40
0.673189823874755
      40
0.673189823874755
      40
0.673842139595564
      40
0.673842139595564
      40
0.673842139595564
      40
0.673842139595564
      40
0.674494455316373
      40
0.674494455316373
      40
0.674494455316373
      40
0.674494455316373
      40
0.675146771037182
      40
0.675146771037182
      40
0.675146771037182
      40
0.675146771037182
      40
0.675799086757991
      40
0.675799086757991
      40
0.675799086757991
      40
0.675799086757991
      40
0.6764514024788
      40
0.6764514024788
      40
0.6764514024788
      40
0.6764514024788
      40
0.677103718199609
      40
0.677103718199609
      40
0.677103718199609
      40
0.677103718199609
      40
0.677756033920418
      40
0.677756033920418
      40
0.677756033920418
      40
0.677756033920418
      40
0.678408349641226
      40
0.678408349641226
      40
0.678408349641226
      40
0.678408349641226
      40
0.679060665362035
      40
0.679060665362035
      40
0.679060665362035
      40
0.679060665362035
      40
0.679712981082844
      40
0.679712981082844
      40
0.679712981082844
      40
0.679712981082844
      40
0.680365296803653
      40
0.680365296803653
      40
0.680365296803653
      40
0.680365296803653
      40
0.681017612524462
      40
0.681017612524462
      40
0.681017612524462
      40
0.681017612524462
      40
0.681669928245271
      40
0.681669928245271
      40
0.681669928245271
      40
0.681669928245271
      40
0.68232224396608
      40
0.68232224396608
      40
0.68232224396608
      40
0.68232224396608
      40
0.682974559686888
      40
0.682974559686888
      40
0.682974559686888
      40
0.682974559686888
      40
0.683626875407697
      40
0.683626875407697
      40
0.683626875407697
      40
0.683626875407697
      40
0.684279191128506
      40
0.684279191128506
      40
0.684279191128506
      40
0.684279191128506
      40
0.684931506849315
      40
0.684931506849315
      40
0.684931506849315
      40
0.684931506849315
      40
0.685583822570124
      40
0.685583822570124
      40
0.685583822570124
      40
0.685583822570124
      40
0.686236138290933
      40
0.686236138290933
      40
0.686236138290933
      40
0.686236138290933
      40
0.686888454011742
      40
0.686888454011742
      40
0.686888454011742
      40
0.686888454011742
      40
0.687540769732551
      40
0.687540769732551
      40
0.687540769732551
      40
0.687540769732551
      40
0.688193085453359
      40
0.688193085453359
      40
0.688193085453359
      40
0.688193085453359
      40
0.688845401174168
      40
0.688845401174168
      40
0.688845401174168
      40
0.688845401174168
      40
0.689497716894977
      40
0.689497716894977
      40
0.689497716894977
      40
0.689497716894977
      40
0.690150032615786
      40
0.690150032615786
      40
0.690150032615786
      40
0.690150032615786
      40
0.690802348336595
      40
0.690802348336595
      40
0.690802348336595
      40
0.690802348336595
      40
0.691454664057404
      40
0.691454664057404
      40
0.691454664057404
      40
0.691454664057404
      40
0.692106979778213
      40
0.692106979778213
      40
0.692106979778213
      40
0.692106979778213
      40
0.692759295499021
      40
0.692759295499021
      40
0.692759295499021
      40
0.692759295499021
      40
0.69341161121983
      40
0.69341161121983
      40
0.69341161121983
      40
0.69341161121983
      40
0.694063926940639
      40
0.694063926940639
      40
0.694063926940639
      40
0.694063926940639
      40
0.694716242661448
      40
0.694716242661448
      40
0.694716242661448
      40
0.694716242661448
      40
0.695368558382257
      40
0.695368558382257
      40
0.695368558382257
      40
0.695368558382257
      40
0.696020874103066
      40
0.696020874103066
      40
0.696020874103066
      40
0.696020874103066
      40
0.696673189823875
      40
0.696673189823875
      40
0.696673189823875
      40
0.696673189823875
      40
0.697325505544684
      40
0.697325505544684
      40
0.697325505544684
      40
0.697325505544684
      40
0.697977821265492
      40
0.697977821265492
      40
0.697977821265492
      40
0.697977821265492
      40
0.698630136986301
      40
0.698630136986301
      40
0.698630136986301
      40
0.698630136986301
      40
0.69928245270711
      40
0.69928245270711
      40
0.69928245270711
      40
0.69928245270711
      40
0.699934768427919
      40
0.699934768427919
      40
0.699934768427919
      40
0.699934768427919
      40
0.700587084148728
      40
0.700587084148728
      40
0.700587084148728
      40
0.700587084148728
      40
0.701239399869537
      40
0.701239399869537
      40
0.701239399869537
      40
0.701239399869537
      40
0.701891715590346
      40
0.701891715590346
      40
0.701891715590346
      40
0.701891715590346
      40
0.702544031311155
      40
0.702544031311155
      40
0.702544031311155
      40
0.702544031311155
      40
0.703196347031963
      40
0.703196347031963
      40
0.703196347031963
      40
0.703196347031963
      40
0.703848662752772
      40
0.703848662752772
      40
0.703848662752772
      40
0.703848662752772
      40
0.704500978473581
      40
0.704500978473581
      40
0.704500978473581
      40
0.704500978473581
      40
0.70515329419439
      40
0.70515329419439
      40
0.70515329419439
      40
0.70515329419439
      40
0.705805609915199
      40
0.705805609915199
      40
0.705805609915199
      40
0.705805609915199
      40
0.706457925636008
      40
0.706457925636008
      40
0.706457925636008
      40
0.706457925636008
      40
0.707110241356817
      40
0.707110241356817
      40
0.707110241356817
      40
0.707110241356817
      40
0.707762557077626
      40
0.707762557077626
      40
0.707762557077626
      40
0.707762557077626
      40
0.708414872798434
      40
0.708414872798434
      40
0.708414872798434
      40
0.708414872798434
      40
0.709067188519243
      40
0.709067188519243
      40
0.709067188519243
      40
0.709067188519243
      40
0.709719504240052
      40
0.709719504240052
      40
0.709719504240052
      40
0.709719504240052
      40
0.710371819960861
      40
0.710371819960861
      40
0.710371819960861
      40
0.710371819960861
      40
0.71102413568167
      40
0.71102413568167
      40
0.71102413568167
      40
0.71102413568167
      40
0.711676451402479
      40
0.711676451402479
      40
0.711676451402479
      40
0.711676451402479
      40
0.712328767123288
      40
0.712328767123288
      40
0.712328767123288
      40
0.712328767123288
      40
0.712981082844097
      40
0.712981082844097
      40
0.712981082844097
      40
0.712981082844097
      40
0.713633398564905
      40
0.713633398564905
      40
0.713633398564905
      40
0.713633398564905
      40
0.714285714285714
      40
0.714285714285714
      40
0.714285714285714
      40
0.714285714285714
      40
0.714938030006523
      40
0.714938030006523
      40
0.714938030006523
      40
0.714938030006523
      40
0.715590345727332
      40
0.715590345727332
      40
0.715590345727332
      40
0.715590345727332
      40
0.716242661448141
      40
0.716242661448141
      40
0.716242661448141
      40
0.716242661448141
      40
0.71689497716895
      40
0.71689497716895
      40
0.71689497716895
      40
0.71689497716895
      40
0.717547292889759
      40
0.717547292889759
      40
0.717547292889759
      40
0.717547292889759
      40
0.718199608610568
      40
0.718199608610568
      40
0.718199608610568
      40
0.718199608610568
      40
0.718851924331376
      40
0.718851924331376
      40
0.718851924331376
      40
0.718851924331376
      40
0.719504240052185
      40
0.719504240052185
      40
0.719504240052185
      40
0.719504240052185
      40
0.720156555772994
      40
0.720156555772994
      40
0.720156555772994
      40
0.720156555772994
      40
0.720808871493803
      40
0.720808871493803
      40
0.720808871493803
      40
0.720808871493803
      40
0.721461187214612
      40
0.721461187214612
      40
0.721461187214612
      40
0.721461187214612
      40
0.722113502935421
      40
0.722113502935421
      40
0.722113502935421
      40
0.722113502935421
      40
0.72276581865623
      40
0.72276581865623
      40
0.72276581865623
      40
0.72276581865623
      40
0.723418134377039
      40
0.723418134377039
      40
0.723418134377039
      40
0.723418134377039
      40
0.724070450097847
      40
0.724070450097847
      40
0.724070450097847
      40
0.724070450097847
      40
0.724722765818656
      40
0.724722765818656
      40
0.724722765818656
      40
0.724722765818656
      40
0.725375081539465
      40
0.725375081539465
      40
0.725375081539465
      40
0.725375081539465
      40
0.726027397260274
      40
0.726027397260274
      40
0.726027397260274
      40
0.726027397260274
      40
0.726679712981083
      40
0.726679712981083
      40
0.726679712981083
      40
0.726679712981083
      40
0.727332028701892
      40
0.727332028701892
      40
0.727332028701892
      40
0.727332028701892
      40
0.727984344422701
      40
0.727984344422701
      40
0.727984344422701
      40
0.727984344422701
      40
0.728636660143509
      40
0.728636660143509
      40
0.728636660143509
      40
0.728636660143509
      40
0.729288975864318
      40
0.729288975864318
      40
0.729288975864318
      40
0.729288975864318
      40
0.729941291585127
      40
0.729941291585127
      40
0.729941291585127
      40
0.729941291585127
      40
0.730593607305936
      40
0.730593607305936
      40
0.730593607305936
      40
0.730593607305936
      40
0.731245923026745
      40
0.731245923026745
      40
0.731245923026745
      40
0.731245923026745
      40
0.731898238747554
      40
0.731898238747554
      40
0.731898238747554
      40
0.731898238747554
      40
0.732550554468363
      40
0.732550554468363
      40
0.732550554468363
      40
0.732550554468363
      40
0.733202870189172
      40
0.733202870189172
      40
0.733202870189172
      40
0.733202870189172
      40
0.73385518590998
      40
0.73385518590998
      40
0.73385518590998
      40
0.73385518590998
      40
0.734507501630789
      40
0.734507501630789
      40
0.734507501630789
      40
0.734507501630789
      40
0.735159817351598
      40
0.735159817351598
      40
0.735159817351598
      40
0.735159817351598
      40
0.735812133072407
      40
0.735812133072407
      40
0.735812133072407
      40
0.735812133072407
      40
0.736464448793216
      40
0.736464448793216
      40
0.736464448793216
      40
0.736464448793216
      40
0.737116764514025
      40
0.737116764514025
      40
0.737116764514025
      40
0.737116764514025
      40
0.737769080234834
      40
0.737769080234834
      40
0.737769080234834
      40
0.737769080234834
      40
0.738421395955642
      40
0.738421395955642
      40
0.738421395955642
      40
0.738421395955642
      40
0.739073711676451
      40
0.739073711676451
      40
0.739073711676451
      40
0.739073711676451
      40
0.73972602739726
      40
0.73972602739726
      40
0.73972602739726
      40
0.73972602739726
      40
0.740378343118069
      40
0.740378343118069
      40
0.740378343118069
      40
0.740378343118069
      40
0.741030658838878
      40
0.741030658838878
      40
0.741030658838878
      40
0.741030658838878
      40
0.741682974559687
      40
0.741682974559687
      40
0.741682974559687
      40
0.741682974559687
      40
0.742335290280496
      40
0.742335290280496
      40
0.742335290280496
      40
0.742335290280496
      40
0.742987606001305
      40
0.742987606001305
      40
0.742987606001305
      40
0.742987606001305
      40
0.743639921722113
      40
0.743639921722113
      40
0.743639921722113
      40
0.743639921722113
      40
0.744292237442922
      40
0.744292237442922
      40
0.744292237442922
      40
0.744292237442922
      40
0.744944553163731
      40
0.744944553163731
      40
0.744944553163731
      40
0.744944553163731
      40
0.74559686888454
      40
0.74559686888454
      40
0.74559686888454
      40
0.74559686888454
      40
0.746249184605349
      40
0.746249184605349
      40
0.746249184605349
      40
0.746249184605349
      40
0.746901500326158
      40
0.746901500326158
      40
0.746901500326158
      40
0.746901500326158
      40
0.747553816046967
      40
0.747553816046967
      40
0.747553816046967
      40
0.747553816046967
      40
0.748206131767776
      40
0.748206131767776
      40
0.748206131767776
      40
0.748206131767776
      40
0.748858447488584
      40
0.748858447488584
      40
0.748858447488584
      40
0.748858447488584
      40
0.749510763209393
      40
0.749510763209393
      40
0.749510763209393
      40
0.749510763209393
      40
0.750163078930202
      40
0.750163078930202
      40
0.750163078930202
      40
0.750163078930202
      40
0.750815394651011
      40
0.750815394651011
      40
0.750815394651011
      40
0.750815394651011
      40
0.75146771037182
      40
0.75146771037182
      40
0.75146771037182
      40
0.75146771037182
      40
0.752120026092629
      40
0.752120026092629
      40
0.752120026092629
      40
0.752120026092629
      40
0.752772341813438
      40
0.752772341813438
      40
0.752772341813438
      40
0.752772341813438
      40
0.753424657534247
      40
0.753424657534247
      40
0.753424657534247
      40
0.753424657534247
      40
0.754076973255055
      40
0.754076973255055
      40
0.754076973255055
      40
0.754076973255055
      40
0.754729288975864
      40
0.754729288975864
      40
0.754729288975864
      40
0.754729288975864
      40
0.755381604696673
      40
0.755381604696673
      40
0.755381604696673
      40
0.755381604696673
      40
0.756033920417482
      40
0.756033920417482
      40
0.756033920417482
      40
0.756033920417482
      40
0.756686236138291
      40
0.756686236138291
      40
0.756686236138291
      40
0.756686236138291
      40
0.7573385518591
      40
0.7573385518591
      40
0.7573385518591
      40
0.7573385518591
      40
0.757990867579909
      40
0.757990867579909
      40
0.757990867579909
      40
0.757990867579909
      40
0.758643183300718
      40
0.758643183300718
      40
0.758643183300718
      40
0.758643183300718
      40
0.759295499021526
      40
0.759295499021526
      40
0.759295499021526
      40
0.759295499021526
      40
0.759947814742335
      40
0.759947814742335
      40
0.759947814742335
      40
0.759947814742335
      40
0.760600130463144
      40
0.760600130463144
      40
0.760600130463144
      40
0.760600130463144
      40
0.761252446183953
      40
0.761252446183953
      40
0.761252446183953
      40
0.761252446183953
      40
0.761904761904762
      40
0.761904761904762
      40
0.761904761904762
      40
0.761904761904762
      40
0.762557077625571
      40
0.762557077625571
      40
0.762557077625571
      40
0.762557077625571
      40
0.76320939334638
      40
0.76320939334638
      40
0.76320939334638
      40
0.76320939334638
      40
0.763861709067189
      40
0.763861709067189
      40
0.763861709067189
      40
0.763861709067189
      40
0.764514024787997
      40
0.764514024787997
      40
0.764514024787997
      40
0.764514024787997
      40
0.765166340508806
      40
0.765166340508806
      40
0.765166340508806
      40
0.765166340508806
      40
0.765818656229615
      40
0.765818656229615
      40
0.765818656229615
      40
0.765818656229615
      40
0.766470971950424
      40
0.766470971950424
      40
0.766470971950424
      40
0.766470971950424
      40
0.767123287671233
      40
0.767123287671233
      40
0.767123287671233
      40
0.767123287671233
      40
0.767775603392042
      40
0.767775603392042
      40
0.767775603392042
      40
0.767775603392042
      40
0.768427919112851
      40
0.768427919112851
      40
0.768427919112851
      40
0.768427919112851
      40
0.76908023483366
      40
0.76908023483366
      40
0.76908023483366
      40
0.76908023483366
      40
0.769732550554468
      40
0.769732550554468
      40
0.769732550554468
      40
0.769732550554468
      40
0.770384866275277
      40
0.770384866275277
      40
0.770384866275277
      40
0.770384866275277
      40
0.771037181996086
      40
0.771037181996086
      40
0.771037181996086
      40
0.771037181996086
      40
0.771689497716895
      40
0.771689497716895
      40
0.771689497716895
      40
0.771689497716895
      40
0.772341813437704
      40
0.772341813437704
      40
0.772341813437704
      40
0.772341813437704
      40
0.772994129158513
      40
0.772994129158513
      40
0.772994129158513
      40
0.772994129158513
      40
0.773646444879322
      40
0.773646444879322
      40
0.773646444879322
      40
0.773646444879322
      40
0.77429876060013
      40
0.77429876060013
      40
0.77429876060013
      40
0.77429876060013
      40
0.774951076320939
      40
0.774951076320939
      40
0.774951076320939
      40
0.774951076320939
      40
0.775603392041748
      40
0.775603392041748
      40
0.775603392041748
      40
0.775603392041748
      40
0.776255707762557
      40
0.776255707762557
      40
0.776255707762557
      40
0.776255707762557
      40
0.776908023483366
      40
0.776908023483366
      40
0.776908023483366
      40
0.776908023483366
      40
0.777560339204175
      40
0.777560339204175
      40
0.777560339204175
      40
0.777560339204175
      40
0.778212654924984
      40
0.778212654924984
      40
0.778212654924984
      40
0.778212654924984
      40
0.778864970645793
      40
0.778864970645793
      40
0.778864970645793
      40
0.778864970645793
      40
0.779517286366601
      40
0.779517286366601
      40
0.779517286366601
      40
0.779517286366601
      40
0.78016960208741
      40
0.78016960208741
      40
0.78016960208741
      40
0.78016960208741
      40
0.780821917808219
      40
0.780821917808219
      40
0.780821917808219
      40
0.780821917808219
      40
0.781474233529028
      40
0.781474233529028
      40
0.781474233529028
      40
0.781474233529028
      40
0.782126549249837
      40
0.782126549249837
      40
0.782126549249837
      40
0.782126549249837
      40
0.782778864970646
      40
0.782778864970646
      40
0.782778864970646
      40
0.782778864970646
      40
0.783431180691455
      40
0.783431180691455
      40
0.783431180691455
      40
0.783431180691455
      40
0.784083496412263
      40
0.784083496412263
      40
0.784083496412263
      40
0.784083496412263
      40
0.784735812133072
      40
0.784735812133072
      40
0.784735812133072
      40
0.784735812133072
      40
0.785388127853881
      40
0.785388127853881
      40
0.785388127853881
      40
0.785388127853881
      40
0.78604044357469
      40
0.78604044357469
      40
0.78604044357469
      40
0.78604044357469
      40
0.786692759295499
      40
0.786692759295499
      40
0.786692759295499
      40
0.786692759295499
      40
0.787345075016308
      40
0.787345075016308
      40
0.787345075016308
      40
0.787345075016308
      40
0.787997390737117
      40
0.787997390737117
      40
0.787997390737117
      40
0.787997390737117
      40
0.788649706457926
      40
0.788649706457926
      40
0.788649706457926
      40
0.788649706457926
      40
0.789302022178734
      40
0.789302022178734
      40
0.789302022178734
      40
0.789302022178734
      40
0.789954337899543
      40
0.789954337899543
      40
0.789954337899543
      40
0.789954337899543
      40
0.790606653620352
      40
0.790606653620352
      40
0.790606653620352
      40
0.790606653620352
      40
0.791258969341161
      40
0.791258969341161
      40
0.791258969341161
      40
0.791258969341161
      40
0.79191128506197
      40
0.79191128506197
      40
0.79191128506197
      40
0.79191128506197
      40
0.792563600782779
      40
0.792563600782779
      40
0.792563600782779
      40
0.792563600782779
      40
0.793215916503588
      40
0.793215916503588
      40
0.793215916503588
      40
0.793215916503588
      40
0.793868232224397
      40
0.793868232224397
      40
0.793868232224397
      40
0.793868232224397
      40
0.794520547945205
      40
0.794520547945205
      40
0.794520547945205
      40
0.794520547945205
      40
0.795172863666014
      40
0.795172863666014
      40
0.795172863666014
      40
0.795172863666014
      40
0.795825179386823
      40
0.795825179386823
      40
0.795825179386823
      40
0.795825179386823
      40
0.796477495107632
      40
0.796477495107632
      40
0.796477495107632
      40
0.796477495107632
      40
0.797129810828441
      40
0.797129810828441
      40
0.797129810828441
      40
0.797129810828441
      40
0.79778212654925
      40
0.79778212654925
      40
0.79778212654925
      40
0.79778212654925
      40
0.798434442270059
      40
0.798434442270059
      40
0.798434442270059
      40
0.798434442270059
      40
0.799086757990868
      40
0.799086757990868
      40
0.799086757990868
      40
0.799086757990868
      40
0.799739073711676
      40
0.799739073711676
      40
0.799739073711676
      40
0.799739073711676
      40
0.800391389432485
      40
0.800391389432485
      40
0.800391389432485
      40
0.800391389432485
      40
0.801043705153294
      40
0.801043705153294
      40
0.801043705153294
      40
0.801043705153294
      40
0.801696020874103
      40
0.801696020874103
      40
0.801696020874103
      40
0.801696020874103
      40
0.802348336594912
      40
0.802348336594912
      40
0.802348336594912
      40
0.802348336594912
      40
0.803000652315721
      40
0.803000652315721
      40
0.803000652315721
      40
0.803000652315721
      40
0.80365296803653
      40
0.80365296803653
      40
0.80365296803653
      40
0.80365296803653
      40
0.804305283757339
      40
0.804305283757339
      40
0.804305283757339
      40
0.804305283757339
      40
0.804957599478147
      40
0.804957599478147
      40
0.804957599478147
      40
0.804957599478147
      40
0.805609915198956
      40
0.805609915198956
      40
0.805609915198956
      40
0.805609915198956
      40
0.806262230919765
      40
0.806262230919765
      40
0.806262230919765
      40
0.806262230919765
      40
0.806914546640574
      40
0.806914546640574
      40
0.806914546640574
      40
0.806914546640574
      40
0.807566862361383
      40
0.807566862361383
      40
0.807566862361383
      40
0.807566862361383
      40
0.808219178082192
      40
0.808219178082192
      40
0.808219178082192
      40
0.808219178082192
      40
0.808871493803001
      40
0.808871493803001
      40
0.808871493803001
      40
0.808871493803001
      40
0.80952380952381
      40
0.80952380952381
      40
0.80952380952381
      40
0.80952380952381
      40
0.810176125244618
      40
0.810176125244618
      40
0.810176125244618
      40
0.810176125244618
      40
0.810828440965427
      40
0.810828440965427
      40
0.810828440965427
      40
0.810828440965427
      40
0.811480756686236
      40
0.811480756686236
      40
0.811480756686236
      40
0.811480756686236
      40
0.812133072407045
      40
0.812133072407045
      40
0.812133072407045
      40
0.812133072407045
      40
0.812785388127854
      40
0.812785388127854
      40
0.812785388127854
      40
0.812785388127854
      40
0.813437703848663
      40
0.813437703848663
      40
0.813437703848663
      40
0.813437703848663
      40
0.814090019569472
      40
0.814090019569472
      40
0.814090019569472
      40
0.814090019569472
      40
0.814742335290281
      40
0.814742335290281
      40
0.814742335290281
      40
0.814742335290281
      40
0.815394651011089
      40
0.815394651011089
      40
0.815394651011089
      40
0.815394651011089
      40
0.816046966731898
      40
0.816046966731898
      40
0.816046966731898
      40
0.816046966731898
      40
0.816699282452707
      40
0.816699282452707
      40
0.816699282452707
      40
0.816699282452707
      40
0.817351598173516
      40
0.817351598173516
      40
0.817351598173516
      40
0.817351598173516
      40
0.818003913894325
      40
0.818003913894325
      40
0.818003913894325
      40
0.818003913894325
      40
0.818656229615134
      40
0.818656229615134
      40
0.818656229615134
      40
0.818656229615134
      40
0.819308545335943
      40
0.819308545335943
      40
0.819308545335943
      40
0.819308545335943
      40
0.819960861056751
      40
0.819960861056751
      40
0.819960861056751
      40
0.819960861056751
      40
0.82061317677756
      40
0.82061317677756
      40
0.82061317677756
      40
0.82061317677756
      40
0.821265492498369
      40
0.821265492498369
      40
0.821265492498369
      40
0.821265492498369
      40
0.821917808219178
      40
0.821917808219178
      40
0.821917808219178
      40
0.821917808219178
      40
0.822570123939987
      40
0.822570123939987
      40
0.822570123939987
      40
0.822570123939987
      40
0.823222439660796
      40
0.823222439660796
      40
0.823222439660796
      40
0.823222439660796
      40
0.823874755381605
      40
0.823874755381605
      40
0.823874755381605
      40
0.823874755381605
      40
0.824527071102414
      40
0.824527071102414
      40
0.824527071102414
      40
0.824527071102414
      40
0.825179386823222
      40
0.825179386823222
      40
0.825179386823222
      40
0.825179386823222
      40
0.825831702544031
      40
0.825831702544031
      40
0.825831702544031
      40
0.825831702544031
      40
0.82648401826484
      40
0.82648401826484
      40
0.82648401826484
      40
0.82648401826484
      40
0.827136333985649
      40
0.827136333985649
      40
0.827136333985649
      40
0.827136333985649
      40
0.827788649706458
      40
0.827788649706458
      40
0.827788649706458
      40
0.827788649706458
      40
0.828440965427267
      40
0.828440965427267
      40
0.828440965427267
      40
0.828440965427267
      40
0.829093281148076
      40
0.829093281148076
      40
0.829093281148076
      40
0.829093281148076
      40
0.829745596868884
      40
0.829745596868884
      40
0.829745596868884
      40
0.829745596868884
      40
0.830397912589693
      40
0.830397912589693
      40
0.830397912589693
      40
0.830397912589693
      40
0.831050228310502
      40
0.831050228310502
      40
0.831050228310502
      40
0.831050228310502
      40
0.831702544031311
      40
0.831702544031311
      40
0.831702544031311
      40
0.831702544031311
      40
0.83235485975212
      40
0.83235485975212
      40
0.83235485975212
      40
0.83235485975212
      40
0.833007175472929
      40
0.833007175472929
      40
0.833007175472929
      40
0.833007175472929
      40
0.833659491193738
      40
0.833659491193738
      40
0.833659491193738
      40
0.833659491193738
      40
0.834311806914547
      40
0.834311806914547
      40
0.834311806914547
      40
0.834311806914547
      40
0.834964122635355
      40
0.834964122635355
      40
0.834964122635355
      40
0.834964122635355
      40
0.835616438356164
      40
0.835616438356164
      40
0.835616438356164
      40
0.835616438356164
      40
0.836268754076973
      40
0.836268754076973
      40
0.836268754076973
      40
0.836268754076973
      40
0.836921069797782
      40
0.836921069797782
      40
0.836921069797782
      40
0.836921069797782
      40
0.837573385518591
      40
0.837573385518591
      40
0.837573385518591
      40
0.837573385518591
      40
0.8382257012394
      40
0.8382257012394
      40
0.8382257012394
      40
0.8382257012394
      40
0.838878016960209
      40
0.838878016960209
      40
0.838878016960209
      40
0.838878016960209
      40
0.839530332681018
      40
0.839530332681018
      40
0.839530332681018
      40
0.839530332681018
      40
0.840182648401826
      40
0.840182648401826
      40
0.840182648401826
      40
0.840182648401826
      40
0.840834964122635
      40
0.840834964122635
      40
0.840834964122635
      40
0.840834964122635
      40
0.841487279843444
      40
0.841487279843444
      40
0.841487279843444
      40
0.841487279843444
      40
0.842139595564253
      40
0.842139595564253
      40
0.842139595564253
      40
0.842139595564253
      40
0.842791911285062
      40
0.842791911285062
      40
0.842791911285062
      40
0.842791911285062
      40
0.843444227005871
      40
0.843444227005871
      40
0.843444227005871
      40
0.843444227005871
      40
0.84409654272668
      40
0.84409654272668
      40
0.84409654272668
      40
0.84409654272668
      40
0.844748858447489
      40
0.844748858447489
      40
0.844748858447489
      40
0.844748858447489
      40
0.845401174168297
      40
0.845401174168297
      40
0.845401174168297
      40
0.845401174168297
      40
0.846053489889106
      40
0.846053489889106
      40
0.846053489889106
      40
0.846053489889106
      40
0.846705805609915
      40
0.846705805609915
      40
0.846705805609915
      40
0.846705805609915
      40
0.847358121330724
      40
0.847358121330724
      40
0.847358121330724
      40
0.847358121330724
      40
0.848010437051533
      40
0.848010437051533
      40
0.848010437051533
      40
0.848010437051533
      40
0.848662752772342
      40
0.848662752772342
      40
0.848662752772342
      40
0.848662752772342
      40
0.849315068493151
      40
0.849315068493151
      40
0.849315068493151
      40
0.849315068493151
      40
0.84996738421396
      40
0.84996738421396
      40
0.84996738421396
      40
0.84996738421396
      40
0.850619699934768
      40
0.850619699934768
      40
0.850619699934768
      40
0.850619699934768
      40
0.851272015655577
      40
0.851272015655577
      40
0.851272015655577
      40
0.851272015655577
      40
0.851924331376386
      40
0.851924331376386
      40
0.851924331376386
      40
0.851924331376386
      40
0.852576647097195
      40
0.852576647097195
      40
0.852576647097195
      40
0.852576647097195
      40
0.853228962818004
      40
0.853228962818004
      40
0.853228962818004
      40
0.853228962818004
      40
0.853881278538813
      40
0.853881278538813
      40
0.853881278538813
      40
0.853881278538813
      40
0.854533594259622
      40
0.854533594259622
      40
0.854533594259622
      40
0.854533594259622
      40
0.855185909980431
      40
0.855185909980431
      40
0.855185909980431
      40
0.855185909980431
      40
0.855838225701239
      40
0.855838225701239
      40
0.855838225701239
      40
0.855838225701239
      40
0.856490541422048
      40
0.856490541422048
      40
0.856490541422048
      40
0.856490541422048
      40
0.857142857142857
      40
0.857142857142857
      40
0.857142857142857
      40
0.857142857142857
      40
0.857795172863666
      40
0.857795172863666
      40
0.857795172863666
      40
0.857795172863666
      40
0.858447488584475
      40
0.858447488584475
      40
0.858447488584475
      40
0.858447488584475
      40
0.859099804305284
      40
0.859099804305284
      40
0.859099804305284
      40
0.859099804305284
      40
0.859752120026093
      40
0.859752120026093
      40
0.859752120026093
      40
0.859752120026093
      40
0.860404435746902
      40
0.860404435746902
      40
0.860404435746902
      40
0.860404435746902
      40
0.86105675146771
      40
0.86105675146771
      40
0.86105675146771
      40
0.86105675146771
      40
0.861709067188519
      40
0.861709067188519
      40
0.861709067188519
      40
0.861709067188519
      40
0.862361382909328
      40
0.862361382909328
      40
0.862361382909328
      40
0.862361382909328
      40
0.863013698630137
      40
0.863013698630137
      40
0.863013698630137
      40
0.863013698630137
      40
0.863666014350946
      40
0.863666014350946
      40
0.863666014350946
      40
0.863666014350946
      40
0.864318330071755
      40
0.864318330071755
      40
0.864318330071755
      40
0.864318330071755
      40
0.864970645792564
      40
0.864970645792564
      40
0.864970645792564
      40
0.864970645792564
      40
0.865622961513372
      40
0.865622961513372
      40
0.865622961513372
      40
0.865622961513372
      40
0.866275277234181
      40
0.866275277234181
      40
0.866275277234181
      40
0.866275277234181
      40
0.86692759295499
      40
0.86692759295499
      40
0.86692759295499
      40
0.86692759295499
      40
0.867579908675799
      40
0.867579908675799
      40
0.867579908675799
      40
0.867579908675799
      40
0.868232224396608
      40
0.868232224396608
      40
0.868232224396608
      40
0.868232224396608
      40
0.868884540117417
      40
0.868884540117417
      40
0.868884540117417
      40
0.868884540117417
      40
0.869536855838226
      40
0.869536855838226
      40
0.869536855838226
      40
0.869536855838226
      40
0.870189171559035
      40
0.870189171559035
      40
0.870189171559035
      40
0.870189171559035
      40
0.870841487279843
      40
0.870841487279843
      40
0.870841487279843
      40
0.870841487279843
      40
0.871493803000652
      40
0.871493803000652
      40
0.871493803000652
      40
0.871493803000652
      40
0.872146118721461
      40
0.872146118721461
      40
0.872146118721461
      40
0.872146118721461
      40
0.87279843444227
      40
0.87279843444227
      40
0.87279843444227
      40
0.87279843444227
      40
0.873450750163079
      40
0.873450750163079
      40
0.873450750163079
      40
0.873450750163079
      40
0.874103065883888
      40
0.874103065883888
      40
0.874103065883888
      40
0.874103065883888
      40
0.874755381604697
      40
0.874755381604697
      40
0.874755381604697
      40
0.874755381604697
      40
0.875407697325505
      40
0.875407697325505
      40
0.875407697325505
      40
0.875407697325505
      40
0.876060013046314
      40
0.876060013046314
      40
0.876060013046314
      40
0.876060013046314
      40
0.876712328767123
      40
0.876712328767123
      40
0.876712328767123
      40
0.876712328767123
      40
0.877364644487932
      40
0.877364644487932
      40
0.877364644487932
      40
0.877364644487932
      40
0.878016960208741
      40
0.878016960208741
      40
0.878016960208741
      40
0.878016960208741
      40
0.87866927592955
      40
0.87866927592955
      40
0.87866927592955
      40
0.87866927592955
      40
0.879321591650359
      40
0.879321591650359
      40
0.879321591650359
      40
0.879321591650359
      40
0.879973907371168
      40
0.879973907371168
      40
0.879973907371168
      40
0.879973907371168
      40
0.880626223091976
      40
0.880626223091976
      40
0.880626223091976
      40
0.880626223091976
      40
0.881278538812785
      40
0.881278538812785
      40
0.881278538812785
      40
0.881278538812785
      40
0.881930854533594
      40
0.881930854533594
      40
0.881930854533594
      40
0.881930854533594
      40
0.882583170254403
      40
0.882583170254403
      40
0.882583170254403
      40
0.882583170254403
      40
0.883235485975212
      40
0.883235485975212
      40
0.883235485975212
      40
0.883235485975212
      40
0.883887801696021
      40
0.883887801696021
      40
0.883887801696021
      40
0.883887801696021
      40
0.88454011741683
      40
0.88454011741683
      40
0.88454011741683
      40
0.88454011741683
      40
0.885192433137639
      40
0.885192433137639
      40
0.885192433137639
      40
0.885192433137639
      40
0.885844748858447
      40
0.885844748858447
      40
0.885844748858447
      40
0.885844748858447
      40
0.886497064579256
      40
0.886497064579256
      40
0.886497064579256
      40
0.886497064579256
      40
0.887149380300065
      40
0.887149380300065
      40
0.887149380300065
      40
0.887149380300065
      40
0.887801696020874
      40
0.887801696020874
      40
0.887801696020874
      40
0.887801696020874
      40
0.888454011741683
      40
0.888454011741683
      40
0.888454011741683
      40
0.888454011741683
      40
0.889106327462492
      40
0.889106327462492
      40
0.889106327462492
      40
0.889106327462492
      40
0.889758643183301
      40
0.889758643183301
      40
0.889758643183301
      40
0.889758643183301
      40
0.89041095890411
      40
0.89041095890411
      40
0.89041095890411
      40
0.89041095890411
      40
0.891063274624918
      40
0.891063274624918
      40
0.891063274624918
      40
0.891063274624918
      40
0.891715590345727
      40
0.891715590345727
      40
0.891715590345727
      40
0.891715590345727
      40
0.892367906066536
      40
0.892367906066536
      40
0.892367906066536
      40
0.892367906066536
      40
0.893020221787345
      40
0.893020221787345
      40
0.893020221787345
      40
0.893020221787345
      40
0.893672537508154
      40
0.893672537508154
      40
0.893672537508154
      40
0.893672537508154
      40
0.894324853228963
      40
0.894324853228963
      40
0.894324853228963
      40
0.894324853228963
      40
0.894977168949772
      40
0.894977168949772
      40
0.894977168949772
      40
0.894977168949772
      40
0.895629484670581
      40
0.895629484670581
      40
0.895629484670581
      40
0.895629484670581
      40
0.896281800391389
      40
0.896281800391389
      40
0.896281800391389
      40
0.896281800391389
      40
0.896934116112198
      40
0.896934116112198
      40
0.896934116112198
      40
0.896934116112198
      40
0.897586431833007
      40
0.897586431833007
      40
0.897586431833007
      40
0.897586431833007
      40
0.898238747553816
      40
0.898238747553816
      40
0.898238747553816
      40
0.898238747553816
      40
0.898891063274625
      40
0.898891063274625
      40
0.898891063274625
      40
0.898891063274625
      40
0.899543378995434
      40
0.899543378995434
      40
0.899543378995434
      40
0.899543378995434
      40
0.900195694716243
      40
0.900195694716243
      40
0.900195694716243
      40
0.900195694716243
      40
0.900848010437052
      40
0.900848010437052
      40
0.900848010437052
      40
0.900848010437052
      40
0.90150032615786
      40
0.90150032615786
      40
0.90150032615786
      40
0.90150032615786
      40
0.902152641878669
      40
0.902152641878669
      40
0.902152641878669
      40
0.902152641878669
      40
0.902804957599478
      40
0.902804957599478
      40
0.902804957599478
      40
0.902804957599478
      40
0.903457273320287
      40
0.903457273320287
      40
0.903457273320287
      40
0.903457273320287
      40
0.904109589041096
      40
0.904109589041096
      40
0.904109589041096
      40
0.904109589041096
      40
0.904761904761905
      40
0.904761904761905
      40
0.904761904761905
      40
0.904761904761905
      40
0.905414220482714
      40
0.905414220482714
      40
0.905414220482714
      40
0.905414220482714
      40
0.906066536203523
      40
0.906066536203523
      40
0.906066536203523
      40
0.906066536203523
      40
0.906718851924331
      40
0.906718851924331
      40
0.906718851924331
      40
0.906718851924331
      40
0.90737116764514
      40
0.90737116764514
      40
0.90737116764514
      40
0.90737116764514
      40
0.908023483365949
      40
0.908023483365949
      40
0.908023483365949
      40
0.908023483365949
      40
0.908675799086758
      40
0.908675799086758
      40
0.908675799086758
      40
0.908675799086758
      40
0.909328114807567
      40
0.909328114807567
      40
0.909328114807567
      40
0.909328114807567
      40
0.909980430528376
      40
0.909980430528376
      40
0.909980430528376
      40
0.909980430528376
      40
0.910632746249185
      40
0.910632746249185
      40
0.910632746249185
      40
0.910632746249185
      40
0.911285061969993
      40
0.911285061969993
      40
0.911285061969993
      40
0.911285061969993
      40
0.911937377690802
      40
0.911937377690802
      40
0.911937377690802
      40
0.911937377690802
      40
0.912589693411611
      40
0.912589693411611
      40
0.912589693411611
      40
0.912589693411611
      40
0.91324200913242
      40
0.91324200913242
      40
0.91324200913242
      40
0.91324200913242
      40
0.913894324853229
      40
0.913894324853229
      40
0.913894324853229
      40
0.913894324853229
      40
0.914546640574038
      40
0.914546640574038
      40
0.914546640574038
      40
0.914546640574038
      40
0.915198956294847
      40
0.915198956294847
      40
0.915198956294847
      40
0.915198956294847
      40
0.915851272015656
      40
0.915851272015656
      40
0.915851272015656
      40
0.915851272015656
      40
0.916503587736464
      40
0.916503587736464
      40
0.916503587736464
      40
0.916503587736464
      40
0.917155903457273
      40
0.917155903457273
      40
0.917155903457273
      40
0.917155903457273
      40
0.917808219178082
      40
0.917808219178082
      40
0.917808219178082
      40
0.917808219178082
      40
0.918460534898891
      40
0.918460534898891
      40
0.918460534898891
      40
0.918460534898891
      40
0.9191128506197
      40
0.9191128506197
      40
0.9191128506197
      40
0.9191128506197
      40
0.919765166340509
      40
0.919765166340509
      40
0.919765166340509
      40
0.919765166340509
      40
0.920417482061318
      40
0.920417482061318
      40
0.920417482061318
      40
0.920417482061318
      40
0.921069797782126
      40
0.921069797782126
      40
0.921069797782126
      40
0.921069797782126
      40
0.921722113502935
      40
0.921722113502935
      40
0.921722113502935
      40
0.921722113502935
      40
0.922374429223744
      40
0.922374429223744
      40
0.922374429223744
      40
0.922374429223744
      40
0.923026744944553
      40
0.923026744944553
      40
0.923026744944553
      40
0.923026744944553
      40
0.923679060665362
      40
0.923679060665362
      40
0.923679060665362
      40
0.923679060665362
      40
0.924331376386171
      40
0.924331376386171
      40
0.924331376386171
      40
0.924331376386171
      40
0.92498369210698
      40
0.92498369210698
      40
0.92498369210698
      40
0.92498369210698
      40
0.925636007827789
      40
0.925636007827789
      40
0.925636007827789
      40
0.925636007827789
      40
0.926288323548597
      40
0.926288323548597
      40
0.926288323548597
      40
0.926288323548597
      40
0.926940639269406
      40
0.926940639269406
      40
0.926940639269406
      40
0.926940639269406
      40
0.927592954990215
      40
0.927592954990215
      40
0.927592954990215
      40
0.927592954990215
      40
0.928245270711024
      40
0.928245270711024
      40
0.928245270711024
      40
0.928245270711024
      40
0.928897586431833
      40
0.928897586431833
      40
0.928897586431833
      40
0.928897586431833
      40
0.929549902152642
      40
0.929549902152642
      40
0.929549902152642
      40
0.929549902152642
      40
0.930202217873451
      40
0.930202217873451
      40
0.930202217873451
      40
0.930202217873451
      40
0.93085453359426
      40
0.93085453359426
      40
0.93085453359426
      40
0.93085453359426
      40
0.931506849315068
      40
0.931506849315068
      40
0.931506849315068
      40
0.931506849315068
      40
0.932159165035877
      40
0.932159165035877
      40
0.932159165035877
      40
0.932159165035877
      40
0.932811480756686
      40
0.932811480756686
      40
0.932811480756686
      40
0.932811480756686
      40
0.933463796477495
      40
0.933463796477495
      40
0.933463796477495
      40
0.933463796477495
      40
0.934116112198304
      40
0.934116112198304
      40
0.934116112198304
      40
0.934116112198304
      40
0.934768427919113
      40
0.934768427919113
      40
0.934768427919113
      40
0.934768427919113
      40
0.935420743639922
      40
0.935420743639922
      40
0.935420743639922
      40
0.935420743639922
      40
0.936073059360731
      40
0.936073059360731
      40
0.936073059360731
      40
0.936073059360731
      40
0.936725375081539
      40
0.936725375081539
      40
0.936725375081539
      40
0.936725375081539
      40
0.937377690802348
      40
0.937377690802348
      40
0.937377690802348
      40
0.937377690802348
      40
0.938030006523157
      40
0.938030006523157
      40
0.938030006523157
      40
0.938030006523157
      40
0.938682322243966
      40
0.938682322243966
      40
0.938682322243966
      40
0.938682322243966
      40
0.939334637964775
      40
0.939334637964775
      40
0.939334637964775
      40
0.939334637964775
      40
0.939986953685584
      40
0.939986953685584
      40
0.939986953685584
      40
0.939986953685584
      40
0.940639269406393
      40
0.940639269406393
      40
0.940639269406393
      40
0.940639269406393
      40
0.941291585127202
      40
0.941291585127202
      40
0.941291585127202
      40
0.941291585127202
      40
0.94194390084801
      40
0.94194390084801
      40
0.94194390084801
      40
0.94194390084801
      40
0.942596216568819
      40
0.942596216568819
      40
0.942596216568819
      40
0.942596216568819
      40
0.943248532289628
      40
0.943248532289628
      40
0.943248532289628
      40
0.943248532289628
      40
0.943900848010437
      40
0.943900848010437
      40
0.943900848010437
      40
0.943900848010437
      40
0.944553163731246
      40
0.944553163731246
      40
0.944553163731246
      40
0.944553163731246
      40
0.945205479452055
      40
0.945205479452055
      40
0.945205479452055
      40
0.945205479452055
      40
0.945857795172864
      40
0.945857795172864
      40
0.945857795172864
      40
0.945857795172864
      40
0.946510110893673
      40
0.946510110893673
      40
0.946510110893673
      40
0.946510110893673
      40
0.947162426614481
      40
0.947162426614481
      40
0.947162426614481
      40
0.947162426614481
      40
0.94781474233529
      40
0.94781474233529
      40
0.94781474233529
      40
0.94781474233529
      40
0.948467058056099
      40
0.948467058056099
      40
0.948467058056099
      40
0.948467058056099
      40
0.949119373776908
      40
0.949119373776908
      40
0.949119373776908
      40
0.949119373776908
      40
0.949771689497717
      40
0.949771689497717
      40
0.949771689497717
      40
0.949771689497717
      40
0.950424005218526
      40
0.950424005218526
      40
0.950424005218526
      40
0.950424005218526
      40
0.951076320939335
      40
0.951076320939335
      40
0.951076320939335
      40
0.951076320939335
      40
0.951728636660144
      40
0.951728636660144
      40
0.951728636660144
      40
0.951728636660144
      40
0.952380952380952
      40
0.952380952380952
      40
0.952380952380952
      40
0.952380952380952
      40
0.953033268101761
      40
0.953033268101761
      40
0.953033268101761
      40
0.953033268101761
      40
0.95368558382257
      40
0.95368558382257
      40
0.95368558382257
      40
0.95368558382257
      40
0.954337899543379
      40
0.954337899543379
      40
0.954337899543379
      40
0.954337899543379
      40
0.954990215264188
      40
0.954990215264188
      40
0.954990215264188
      40
0.954990215264188
      40
0.955642530984997
      40
0.955642530984997
      40
0.955642530984997
      40
0.955642530984997
      40
0.956294846705806
      40
0.956294846705806
      40
0.956294846705806
      40
0.956294846705806
      40
0.956947162426614
      40
0.956947162426614
      40
0.956947162426614
      40
0.956947162426614
      40
0.957599478147423
      40
0.957599478147423
      40
0.957599478147423
      40
0.957599478147423
      40
0.958251793868232
      40
0.958251793868232
      40
0.958251793868232
      40
0.958251793868232
      40
0.958904109589041
      40
0.958904109589041
      40
0.958904109589041
      40
0.958904109589041
      40
0.95955642530985
      40
0.95955642530985
      40
0.95955642530985
      40
0.95955642530985
      40
0.960208741030659
      40
0.960208741030659
      40
0.960208741030659
      40
0.960208741030659
      40
0.960861056751468
      40
0.960861056751468
      40
0.960861056751468
      40
0.960861056751468
      40
0.961513372472277
      40
0.961513372472277
      40
0.961513372472277
      40
0.961513372472277
      40
0.962165688193085
      40
0.962165688193085
      40
0.962165688193085
      40
0.962165688193085
      40
0.962818003913894
      40
0.962818003913894
      40
0.962818003913894
      40
0.962818003913894
      40
0.963470319634703
      40
0.963470319634703
      40
0.963470319634703
      40
0.963470319634703
      40
0.964122635355512
      40
0.964122635355512
      40
0.964122635355512
      40
0.964122635355512
      40
0.964774951076321
      40
0.964774951076321
      40
0.964774951076321
      40
0.964774951076321
      40
0.96542726679713
      40
0.96542726679713
      40
0.96542726679713
      40
0.96542726679713
      40
0.966079582517939
      40
0.966079582517939
      40
0.966079582517939
      40
0.966079582517939
      40
0.966731898238748
      40
0.966731898238748
      40
0.966731898238748
      40
0.966731898238748
      40
0.967384213959556
      40
0.967384213959556
      40
0.967384213959556
      40
0.967384213959556
      40
0.968036529680365
      40
0.968036529680365
      40
0.968036529680365
      40
0.968036529680365
      40
0.968688845401174
      40
0.968688845401174
      40
0.968688845401174
      40
0.968688845401174
      40
0.969341161121983
      40
0.969341161121983
      40
0.969341161121983
      40
0.969341161121983
      40
0.969993476842792
      40
0.969993476842792
      40
0.969993476842792
      40
0.969993476842792
      40
0.970645792563601
      40
0.970645792563601
      40
0.970645792563601
      40
0.970645792563601
      40
0.97129810828441
      40
0.97129810828441
      40
0.97129810828441
      40
0.97129810828441
      40
0.971950424005218
      40
0.971950424005218
      40
0.971950424005218
      40
0.971950424005218
      40
0.972602739726027
      40
0.972602739726027
      40
0.972602739726027
      40
0.972602739726027
      40
0.973255055446836
      40
0.973255055446836
      40
0.973255055446836
      40
0.973255055446836
      40
0.973907371167645
      40
0.973907371167645
      40
0.973907371167645
      40
0.973907371167645
      40
0.974559686888454
      40
0.974559686888454
      40
0.974559686888454
      40
0.974559686888454
      40
0.975212002609263
      40
0.975212002609263
      40
0.975212002609263
      40
0.975212002609263
      40
0.975864318330072
      40
0.975864318330072
      40
0.975864318330072
      40
0.975864318330072
      40
0.976516634050881
      40
0.976516634050881
      40
0.976516634050881
      40
0.976516634050881
      40
0.977168949771689
      40
0.977168949771689
      40
0.977168949771689
      40
0.977168949771689
      40
0.977821265492498
      40
0.977821265492498
      40
0.977821265492498
      40
0.977821265492498
      40
0.978473581213307
      40
0.978473581213307
      40
0.978473581213307
      40
0.978473581213307
      40
0.979125896934116
      40
0.979125896934116
      40
0.979125896934116
      40
0.979125896934116
      40
0.979778212654925
      40
0.979778212654925
      40
0.979778212654925
      40
0.979778212654925
      40
0.980430528375734
      40
0.980430528375734
      40
0.980430528375734
      40
0.980430528375734
      40
0.981082844096543
      40
0.981082844096543
      40
0.981082844096543
      40
0.981082844096543
      40
0.981735159817352
      40
0.981735159817352
      40
0.981735159817352
      40
0.981735159817352
      40
0.98238747553816
      40
0.98238747553816
      40
0.98238747553816
      40
0.98238747553816
      40
0.983039791258969
      40
0.983039791258969
      40
0.983039791258969
      40
0.983039791258969
      40
0.983692106979778
      40
0.983692106979778
      40
0.983692106979778
      40
0.983692106979778
      40
0.984344422700587
      40
0.984344422700587
      40
0.984344422700587
      40
0.984344422700587
      40
0.984996738421396
      40
0.984996738421396
      40
0.984996738421396
      40
0.984996738421396
      40
0.985649054142205
      40
0.985649054142205
      40
0.985649054142205
      40
0.985649054142205
      40
0.986301369863014
      40
0.986301369863014
      40
0.986301369863014
      40
0.986301369863014
      40
0.986953685583823
      40
0.986953685583823
      40
0.986953685583823
      40
0.986953685583823
      40
0.987606001304631
      40
0.987606001304631
      40
0.987606001304631
      40
0.987606001304631
      40
0.98825831702544
      40
0.98825831702544
      40
0.98825831702544
      40
0.98825831702544
      40
0.988910632746249
      40
0.988910632746249
      40
0.988910632746249
      40
0.988910632746249
      40
0.989562948467058
      40
0.989562948467058
      40
0.989562948467058
      40
0.989562948467058
      40
0.990215264187867
      40
0.990215264187867
      40
0.990215264187867
      40
0.990215264187867
      40
0.990867579908676
      40
0.990867579908676
      40
0.990867579908676
      40
0.990867579908676
      40
0.991519895629485
      40
0.991519895629485
      40
0.991519895629485
      40
0.991519895629485
      40
0.992172211350294
      40
0.992172211350294
      40
0.992172211350294
      40
0.992172211350294
      40
0.992824527071102
      40
0.992824527071102
      40
0.992824527071102
      40
0.992824527071102
      40
0.993476842791911
      40
0.993476842791911
      40
0.993476842791911
      40
0.993476842791911
      40
0.99412915851272
      40
0.99412915851272
      40
0.99412915851272
      40
0.99412915851272
      40
0.994781474233529
      40
0.994781474233529
      40
0.994781474233529
      40
0.994781474233529
      40
0.995433789954338
      40
0.995433789954338
      40
0.995433789954338
      40
0.995433789954338
      40
0.996086105675147
      40
0.996086105675147
      40
0.996086105675147
      40
0.996086105675147
      40
0.996738421395956
      40
0.996738421395956
      40
0.996738421395956
      40
0.996738421395956
      40
0.997390737116765
      40
0.997390737116765
      40
0.997390737116765
      40
0.997390737116765
      40
0.998043052837573
      40
0.998043052837573
      40
0.998043052837573
      40
0.998043052837573
      40
0.998695368558382
      40
0.998695368558382
      40
0.998695368558382
      40
0.998695368558382
      40
0.999347684279191
      40
0.999347684279191
      40
0.999347684279191
      40
0.999347684279191
      40
1
      40
1
      40
1
      40
1
      10
10809.3128224176
      20
6883.47350694035
      30
0
      10
10809.3113739132
      20
6883.10460228758
      30
0
      10
10809.3099254088
      20
6882.73569763482
      30
0
      10
10809.3084769044
      20
6882.36679298205
      30
0
      10
10809.3084769044
      20
6882.36679298205
      30
0
      10
10809.3034801488
      20
6881.99791793219
      30
0
      10
10809.2984833931
      20
6881.62904288232
      30
0
      10
10809.2934866374
      20
6881.26016783245
      30
0
      10
10809.2934866374
      20
6881.26016783245
      30
0
      10
10809.2849689105
      20
6880.89136150637
      30
0
      10
10809.2764511836
      20
6880.52255518029
      30
0
      10
10809.2679334567
      20
6880.15374885421
      30
0
      10
10809.2679334567
      20
6880.15374885421
      30
0
      10
10809.2559220418
      20
6879.785050372
      30
0
      10
10809.2439106269
      20
6879.41635188979
      30
0
      10
10809.2318992119
      20
6879.04765340758
      30
0
      10
10809.2318992119
      20
6879.04765340758
      30
0
      10
10809.2164213909
      20
6878.67910189107
      30
0
      10
10809.2009435699
      20
6878.31055037457
      30
0
      10
10809.1854657489
      20
6877.94199885806
      30
0
      10
10809.1854657489
      20
6877.94199885806
      30
0
      10
10809.1665488022
      20
6877.57363342868
      30
0
      10
10809.1476318555
      20
6877.2052679993
      30
0
      10
10809.1287149089
      20
6876.83690256992
      30
0
      10
10809.1287149089
      20
6876.83690256992
      30
0
      10
10809.1063861196
      20
6876.46876234743
      30
0
      10
10809.0840573303
      20
6876.10062212493
      30
0
      10
10809.061728541
      20
6875.73248190244
      30
0
      10
10809.061728541
      20
6875.73248190244
      30
0
      10
10809.0360151891
      20
6875.36460600982
      30
0
      10
10809.0103018373
      20
6874.9967301172
      30
0
      10
10808.9845884855
      20
6874.62885422458
      30
0
      10
10808.9845884855
      20
6874.62885422458
      30
0
      10
10783.4030256533
      20
6874.61113888761
      30
0
      10
10757.821462821
      20
6874.59342355065
      30
0
      10
10732.2398999887
      20
6874.57570821369
      30
0
      10
10732.2398999887
      20
6874.57570821369
      30
0
      10
10718.4298370482
      20
6874.6002011555
      30
0
      10
10704.6197741077
      20
6874.6246940973
      30
0
      10
10690.8097111672
      20
6874.64918703911
      30
0
      10
10690.8097111672
      20
6874.64918703911
      30
0
      10
10690.8992471986
      20
6874.7365593751
      30
0
      10
10690.98878323
      20
6874.82393171109
      30
0
      10
10691.0783192614
      20
6874.91130404708
      30
0
      10
10691.0783192614
      20
6874.91130404708
      30
0
      10
10691.1709069445
      20
6874.99256442543
      30
0
      10
10691.2634946275
      20
6875.07382480377
      30
0
      10
10691.3560823106
      20
6875.15508518212
      30
0
      10
10691.3560823106
      20
6875.15508518212
      30
0
      10
10691.4515459028
      20
6875.23058681888
      30
0
      10
10691.5470094949
      20
6875.30608845564
      30
0
      10
10691.6424730871
      20
6875.3815900924
      30
0
      10
10691.6424730871
      20
6875.3815900924
      30
0
      10
10691.7406368463
      20
6875.45168620877
      30
0
      10
10691.8388006055
      20
6875.52178232514
      30
0
      10
10691.9369643648
      20
6875.5918784415
      30
0
      10
10691.9369643648
      20
6875.5918784415
      30
0
      10
10692.0376525506
      20
6875.65692225788
      30
0
      10
10692.1383407364
      20
6875.72196607426
      30
0
      10
10692.2390289222
      20
6875.78700989063
      30
0
      10
10692.2390289222
      20
6875.78700989063
      30
0
      10
10692.3420657937
      20
6875.84735462192
      30
0
      10
10692.4451026651
      20
6875.90769935321
      30
0
      10
10692.5481395366
      20
6875.96804408449
      30
0
      10
10692.5481395366
      20
6875.96804408449
      30
0
      10
10692.6533493485
      20
6876.02404295635
      30
0
      10
10692.7585591604
      20
6876.08004182821
      30
0
      10
10692.8637689723
      20
6876.13604070007
      30
0
      10
10692.8637689723
      20
6876.13604070007
      30
0
      10
10692.9709759845
      20
6876.18804692534
      30
0
      10
10693.0781829968
      20
6876.24005315061
      30
0
      10
10693.185390009
      20
6876.29205937589
      30
0
      10
10693.185390009
      20
6876.29205937589
      30
0
      10
10693.294418482
      20
6876.34042617692
      30
0
      10
10693.4034469551
      20
6876.38879297795
      30
0
      10
10693.5124754281
      20
6876.43715977898
      30
0
      10
10693.5124754281
      20
6876.43715977898
      30
0
      10
10693.735293783
      20
6876.5243879846
      30
0
      10
10693.958112138
      20
6876.61161619023
      30
0
      10
10694.1809304929
      20
6876.69884439585
      30
0
      10
10694.1809304929
      20
6876.69884439585
      30
0
      10
10694.5244254276
      20
6876.81122149479
      30
0
      10
10694.8679203624
      20
6876.92359859373
      30
0
      10
10695.2114152972
      20
6877.03597569267
      30
0
      10
10695.2114152972
      20
6877.03597569267
      30
0
      10
10696.3795998388
      20
6877.36533046376
      30
0
      10
10697.5477843804
      20
6877.69468523484
      30
0
      10
10698.715968922
      20
6878.02404000593
      30
0
      10
10698.715968922
      20
6878.02404000593
      30
0
      10
10698.9433446689
      20
6878.10275292966
      30
0
      10
10699.1707204159
      20
6878.18146585339
      30
0
      10
10699.3980961628
      20
6878.26017877712
      30
0
      10
10699.3980961628
      20
6878.26017877712
      30
0
      10
10699.5098590702
      20
6878.30343641016
      30
0
      10
10699.6216219775
      20
6878.3466940432
      30
0
      10
10699.7333848849
      20
6878.38995167623
      30
0
      10
10699.7333848849
      20
6878.38995167623
      30
0
      10
10699.8436301593
      20
6878.43628104922
      30
0
      10
10699.9538754336
      20
6878.4826104222
      30
0
      10
10700.0641207079
      20
6878.52893979519
      30
0
      10
10700.0641207079
      20
6878.52893979519
      30
0
      10
10700.1726726062
      20
6878.57869412531
      30
0
      10
10700.2812245044
      20
6878.62844845542
      30
0
      10
10700.3897764027
      20
6878.67820278554
      30
0
      10
10700.3897764027
      20
6878.67820278554
      30
0
      10
10700.6089232488
      20
6879.41656963237
      30
0
      10
10700.828070095
      20
6880.1549364792
      30
0
      10
10701.0472169411
      20
6880.89330332603
      30
0
      10
10701.0472169411
      20
6880.89330332603
      30
0
      10
10701.8398589146
      20
6880.48735041273
      30
0
      10
10702.6325008881
      20
6880.08139749943
      30
0
      10
10703.4251428616
      20
6879.67544458613
      30
0
      10
10703.4251428616
      20
6879.67544458613
      30
0
      10
10703.618297801
      20
6879.64533574778
      30
0
      10
10703.8114527404
      20
6879.61522690943
      30
0
      10
10704.0046076797
      20
6879.58511807109
      30
0
      10
10704.0046076797
      20
6879.58511807109
      30
0
      10
10704.0446764469
      20
6879.58363245614
      30
0
      10
10704.084745214
      20
6879.58214684119
      30
0
      10
10704.1248139812
      20
6879.58066122624
      30
0
      10
10704.1248139812
      20
6879.58066122624
      30
0
      10
10704.1905974636
      20
6879.56798771585
      30
0
      10
10704.2559161658
      20
6879.55238814504
      30
0
      10
10704.3228873982
      20
6879.54719220809
      30
0
      10
10704.3228873982
      20
6879.54719220809
      30
0
      10
10704.3848119699
      20
6879.53845738056
      30
0
      10
10704.4473968774
      20
6879.53839002002
      30
0
      10
10704.5096797237
      20
6879.53773735185
      30
0
      10
10704.5096797237
      20
6879.53773735185
      30
0
      10
10704.5453564809
      20
6879.53971598081
      30
0
      10
10704.581033238
      20
6879.54169460977
      30
0
      10
10704.6167099952
      20
6879.54367323872
      30
0
      10
10704.6167099952
      20
6879.54367323872
      30
0
      10
10704.6911746536
      20
6879.55728809516
      30
0
      10
10704.765639312
      20
6879.5709029516
      30
0
      10
10704.8401039704
      20
6879.58451780804
      30
0
      10
10704.8401039704
      20
6879.58451780804
      30
0
      10
10704.9103470474
      20
6879.60918265303
      30
0
      10
10704.9805901244
      20
6879.63384749803
      30
0
      10
10705.0508332014
      20
6879.65851234303
      30
0
      10
10705.0508332014
      20
6879.65851234303
      30
0
      10
10705.149579129
      20
6879.71272337684
      30
0
      10
10705.2483250567
      20
6879.76693441065
      30
0
      10
10705.3470709844
      20
6879.82114544446
      30
0
      10
10705.3470709844
      20
6879.82114544446
      30
0
      10
10705.7587171469
      20
6880.19630826014
      30
0
      10
10706.1703633093
      20
6880.57147107582
      30
0
      10
10706.5820094718
      20
6880.9466338915
      30
0
      10
10706.5820094718
      20
6880.9466338915
      30
0
      10
10706.7034219816
      20
6881.04031319987
      30
0
      10
10706.8248344915
      20
6881.13399250824
      30
0
      10
10706.9462470013
      20
6881.22767181661
      30
0
      10
10706.9462470013
      20
6881.22767181661
      30
0
      10
10707.0253763005
      20
6881.25448192804
      30
0
      10
10707.1045055996
      20
6881.28129203947
      30
0
      10
10707.1836348988
      20
6881.30810215091
      30
0
      10
10707.1836348988
      20
6881.30810215091
      30
0
      10
10707.2630818309
      20
6881.33129279154
      30
0
      10
10707.342528763
      20
6881.35448343218
      30
0
      10
10707.4219756951
      20
6881.37767407282
      30
0
      10
10707.4219756951
      20
6881.37767407282
      30
0
      10
10707.5817437529
      20
6881.41391010427
      30
0
      10
10707.7415118106
      20
6881.45014613573
      30
0
      10
10707.9012798684
      20
6881.48638216718
      30
0
      10
10707.9012798684
      20
6881.48638216718
      30
0
      10
10708.0620823567
      20
6881.5102798068
      30
0
      10
10708.222884845
      20
6881.53417744643
      30
0
      10
10708.3836873334
      20
6881.55807508605
      30
0
      10
10708.3836873334
      20
6881.55807508605
      30
0
      10
10708.5453668508
      20
6881.57106065793
      30
0
      10
10708.7070463682
      20
6881.58404622981
      30
0
      10
10708.8687258856
      20
6881.5970318017
      30
0
      10
10708.8687258856
      20
6881.5970318017
      30
0
      10
10709.1125452906
      20
6881.5991701256
      30
0
      10
10709.3563646955
      20
6881.6013084495
      30
0
      10
10709.6001841005
      20
6881.6034467734
      30
0
      10
10709.6001841005
      20
6881.6034467734
      30
0
      10
10710.8249761156
      20
6881.46247948216
      30
0
      10
10712.0497681307
      20
6881.32151219091
      30
0
      10
10713.2745601457
      20
6881.18054489967
      30
0
      10
10713.2745601457
      20
6881.18054489967
      30
0
      10
10713.5169390183
      20
6881.15571662439
      30
0
      10
10713.759317891
      20
6881.13088834912
      30
0
      10
10714.0016967636
      20
6881.10606007384
      30
0
      10
10714.0016967636
      20
6881.10606007384
      30
0
      10
10714.9579251532
      20
6879.5551619307
      30
0
      10
10715.9141535429
      20
6878.00426378756
      30
0
      10
10716.8703819326
      20
6876.45336564443
      30
0
      10
10716.8703819326
      20
6876.45336564443
      30
0
      10
10717.043753526
      20
6877.49927133786
      30
0
      10
10717.2171251194
      20
6878.54517703129
      30
0
      10
10717.3904967128
      20
6879.59108272472
      30
0
      10
10717.3904967128
      20
6879.59108272472
      30
0
      10
10717.3565131618
      20
6879.86804604575
      30
0
      10
10717.3225296108
      20
6880.14500936677
      30
0
      10
10717.2885460599
      20
6880.42197268779
      30
0
      10
10717.2885460599
      20
6880.42197268779
      30
0
      10
10717.2783166048
      20
6880.50160065262
      30
0
      10
10717.2680871498
      20
6880.58122861745
      30
0
      10
10717.2578576947
      20
6880.66085658228
      30
0
      10
10717.2578576947
      20
6880.66085658228
      30
0
      10
10717.2381185717
      20
6880.73539386076
      30
0
      10
10717.2183794486
      20
6880.80993113924
      30
0
      10
10717.1986403256
      20
6880.88446841772
      30
0
      10
10717.1986403256
      20
6880.88446841772
      30
0
      10
10717.1537018356
      20
6880.98807936164
      30
0
      10
10717.1087633456
      20
6881.09169030555
      30
0
      10
10717.0638248556
      20
6881.19530124947
      30
0
      10
10717.0638248556
      20
6881.19530124947
      30
0
      10
10716.8813011453
      20
6881.43822917704
      30
0
      10
10716.6987774349
      20
6881.68115710462
      30
0
      10
10716.5162537245
      20
6881.9240850322
      30
0
      10
10716.5162537245
      20
6881.9240850322
      30
0
      10
10716.1608240963
      20
6882.3314257839
      30
0
      10
10715.805394468
      20
6882.73876653561
      30
0
      10
10715.4499648398
      20
6883.14610728731
      30
0
      10
10715.4499648398
      20
6883.14610728731
      30
0
      10
10715.0674039111
      20
6883.71772404
      30
0
      10
10714.6848429825
      20
6884.28934079269
      30
0
      10
10714.3022820538
      20
6884.86095754538
      30
0
      10
10714.3022820538
      20
6884.86095754538
      30
0
      10
10714.2078600783
      20
6884.95620906626
      30
0
      10
10714.1134381028
      20
6885.05146058715
      30
0
      10
10714.0190161272
      20
6885.14671210803
      30
0
      10
10714.0190161272
      20
6885.14671210803
      30
0
      10
10713.9500840606
      20
6885.20149995079
      30
0
      10
10713.8811519939
      20
6885.25628779354
      30
0
      10
10713.8122199272
      20
6885.3110756363
      30
0
      10
10713.8122199272
      20
6885.3110756363
      30
0
      10
10713.7377537069
      20
6885.3574421656
      30
0
      10
10713.6632874866
      20
6885.40380869489
      30
0
      10
10713.5888212662
      20
6885.45017522419
      30
0
      10
10713.5888212662
      20
6885.45017522419
      30
0
      10
10713.508180701
      20
6885.48687691494
      30
0
      10
10713.4275401357
      20
6885.52357860569
      30
0
      10
10713.3468995705
      20
6885.56028029644
      30
0
      10
10713.3468995705
      20
6885.56028029644
      30
0
      10
10713.2791988132
      20
6885.58284260915
      30
0
      10
10713.2120599773
      20
6885.60729316881
      30
0
      10
10713.1422706771
      20
6885.62283726834
      30
0
      10
10713.1422706771
      20
6885.62283726834
      30
0
      10
10713.073942932
      20
6885.6418605975
      30
0
      10
10713.00344741
      20
6885.65254935263
      30
0
      10
10712.9334759523
      20
6885.6641648911
      30
0
      10
10712.9334759523
      20
6885.6641648911
      30
0
      10
10712.862381955
      20
6885.67180974978
      30
0
      10
10712.7914099004
      20
6885.6811492091
      30
0
      10
10712.7197952295
      20
6885.68155842661
      30
0
      10
10712.7197952295
      20
6885.68155842661
      30
0
      10
10712.6960146015
      20
6885.68244231324
      30
0
      10
10712.6722339735
      20
6885.68332619987
      30
0
      10
10712.6484533455
      20
6885.6842100865
      30
0
      10
10712.6484533455
      20
6885.6842100865
      30
0
      10
10712.570701637
      20
6885.68315122188
      30
0
      10
10712.4929499285
      20
6885.68209235726
      30
0
      10
10712.4151982201
      20
6885.68103349264
      30
0
      10
10712.4151982201
      20
6885.68103349264
      30
0
      10
10712.3381808452
      20
6885.67615971166
      30
0
      10
10712.2611634704
      20
6885.67128593068
      30
0
      10
10712.1841460956
      20
6885.6664121497
      30
0
      10
10712.1841460956
      20
6885.6664121497
      30
0
      10
10712.0320773184
      20
6885.64643085856
      30
0
      10
10711.8800085411
      20
6885.62644956741
      30
0
      10
10711.7279397639
      20
6885.60646827627
      30
0
      10
10711.7279397639
      20
6885.60646827627
      30
0
      10
10711.5780972302
      20
6885.57486039863
      30
0
      10
10711.4282546964
      20
6885.54325252099
      30
0
      10
10711.2784121627
      20
6885.51164464335
      30
0
      10
10711.2784121627
      20
6885.51164464335
      30
0
      10
10710.6189597102
      20
6885.29047146348
      30
0
      10
10709.9595072576
      20
6885.0692982836
      30
0
      10
10709.3000548051
      20
6884.84812510373
      30
0
      10
10709.3000548051
      20
6884.84812510373
      30
0
      10
10708.8587990252
      20
6884.70611772083
      30
0
      10
10708.4175432452
      20
6884.56411033794
      30
0
      10
10707.9762874652
      20
6884.42210295504
      30
0
      10
10707.9762874652
      20
6884.42210295504
      30
0
      10
10707.8262277035
      20
6884.38945949561
      30
0
      10
10707.6761679417
      20
6884.35681603618
      30
0
      10
10707.5261081799
      20
6884.32417257674
      30
0
      10
10707.5261081799
      20
6884.32417257674
      30
0
      10
10707.3737710626
      20
6884.30291203855
      30
0
      10
10707.2214339453
      20
6884.28165150035
      30
0
      10
10707.0690968279
      20
6884.26039096216
      30
0
      10
10707.0690968279
      20
6884.26039096216
      30
0
      10
10706.9919261161
      20
6884.25478618085
      30
0
      10
10706.9147554043
      20
6884.24918139954
      30
0
      10
10706.8375846925
      20
6884.24357661824
      30
0
      10
10706.8375846925
      20
6884.24357661824
      30
0
      10
10706.7596668686
      20
6884.24172583863
      30
0
      10
10706.6817490446
      20
6884.23987505902
      30
0
      10
10706.6038312207
      20
6884.23802427941
      30
0
      10
10706.6038312207
      20
6884.23802427941
      30
0
      10
10706.5251070247
      20
6884.24023025705
      30
0
      10
10706.4463828288
      20
6884.24243623468
      30
0
      10
10706.3676586328
      20
6884.24464221231
      30
0
      10
10706.3676586328
      20
6884.24464221231
      30
0
      10
10706.2880688091
      20
6884.25120770501
      30
0
      10
10706.2084789853
      20
6884.2577731977
      30
0
      10
10706.1288891616
      20
6884.26433869039
      30
0
      10
10706.1288891616
      20
6884.26433869039
      30
0
      10
10706.2609731856
      20
6884.62625935333
      30
0
      10
10706.3930572097
      20
6884.98818001628
      30
0
      10
10706.5251412337
      20
6885.35010067922
      30
0
      10
10706.5251412337
      20
6885.35010067922
      30
0
      10
10706.6466514287
      20
6885.55776550978
      30
0
      10
10706.7681616237
      20
6885.76543034035
      30
0
      10
10706.8896718186
      20
6885.97309517091
      30
0
      10
10706.8896718186
      20
6885.97309517091
      30
0
      10
10707.0103384803
      20
6886.11926051891
      30
0
      10
10707.131005142
      20
6886.2654258669
      30
0
      10
10707.2516718037
      20
6886.41159121489
      30
0
      10
10707.2516718037
      20
6886.41159121489
      30
0
      10
10707.3566308441
      20
6886.50557370208
      30
0
      10
10707.4615898845
      20
6886.59955618926
      30
0
      10
10707.5665489249
      20
6886.69353867645
      30
0
      10
10707.5665489249
      20
6886.69353867645
      30
0
      10
10707.6436836332
      20
6886.74731875857
      30
0
      10
10707.7208183416
      20
6886.80109884069
      30
0
      10
10707.7979530499
      20
6886.85487892281
      30
0
      10
10707.7979530499
      20
6886.85487892281
      30
0
      10
10707.8809895742
      20
6886.9006714315
      30
0
      10
10707.9640260986
      20
6886.94646394019
      30
0
      10
10708.0470626229
      20
6886.99225644889
      30
0
      10
10708.0470626229
      20
6886.99225644889
      30
0
      10
10708.136148568
      20
6887.02930055359
      30
0
      10
10708.225234513
      20
6887.0663446583
      30
0
      10
10708.3143204581
      20
6887.103388763
      30
0
      10
10708.3143204581
      20
6887.103388763
      30
0
      10
10708.4096034246
      20
6887.13092362517
      30
0
      10
10708.5048863912
      20
6887.15845848733
      30
0
      10
10708.6001693578
      20
6887.1859933495
      30
0
      10
10708.6001693578
      20
6887.1859933495
      30
0
      10
10708.6501808512
      20
6887.19595705299
      30
0
      10
10708.7001923446
      20
6887.20592075649
      30
0
      10
10708.7502038379
      20
6887.21588445998
      30
0
      10
10708.7502038379
      20
6887.21588445998
      30
0
      10
10708.8536089026
      20
6887.24737026138
      30
0
      10
10708.9570139673
      20
6887.27885606278
      30
0
      10
10709.060419032
      20
6887.31034186418
      30
0
      10
10709.060419032
      20
6887.31034186418
      30
0
      10
10709.1632016383
      20
6887.33489723136
      30
0
      10
10709.2659842445
      20
6887.35945259853
      30
0
      10
10709.3687668508
      20
6887.38400796571
      30
0
      10
10709.3687668508
      20
6887.38400796571
      30
0
      10
10709.4709565981
      20
6887.40199560455
      30
0
      10
10709.5731463455
      20
6887.4199832434
      30
0
      10
10709.6753360929
      20
6887.43797088225
      30
0
      10
10709.6753360929
      20
6887.43797088225
      30
0
      10
10709.7769625739
      20
6887.44975350251
      30
0
      10
10709.8785890548
      20
6887.46153612277
      30
0
      10
10709.9802155358
      20
6887.47331874303
      30
0
      10
10709.9802155358
      20
6887.47331874303
      30
0
      10
10710.0813083488
      20
6887.47925905413
      30
0
      10
10710.1824011617
      20
6887.48519936522
      30
0
      10
10710.2834939747
      20
6887.49113967632
      30
0
      10
10710.2834939747
      20
6887.49113967632
      30
0
      10
10710.3840827119
      20
6887.49160038499
      30
0
      10
10710.4846714492
      20
6887.49206109367
      30
0
      10
10710.5852601864
      20
6887.49252180234
      30
0
      10
10710.5852601864
      20
6887.49252180234
      30
0
      10
10710.6853744459
      20
6887.48786561699
      30
0
      10
10710.7854887053
      20
6887.48320943163
      30
0
      10
10710.8856029648
      20
6887.47855324627
      30
0
      10
10710.8856029648
      20
6887.47855324627
      30
0
      10
10710.9852723437
      20
6887.46914287724
      30
0
      10
10711.0849417225
      20
6887.45973250821
      30
0
      10
10711.1846111014
      20
6887.45032213918
      30
0
      10
10711.1846111014
      20
6887.45032213918
      30
0
      10
10711.2838651932
      20
6887.43652029022
      30
0
      10
10711.3831192851
      20
6887.42271844125
      30
0
      10
10711.482373377
      20
6887.40891659228
      30
0
      10
10711.482373377
      20
6887.40891659228
      30
0
      10
10711.5812417781
      20
6887.39108597756
      30
0
      10
10711.6801101792
      20
6887.37325536284
      30
0
      10
10711.7789785803
      20
6887.35542474812
      30
0
      10
10711.7789785803
      20
6887.35542474812
      30
0
      10
10711.9756766898
      20
6887.30912804289
      30
0
      10
10712.1723747992
      20
6887.26283133767
      30
0
      10
10712.3690729087
      20
6887.21653463245
      30
0
      10
10712.3690729087
      20
6887.21653463245
      30
0
      10
10712.5645834047
      20
6887.15847535262
      30
0
      10
10712.7600939008
      20
6887.10041607279
      30
0
      10
10712.9556043968
      20
6887.04235679297
      30
0
      10
10712.9556043968
      20
6887.04235679297
      30
0
      10
10713.9236294482
      20
6886.677180085
      30
0
      10
10714.8916544996
      20
6886.31200337703
      30
0
      10
10715.8596795509
      20
6885.94682666907
      30
0
      10
10715.8596795509
      20
6885.94682666907
      30
0
      10
10716.1498762332
      20
6885.84830161612
      30
0
      10
10716.4400729154
      20
6885.74977656317
      30
0
      10
10716.7302695976
      20
6885.65125151022
      30
0
      10
10716.7302695976
      20
6885.65125151022
      30
0
      10
10716.924419883
      20
6885.59746353163
      30
0
      10
10717.1185701684
      20
6885.54367555304
      30
0
      10
10717.3127204538
      20
6885.48988757445
      30
0
      10
10717.3127204538
      20
6885.48988757445
      30
0
      10
10717.2678324759
      20
6885.60482837817
      30
0
      10
10717.2229444979
      20
6885.71976918188
      30
0
      10
10717.17805652
      20
6885.8347099856
      30
0
      10
10717.17805652
      20
6885.8347099856
      30
0
      10
10717.1275653308
      20
6885.94480556445
      30
0
      10
10717.0770741417
      20
6886.05490114331
      30
0
      10
10717.0265829525
      20
6886.16499672216
      30
0
      10
10717.0265829525
      20
6886.16499672216
      30
0
      10
10716.970726871
      20
6886.27036931922
      30
0
      10
10716.9148707894
      20
6886.37574191627
      30
0
      10
10716.8590147078
      20
6886.48111451332
      30
0
      10
10716.8590147078
      20
6886.48111451332
      30
0
      10
10716.7980320446
      20
6886.58188636965
      30
0
      10
10716.7370493814
      20
6886.68265822598
      30
0
      10
10716.6760667182
      20
6886.78343008232
      30
0
      10
10716.6760667182
      20
6886.78343008232
      30
0
      10
10716.6101957934
      20
6886.8797234442
      30
0
      10
10716.5443248686
      20
6886.97601680609
      30
0
      10
10716.4784539437
      20
6887.07231016798
      30
0
      10
10716.4784539437
      20
6887.07231016798
      30
0
      10
10716.4079330675
      20
6887.16424727992
      30
0
      10
10716.3374121913
      20
6887.25618439187
      30
0
      10
10716.266891315
      20
6887.34812150381
      30
0
      10
10716.266891315
      20
6887.34812150381
      30
0
      10
10716.1919587993
      20
6887.43582460577
      30
0
      10
10716.1170262835
      20
6887.52352770773
      30
0
      10
10716.0420937677
      20
6887.61123080969
      30
0
      10
10716.0420937677
      20
6887.61123080969
      30
0
      10
10715.9629879312
      20
6887.69482214618
      30
0
      10
10715.8838820946
      20
6887.77841348266
      30
0
      10
10715.804776258
      20
6887.86200481915
      30
0
      10
10715.804776258
      20
6887.86200481915
      30
0
      10
10715.7217354122
      20
6887.94160663632
      30
0
      10
10715.6386945663
      20
6888.02120845348
      30
0
      10
10715.5556537205
      20
6888.10081027065
      30
0
      10
10715.5556537205
      20
6888.10081027065
      30
0
      10
10715.4689161787
      20
6888.17654480959
      30
0
      10
10715.3821786369
      20
6888.25227934853
      30
0
      10
10715.2954410951
      20
6888.32801388747
      30
0
      10
10715.2954410951
      20
6888.32801388747
      30
0
      10
10715.2052451732
      20
6888.40000339456
      30
0
      10
10715.1150492513
      20
6888.47199290165
      30
0
      10
10715.0248533293
      20
6888.54398240874
      30
0
      10
10715.0248533293
      20
6888.54398240874
      30
0
      10
10714.9314373416
      20
6888.61234912279
      30
0
      10
10714.8380213539
      20
6888.68071583684
      30
0
      10
10714.7446053662
      20
6888.74908255089
      30
0
      10
10714.7446053662
      20
6888.74908255089
      30
0
      10
10714.6482076242
      20
6888.8139487192
      30
0
      10
10714.5518098823
      20
6888.87881488751
      30
0
      10
10714.4554121403
      20
6888.94368105582
      30
0
      10
10714.4554121403
      20
6888.94368105582
      30
0
      10
10714.3562709593
      20
6889.00516892289
      30
0
      10
10714.2571297782
      20
6889.06665678997
      30
0
      10
10714.1579885971
      20
6889.12814465705
      30
0
      10
10714.1579885971
      20
6889.12814465705
      30
0
      10
10714.0563422929
      20
6889.18637646192
      30
0
      10
10713.9546959886
      20
6889.24460826679
      30
0
      10
10713.8530496844
      20
6889.30284007167
      30
0
      10
10713.8530496844
      20
6889.30284007167
      30
0
      10
10713.7491365693
      20
6889.35793806153
      30
0
      10
10713.6452234541
      20
6889.4130360514
      30
0
      10
10713.5413103389
      20
6889.46813404127
      30
0
      10
10713.5413103389
      20
6889.46813404127
      30
0
      10
10713.4353687274
      20
6889.52022045815
      30
0
      10
10713.3294271158
      20
6889.57230687503
      30
0
      10
10713.2234855043
      20
6889.6243932919
      30
0
      10
10713.2234855043
      20
6889.6243932919
      30
0
      10
10713.006470049
      20
6889.72002038514
      30
0
      10
10712.7894545937
      20
6889.81564747839
      30
0
      10
10712.5724391384
      20
6889.91127457163
      30
0
      10
10712.5724391384
      20
6889.91127457163
      30
0
      10
10712.3501694654
      20
6889.99632229573
      30
0
      10
10712.1278997924
      20
6890.08137001982
      30
0
      10
10711.9056301194
      20
6890.16641774392
      30
0
      10
10711.9056301194
      20
6890.16641774392
      30
0
      10
10711.56654445
      20
6890.27629228062
      30
0
      10
10711.2274587807
      20
6890.38616681732
      30
0
      10
10710.8883731113
      20
6890.49604135401
      30
0
      10
10710.8883731113
      20
6890.49604135401
      30
0
      10
10710.4356632408
      20
6890.61464047229
      30
0
      10
10709.9829533703
      20
6890.73323959057
      30
0
      10
10709.5302434998
      20
6890.85183870885
      30
0
      10
10709.5302434998
      20
6890.85183870885
      30
0
      10
10709.4185484296
      20
6890.87732125532
      30
0
      10
10709.3068533595
      20
6890.90280380179
      30
0
      10
10709.1951582893
      20
6890.92828634826
      30
0
      10
10709.1951582893
      20
6890.92828634826
      30
0
      10
10708.1555442044
      20
6891.0749753705
      30
0
      10
10707.1159301195
      20
6891.22166439273
      30
0
      10
10706.0763160345
      20
6891.36835341497
      30
0
      10
10706.0763160345
      20
6891.36835341497
      30
0
      10
10705.7981373286
      20
6891.36570440021
      30
0
      10
10705.5199586227
      20
6891.36305538546
      30
0
      10
10705.2417799168
      20
6891.3604063707
      30
0
      10
10705.2417799168
      20
6891.3604063707
      30
0
      10
10705.0357190507
      20
6891.3373266622
      30
0
      10
10704.8296581847
      20
6891.3142469537
      30
0
      10
10704.6235973186
      20
6891.2911672452
      30
0
      10
10704.6235973186
      20
6891.2911672452
      30
0
      10
10704.4880010358
      20
6891.26387567211
      30
0
      10
10704.3524047529
      20
6891.23658409902
      30
0
      10
10704.2168084701
      20
6891.20929252593
      30
0
      10
10704.2168084701
      20
6891.20929252593
      30
0
      10
10704.0829779486
      20
6891.1713190153
      30
0
      10
10703.9491474271
      20
6891.13334550467
      30
0
      10
10703.8153169056
      20
6891.09537199403
      30
0
      10
10703.8153169056
      20
6891.09537199403
      30
0
      10
10703.6835467095
      20
6891.0457240987
      30
0
      10
10703.5517765134
      20
6890.99607620338
      30
0
      10
10703.4200063173
      20
6890.94642830805
      30
0
      10
10703.4200063173
      20
6890.94642830805
      30
0
      10
10703.3549858932
      20
6890.91691632574
      30
0
      10
10703.2899654691
      20
6890.88740434344
      30
0
      10
10703.2249450451
      20
6890.85789236113
      30
0
      10
10703.2249450451
      20
6890.85789236113
      30
0
      10
10703.1660381676
      20
6890.82880463208
      30
0
      10
10703.1056825801
      20
6890.80245329935
      30
0
      10
10703.0503217983
      20
6890.76666752651
      30
0
      10
10703.0503217983
      20
6890.76666752651
      30
0
      10
10702.9963395643
      20
6890.73654316556
      30
0
      10
10702.9471317081
      20
6890.69898260236
      30
0
      10
10702.8978369563
      20
6890.66205277951
      30
0
      10
10702.8978369563
      20
6890.66205277951
      30
0
      10
10702.8711405125
      20
6890.63905517103
      30
0
      10
10702.8444440687
      20
6890.61605756255
      30
0
      10
10702.8177476249
      20
6890.59305995407
      30
0
      10
10702.8177476249
      20
6890.59305995407
      30
0
      10
10702.7680741503
      20
6890.53748814434
      30
0
      10
10702.7184006757
      20
6890.4819163346
      30
0
      10
10702.6687272011
      20
6890.42634452487
      30
0
      10
10702.6687272011
      20
6890.42634452487
      30
0
      10
10702.6294313118
      20
6890.36438696022
      30
0
      10
10702.5901354226
      20
6890.30242939558
      30
0
      10
10702.5508395333
      20
6890.24047183093
      30
0
      10
10702.5508395333
      20
6890.24047183093
      30
0
      10
10702.5084810577
      20
6890.13759048458
      30
0
      10
10702.466122582
      20
6890.03470913823
      30
0
      10
10702.4237641064
      20
6889.93182779187
      30
0
      10
10702.4237641064
      20
6889.93182779187
      30
0
      10
10702.3825036713
      20
6889.70173747266
      30
0
      10
10702.3412432362
      20
6889.47164715345
      30
0
      10
10702.2999828012
      20
6889.24155683424
      30
0
      10
10702.2999828012
      20
6889.24155683424
      30
0
      10
10702.2671911919
      20
6888.77168804856
      30
0
      10
10702.2343995827
      20
6888.30181926287
      30
0
      10
10702.2016079735
      20
6887.83195047719
      30
0
      10
10702.2016079735
      20
6887.83195047719
      30
0
      10
10702.1090615534
      20
6887.80099050111
      30
0
      10
10702.0165151333
      20
6887.77003052503
      30
0
      10
10701.9239687133
      20
6887.73907054894
      30
0
      10
10701.9239687133
      20
6887.73907054894
      30
0
      10
10701.8389767691
      20
6887.69973140212
      30
0
      10
10701.7539848249
      20
6887.6603922553
      30
0
      10
10701.6689928808
      20
6887.62105310847
      30
0
      10
10701.6689928808
      20
6887.62105310847
      30
0
      10
10701.5537596522
      20
6887.54842154902
      30
0
      10
10701.4385264236
      20
6887.47578998956
      30
0
      10
10701.3232931951
      20
6887.40315843011
      30
0
      10
10701.3232931951
      20
6887.40315843011
      30
0
      10
10701.1566409743
      20
6887.25373293578
      30
0
      10
10700.9899887536
      20
6887.10430744145
      30
0
      10
10700.8233365329
      20
6886.95488194713
      30
0
      10
10700.8233365329
      20
6886.95488194713
      30
0
      10
10700.3241617575
      20
6886.36748938946
      30
0
      10
10699.824986982
      20
6885.78009683179
      30
0
      10
10699.3258122066
      20
6885.19270427412
      30
0
      10
10699.3258122066
      20
6885.19270427412
      30
0
      10
10698.341413994
      20
6884.93757127274
      30
0
      10
10697.3570157815
      20
6884.68243827136
      30
0
      10
10696.3726175689
      20
6884.42730526998
      30
0
      10
10696.3726175689
      20
6884.42730526998
      30
0
      10
10696.0423472273
      20
6884.28367125705
      30
0
      10
10695.7120768857
      20
6884.14003724411
      30
0
      10
10695.381806544
      20
6883.99640323117
      30
0
      10
10695.381806544
      20
6883.99640323117
      30
0
      10
10695.1935184749
      20
6883.89043090538
      30
0
      10
10695.0052304058
      20
6883.78445857959
      30
0
      10
10694.8169423366
      20
6883.67848625379
      30
0
      10
10694.8169423366
      20
6883.67848625379
      30
0
      10
10694.637744731
      20
6883.55522313326
      30
0
      10
10694.4585471253
      20
6883.43196001272
      30
0
      10
10694.2793495197
      20
6883.30869689219
      30
0
      10
10694.2793495197
      20
6883.30869689219
      30
0
      10
10694.1656154625
      20
6883.21592685344
      30
0
      10
10694.0518814053
      20
6883.12315681469
      30
0
      10
10693.938147348
      20
6883.03038677594
      30
0
      10
10693.938147348
      20
6883.03038677594
      30
0
      10
10693.8294746272
      20
6882.92844899545
      30
0
      10
10693.7208019064
      20
6882.82651121496
      30
0
      10
10693.6121291855
      20
6882.72457343446
      30
0
      10
10693.6121291855
      20
6882.72457343446
      30
0
      10
10693.2393015964
      20
6882.04702421764
      30
0
      10
10692.8664740073
      20
6881.36947500081
      30
0
      10
10692.4936464182
      20
6880.69192578399
      30
0
      10
10692.4936464182
      20
6880.69192578399
      30
0
      10
10691.8021829637
      20
6880.5757366387
      30
0
      10
10691.1107195092
      20
6880.45954749341
      30
0
      10
10690.4192560547
      20
6880.34335834812
      30
0
      10
10690.4192560547
      20
6880.34335834812
      30
0
      10
10689.9639073095
      20
6880.25599353325
      30
0
      10
10689.5085585643
      20
6880.16862871839
      30
0
      10
10689.0532098191
      20
6880.08126390352
      30
0
      10
10689.0532098191
      20
6880.08126390352
      30
0
      10
10688.8916027253
      20
6880.02250296485
      30
0
      10
10688.7299956314
      20
6879.96374202618
      30
0
      10
10688.5683885376
      20
6879.9049810875
      30
0
      10
10688.5683885376
      20
6879.9049810875
      30
0
      10
10688.4647909956
      20
6879.85382544238
      30
0
      10
10688.3611934535
      20
6879.80266979726
      30
0
      10
10688.2575959115
      20
6879.75151415213
      30
0
      10
10688.2575959115
      20
6879.75151415213
      30
0
      10
10688.1579001624
      20
6879.68900564068
      30
0
      10
10688.0582044133
      20
6879.62649712923
      30
0
      10
10687.9585086642
      20
6879.56398861778
      30
0
      10
10687.9585086642
      20
6879.56398861778
      30
0
      10
10687.9102818304
      20
6879.52800359699
      30
0
      10
10687.8620549967
      20
6879.4920185762
      30
0
      10
10687.8138281629
      20
6879.45603355541
      30
0
      10
10687.8138281629
      20
6879.45603355541
      30
0
      10
10687.7667662174
      20
6879.41664218798
      30
0
      10
10687.7197042719
      20
6879.37725082055
      30
0
      10
10687.6726423264
      20
6879.33785945312
      30
0
      10
10687.6726423264
      20
6879.33785945312
      30
0
      10
10686.940350453
      20
6879.69012862195
      30
0
      10
10686.2080585795
      20
6880.04239779079
      30
0
      10
10685.475766706
      20
6880.39466695963
      30
0
      10
10685.475766706
      20
6880.39466695963
      30
0
      10
10684.8829732725
      20
6880.03457561143
      30
0
      10
10684.2901798391
      20
6879.67448426324
      30
0
      10
10683.6973864056
      20
6879.31439291504
      30
0
      10
10683.6973864056
      20
6879.31439291504
      30
0
      10
10683.6172625532
      20
6879.53367839226
      30
0
      10
10683.5371387009
      20
6879.75296386949
      30
0
      10
10683.4570148485
      20
6879.97224934671
      30
0
      10
10683.4570148485
      20
6879.97224934671
      30
0
      10
10683.4052978282
      20
6880.20017284128
      30
0
      10
10683.3535808078
      20
6880.42809633585
      30
0
      10
10683.3018637875
      20
6880.65601983042
      30
0
      10
10683.3018637875
      20
6880.65601983042
      30
0
      10
10683.2803041549
      20
6880.88803889287
      30
0
      10
10683.2587445224
      20
6881.12005795533
      30
0
      10
10683.2371848898
      20
6881.35207701778
      30
0
      10
10683.2371848898
      20
6881.35207701778
      30
0
      10
10683.2418590192
      20
6881.52604646704
      30
0
      10
10683.2465331486
      20
6881.70001591629
      30
0
      10
10683.251207278
      20
6881.87398536555
      30
0
      10
10683.251207278
      20
6881.87398536555
      30
0
      10
10683.2745681451
      20
6882.04578709933
      30
0
      10
10683.2979290122
      20
6882.21758883312
      30
0
      10
10683.3212898793
      20
6882.3893905669
      30
0
      10
10683.3212898793
      20
6882.3893905669
      30
0
      10
10683.3640759954
      20
6882.55710824242
      30
0
      10
10683.4068621115
      20
6882.72482591793
      30
0
      10
10683.4496482275
      20
6882.89254359345
      30
0
      10
10683.4496482275
      20
6882.89254359345
      30
0
      10
10683.4893288104
      20
6883.00114011159
      30
0
      10
10683.5290093932
      20
6883.10973662974
      30
0
      10
10683.5686899761
      20
6883.21833314788
      30
0
      10
10683.5686899761
      20
6883.21833314788
      30
0
      10
10683.617551055
      20
6883.32369501405
      30
0
      10
10683.6664121339
      20
6883.42905688021
      30
0
      10
10683.7152732128
      20
6883.53441874638
      30
0
      10
10683.7152732128
      20
6883.53441874638
      30
0
      10
10683.7735336037
      20
6883.63597815489
      30
0
      10
10683.8317939946
      20
6883.7375375634
      30
0
      10
10683.8900543855
      20
6883.83909697192
      30
0
      10
10683.8900543855
      20
6883.83909697192
      30
0
      10
10683.9579329106
      20
6883.93628611689
      30
0
      10
10684.0258114356
      20
6884.03347526186
      30
0
      10
10684.0936899606
      20
6884.13066440683
      30
0
      10
10684.0936899606
      20
6884.13066440683
      30
0
      10
10684.3880551542
      20
6884.22197613217
      30
0
      10
10684.6824203478
      20
6884.31328785752
      30
0
      10
10684.9767855414
      20
6884.40459958287
      30
0
      10
10684.9767855414
      20
6884.40459958287
      30
0
      10
10685.5677201471
      20
6884.50417768168
      30
0
      10
10686.1586547529
      20
6884.60375578049
      30
0
      10
10686.7495893586
      20
6884.7033338793
      30
0
      10
10686.7495893586
      20
6884.7033338793
      30
0
      10
10686.8096659768
      20
6884.72435856302
      30
0
      10
10686.8697425949
      20
6884.74538324674
      30
0
      10
10686.9298192131
      20
6884.76640793046
      30
0
      10
10686.9298192131
      20
6884.76640793046
      30
0
      10
10686.9901023445
      20
6884.78302458595
      30
0
      10
10687.0503854759
      20
6884.79964124143
      30
0
      10
10687.1106686074
      20
6884.81625789692
      30
0
      10
10687.1106686074
      20
6884.81625789692
      30
0
      10
10687.1711414923
      20
6884.82880076502
      30
0
      10
10687.2316143772
      20
6884.84134363311
      30
0
      10
10687.2920872621
      20
6884.85388650121
      30
0
      10
10687.2920872621
      20
6884.85388650121
      30
0
      10
10687.3527331489
      20
6884.86268982195
      30
0
      10
10687.4133790357
      20
6884.8714931427
      30
0
      10
10687.4740249226
      20
6884.88029646345
      30
0
      10
10687.4740249226
      20
6884.88029646345
      30
0
      10
10687.5957686814
      20
6884.88802142882
      30
0
      10
10687.7175124403
      20
6884.89574639418
      30
0
      10
10687.8392561991
      20
6884.90347135955
      30
0
      10
10687.8392561991
      20
6884.90347135955
      30
0
      10
10688.0227504673
      20
6884.89536822979
      30
0
      10
10688.2062447354
      20
6884.88726510002
      30
0
      10
10688.3897390036
      20
6884.87916197026
      30
0
      10
10688.3897390036
      20
6884.87916197026
      30
0
      10
10689.0646912807
      20
6884.78455547762
      30
0
      10
10689.7396435579
      20
6884.68994898498
      30
0
      10
10690.4145958351
      20
6884.59534249234
      30
0
      10
10690.4145958351
      20
6884.59534249234
      30
0
      10
10690.5365140483
      20
6884.59035904457
      30
0
      10
10690.6584322615
      20
6884.5853755968
      30
0
      10
10690.7803504747
      20
6884.58039214903
      30
0
      10
10690.7803504747
      20
6884.58039214903
      30
0
      10
10690.9016873183
      20
6884.58585282035
      30
0
      10
10691.0230241619
      20
6884.59131349168
      30
0
      10
10691.1443610055
      20
6884.596774163
      30
0
      10
10691.1443610055
      20
6884.596774163
      30
0
      10
10691.2047695259
      20
6884.60425664515
      30
0
      10
10691.2651780463
      20
6884.61173912729
      30
0
      10
10691.3255865667
      20
6884.61922160944
      30
0
      10
10691.3255865667
      20
6884.61922160944
      30
0
      10
10691.3857994803
      20
6884.63031784554
      30
0
      10
10691.4460123939
      20
6884.64141408164
      30
0
      10
10691.5062253075
      20
6884.65251031774
      30
0
      10
10691.5062253075
      20
6884.65251031774
      30
0
      10
10691.5662258561
      20
6884.6675545467
      30
0
      10
10691.6262264048
      20
6884.68259877566
      30
0
      10
10691.6862269534
      20
6884.69764300462
      30
0
      10
10691.6862269534
      20
6884.69764300462
      30
0
      10
10691.7459983894
      20
6884.71696946688
      30
0
      10
10691.8057698255
      20
6884.73629592915
      30
0
      10
10691.8655412615
      20
6884.75562239141
      30
0
      10
10691.8655412615
      20
6884.75562239141
      30
0
      10
10691.9250668219
      20
6884.7795653298
      30
0
      10
10691.9845923823
      20
6884.80350826819
      30
0
      10
10692.0441179427
      20
6884.82745120657
      30
0
      10
10692.0441179427
      20
6884.82745120657
      30
0
      10
10693.7055595565
      20
6885.41748467359
      30
0
      10
10695.3670011703
      20
6886.0075181406
      30
0
      10
10697.0284427841
      20
6886.59755160761
      30
0
      10
10697.0284427841
      20
6886.59755160761
      30
0
      10
10697.1649543426
      20
6886.70445360229
      30
0
      10
10697.3014659012
      20
6886.81135559697
      30
0
      10
10697.4379774598
      20
6886.91825759166
      30
0
      10
10697.4379774598
      20
6886.91825759166
      30
0
      10
10697.5978191087
      20
6887.08053726045
      30
0
      10
10697.7576607576
      20
6887.24281692924
      30
0
      10
10697.9175024066
      20
6887.40509659803
      30
0
      10
10697.9175024066
      20
6887.40509659803
      30
0
      10
10698.1506005002
      20
6887.72942536043
      30
0
      10
10698.3836985938
      20
6888.05375412283
      30
0
      10
10698.6167966874
      20
6888.37808288523
      30
0
      10
10698.6167966874
      20
6888.37808288523
      30
0
      10
10699.0307107486
      20
6889.13487937305
      30
0
      10
10699.4446248098
      20
6889.89167586088
      30
0
      10
10699.858538871
      20
6890.6484723487
      30
0
      10
10699.858538871
      20
6890.6484723487
      30
0
      10
10699.6489821013
      20
6890.83869193443
      30
0
      10
10699.4394253316
      20
6891.02891152016
      30
0
      10
10699.229868562
      20
6891.2191311059
      30
0
      10
10699.229868562
      20
6891.2191311059
      30
0
      10
10699.1234493245
      20
6891.38402693095
      30
0
      10
10699.017030087
      20
6891.54892275601
      30
0
      10
10698.9106108495
      20
6891.71381858107
      30
0
      10
10698.9106108495
      20
6891.71381858107
      30
0
      10
10698.8690552263
      20
6891.83438901179
      30
0
      10
10698.8274996031
      20
6891.95495944251
      30
0
      10
10698.7859439799
      20
6892.07552987322
      30
0
      10
10698.7859439799
      20
6892.07552987322
      30
0
      10
10698.7711516864
      20
6892.20464557731
      30
0
      10
10698.7563593928
      20
6892.3337612814
      30
0
      10
10698.7415670993
      20
6892.46287698549
      30
0
      10
10698.7415670993
      20
6892.46287698549
      30
0
      10
10698.7497125568
      20
6892.56533880648
      30
0
      10
10698.7578580143
      20
6892.66780062746
      30
0
      10
10698.7660034718
      20
6892.77026244844
      30
0
      10
10698.7660034718
      20
6892.77026244844
      30
0
      10
10698.7919462504
      20
6892.87755914051
      30
0
      10
10698.817889029
      20
6892.98485583257
      30
0
      10
10698.8438318076
      20
6893.09215252463
      30
0
      10
10698.8438318076
      20
6893.09215252463
      30
0
      10
10698.8566375414
      20
6893.12899459062
      30
0
      10
10698.8694432753
      20
6893.1658366566
      30
0
      10
10698.8822490091
      20
6893.20267872259
      30
0
      10
10698.8822490091
      20
6893.20267872259
      30
0
      10
10699.4413540596
      20
6893.34293516087
      30
0
      10
10700.00045911
      20
6893.48319159916
      30
0
      10
10700.5595641604
      20
6893.62344803744
      30
0
      10
10700.5595641604
      20
6893.62344803744
      30
0
      10
10700.5635119504
      20
6894.17894781149
      30
0
      10
10700.5674597403
      20
6894.73444758553
      30
0
      10
10700.5714075302
      20
6895.28994735957
      30
0
      10
10700.5714075302
      20
6895.28994735957
      30
0
      10
10700.6349839733
      20
6895.29443841994
      30
0
      10
10700.6985604164
      20
6895.2989294803
      30
0
      10
10700.7621368595
      20
6895.30342054067
      30
0
      10
10700.7621368595
      20
6895.30342054067
      30
0
      10
10700.884985435
      20
6895.32167710741
      30
0
      10
10701.0078340104
      20
6895.33993367416
      30
0
      10
10701.1306825859
      20
6895.3581902409
      30
0
      10
10701.1306825859
      20
6895.3581902409
      30
0
      10
10701.2482585232
      20
6895.38778335437
      30
0
      10
10701.3658344606
      20
6895.41737646783
      30
0
      10
10701.4834103979
      20
6895.4469695813
      30
0
      10
10701.4834103979
      20
6895.4469695813
      30
0
      10
10701.5962734347
      20
6895.48666398473
      30
0
      10
10701.7091364716
      20
6895.52635838816
      30
0
      10
10701.8219995084
      20
6895.56605279159
      30
0
      10
10701.8219995084
      20
6895.56605279159
      30
0
      10
10701.9836817896
      20
6895.64183218596
      30
0
      10
10702.1453640708
      20
6895.71761158032
      30
0
      10
10702.3070463521
      20
6895.79339097469
      30
0
      10
10702.3070463521
      20
6895.79339097469
      30
0
      10
10702.6585764219
      20
6896.02436890794
      30
0
      10
10703.0101064917
      20
6896.25534684119
      30
0
      10
10703.3616365615
      20
6896.48632477444
      30
0
      10
10703.3616365615
      20
6896.48632477444
      30
0
      10
10703.9389501255
      20
6896.92960721079
      30
0
      10
10704.5162636894
      20
6897.37288964714
      30
0
      10
10705.0935772533
      20
6897.8161720835
      30
0
      10
10705.0935772533
      20
6897.8161720835
      30
0
      10
10705.2968229457
      20
6897.8402503127
      30
0
      10
10705.500068638
      20
6897.8643285419
      30
0
      10
10705.7033143304
      20
6897.8884067711
      30
0
      10
10705.7033143304
      20
6897.8884067711
      30
0
      10
10706.0421904417
      20
6897.89131643251
      30
0
      10
10706.3810665531
      20
6897.89422609391
      30
0
      10
10706.7199426645
      20
6897.89713575532
      30
0
      10
10706.7199426645
      20
6897.89713575532
      30
0
      10
10708.1375493091
      20
6897.68535468863
      30
0
      10
10709.5551559538
      20
6897.47357362194
      30
0
      10
10710.9727625985
      20
6897.26179255525
      30
0
      10
10710.9727625985
      20
6897.26179255525
      30
0
      10
10710.8822782822
      20
6897.86840640015
      30
0
      10
10710.7917939659
      20
6898.47502024504
      30
0
      10
10710.7013096497
      20
6899.08163408994
      30
0
      10
10710.7013096497
      20
6899.08163408994
      30
0
      10
10710.6460128133
      20
6899.20036708312
      30
0
      10
10710.590715977
      20
6899.31910007629
      30
0
      10
10710.5354191407
      20
6899.43783306947
      30
0
      10
10710.5354191407
      20
6899.43783306947
      30
0
      10
10710.4750952278
      20
6899.516064934
      30
0
      10
10710.4147713149
      20
6899.59429679853
      30
0
      10
10710.354447402
      20
6899.67252866306
      30
0
      10
10710.354447402
      20
6899.67252866306
      30
0
      10
10710.3034625661
      20
6899.71833478631
      30
0
      10
10710.2524777302
      20
6899.76414090957
      30
0
      10
10710.2014928943
      20
6899.80994703282
      30
0
      10
10710.2014928943
      20
6899.80994703282
      30
0
      10
10710.1407778655
      20
6899.84992954402
      30
0
      10
10710.0800628367
      20
6899.88991205522
      30
0
      10
10710.0193478079
      20
6899.92989456642
      30
0
      10
10710.0193478079
      20
6899.92989456642
      30
0
      10
10709.9423024449
      20
6899.97029382996
      30
0
      10
10709.8652570819
      20
6900.0106930935
      30
0
      10
10709.7882117189
      20
6900.05109235703
      30
0
      10
10709.7882117189
      20
6900.05109235703
      30
0
      10
10709.7101739426
      20
6900.08748355772
      30
0
      10
10709.6321361663
      20
6900.1238747584
      30
0
      10
10709.55409839
      20
6900.16026595909
      30
0
      10
10709.55409839
      20
6900.16026595909
      30
0
      10
10709.4751271825
      20
6900.19280746855
      30
0
      10
10709.3961559751
      20
6900.22534897802
      30
0
      10
10709.3171847676
      20
6900.25789048749
      30
0
      10
10709.3171847676
      20
6900.25789048749
      30
0
      10
10709.2373391077
      20
6900.2867406844
      30
0
      10
10709.1574934478
      20
6900.31559088132
      30
0
      10
10709.0776477879
      20
6900.34444107824
      30
0
      10
10709.0776477879
      20
6900.34444107824
      30
0
      10
10708.9969866573
      20
6900.36975833694
      30
0
      10
10708.9163255267
      20
6900.39507559563
      30
0
      10
10708.8356643961
      20
6900.42039285433
      30
0
      10
10708.8356643961
      20
6900.42039285433
      30
0
      10
10708.6721316419
      20
6900.46106205766
      30
0
      10
10708.5085988877
      20
6900.50173126099
      30
0
      10
10708.3450661335
      20
6900.54240046433
      30
0
      10
10708.3450661335
      20
6900.54240046433
      30
0
      10
10708.1789792577
      20
6900.57083842395
      30
0
      10
10708.0128923819
      20
6900.59927638357
      30
0
      10
10707.8468055061
      20
6900.62771434319
      30
0
      10
10707.8468055061
      20
6900.62771434319
      30
0
      10
10707.6786363516
      20
6900.64518805887
      30
0
      10
10707.5104671971
      20
6900.66266177454
      30
0
      10
10707.3422980426
      20
6900.68013549022
      30
0
      10
10707.3422980426
      20
6900.68013549022
      30
0
      10
10707.0871721951
      20
6900.68855968103
      30
0
      10
10706.8320463476
      20
6900.69698387185
      30
0
      10
10706.5769205001
      20
6900.70540806267
      30
0
      10
10706.5769205001
      20
6900.70540806267
      30
0
      10
10706.0621682354
      20
6900.67390464414
      30
0
      10
10705.5474159708
      20
6900.64240122562
      30
0
      10
10705.0326637061
      20
6900.61089780709
      30
0
      10
10705.0326637061
      20
6900.61089780709
      30
0
      10
10704.2731709222
      20
6900.50690526664
      30
0
      10
10703.5136781383
      20
6900.40291272618
      30
0
      10
10702.7541853543
      20
6900.29892018573
      30
0
      10
10702.7541853543
      20
6900.29892018573
      30
0
      10
10702.6976749629
      20
6900.29672448581
      30
0
      10
10702.6411645714
      20
6900.29452878589
      30
0
      10
10702.58465418
      20
6900.29233308597
      30
0
      10
10702.58465418
      20
6900.29233308597
      30
0
      10
10702.5020916219
      20
6900.28313248031
      30
0
      10
10702.4191483269
      20
6900.27716511798
      30
0
      10
10702.3374754727
      20
6900.26040908853
      30
0
      10
10702.3374754727
      20
6900.26040908853
      30
0
      10
10702.2597193885
      20
6900.24914958255
      30
0
      10
10702.1842583596
      20
6900.22783976438
      30
0
      10
10702.1080396866
      20
6900.20984775723
      30
0
      10
10702.1080396866
      20
6900.20984775723
      30
0
      10
10702.0100533907
      20
6900.1759989671
      30
0
      10
10701.9120670949
      20
6900.14215017697
      30
0
      10
10701.814080799
      20
6900.10830138684
      30
0
      10
10701.814080799
      20
6900.10830138684
      30
0
      10
10701.7215455749
      20
6900.06381526209
      30
0
      10
10701.6290103507
      20
6900.01932913734
      30
0
      10
10701.5364751266
      20
6899.97484301259
      30
0
      10
10701.5364751266
      20
6899.97484301259
      30
0
      10
10701.4062217581
      20
6899.89150190607
      30
0
      10
10701.2759683896
      20
6899.80816079954
      30
0
      10
10701.145715021
      20
6899.72481969302
      30
0
      10
10701.145715021
      20
6899.72481969302
      30
0
      10
10700.6015404499
      20
6899.2158633503
      30
0
      10
10700.0573658787
      20
6898.70690700758
      30
0
      10
10699.5131913075
      20
6898.19795066485
      30
0
      10
10699.5131913075
      20
6898.19795066485
      30
0
      10
10699.3529090965
      20
6898.0642189616
      30
0
      10
10699.1926268854
      20
6897.93048725835
      30
0
      10
10699.0323446744
      20
6897.7967555551
      30
0
      10
10699.0323446744
      20
6897.7967555551
      30
0
      10
10698.7656229352
      20
6898.87193631376
      30
0
      10
10698.4989011961
      20
6899.94711707242
      30
0
      10
10698.2321794569
      20
6901.02229783107
      30
0
      10
10698.2321794569
      20
6901.02229783107
      30
0
      10
10698.3962962157
      20
6901.02463972375
      30
0
      10
10698.5604129744
      20
6901.02698161644
      30
0
      10
10698.7245297331
      20
6901.02932350912
      30
0
      10
10698.7245297331
      20
6901.02932350912
      30
0
      10
10698.8827140679
      20
6901.05097918535
      30
0
      10
10699.0408984027
      20
6901.07263486157
      30
0
      10
10699.1990827374
      20
6901.0942905378
      30
0
      10
10699.1990827374
      20
6901.0942905378
      30
0
      10
10699.4014499045
      20
6901.14949813733
      30
0
      10
10699.6038170716
      20
6901.20470573686
      30
0
      10
10699.8061842387
      20
6901.25991333639
      30
0
      10
10699.8061842387
      20
6901.25991333639
      30
0
      10
10700.0933261592
      20
6901.38881755391
      30
0
      10
10700.3804680797
      20
6901.51772177142
      30
0
      10
10700.6676100001
      20
6901.64662598893
      30
0
      10
10700.6676100001
      20
6901.64662598893
      30
0
      10
10701.2360574602
      20
6902.04038793506
      30
0
      10
10701.8045049202
      20
6902.43414988119
      30
0
      10
10702.3729523802
      20
6902.82791182732
      30
0
      10
10702.3729523802
      20
6902.82791182732
      30
0
      10
10703.6075058108
      20
6902.70411446134
      30
0
      10
10704.8420592413
      20
6902.58031709537
      30
0
      10
10706.0766126718
      20
6902.4565197294
      30
0
      10
10706.0766126718
      20
6902.4565197294
      30
0
      10
10706.5322105482
      20
6902.49883690149
      30
0
      10
10706.9878084246
      20
6902.54115407359
      30
0
      10
10707.4434063011
      20
6902.58347124569
      30
0
      10
10707.4434063011
      20
6902.58347124569
      30
0
      10
10707.6380372308
      20
6902.62294387385
      30
0
      10
10707.8326681605
      20
6902.66241650202
      30
0
      10
10708.0272990902
      20
6902.70188913018
      30
0
      10
10708.0272990902
      20
6902.70188913018
      30
0
      10
10707.8996877305
      20
6902.9269064196
      30
0
      10
10707.7720763707
      20
6903.15192370901
      30
0
      10
10707.644465011
      20
6903.37694099842
      30
0
      10
10707.644465011
      20
6903.37694099842
      30
0
      10
10707.4916269791
      20
6903.58790946783
      30
0
      10
10707.3387889472
      20
6903.79887793724
      30
0
      10
10707.1859509154
      20
6904.00984640665
      30
0
      10
10707.1859509154
      20
6904.00984640665
      30
0
      10
10707.0555824471
      20
6904.15482615273
      30
0
      10
10706.9252139788
      20
6904.2998058988
      30
0
      10
10706.7948455105
      20
6904.44478564488
      30
0
      10
10706.7948455105
      20
6904.44478564488
      30
0
      10
10706.6516207732
      20
6904.57527318083
      30
0
      10
10706.5083960358
      20
6904.70576071678
      30
0
      10
10706.3651712985
      20
6904.83624825273
      30
0
      10
10706.3651712985
      20
6904.83624825273
      30
0
      10
10706.2628280407
      20
6904.91379406199
      30
0
      10
10706.1604847829
      20
6904.99133987125
      30
0
      10
10706.058141525
      20
6905.06888568051
      30
0
      10
10706.058141525
      20
6905.06888568051
      30
0
      10
10705.950507779
      20
6905.13789852131
      30
0
      10
10705.842874033
      20
6905.20691136212
      30
0
      10
10705.735240287
      20
6905.27592420292
      30
0
      10
10705.735240287
      20
6905.27592420292
      30
0
      10
10705.6224854129
      20
6905.3355672855
      30
0
      10
10705.5097305388
      20
6905.39521036809
      30
0
      10
10705.3969756646
      20
6905.45485345067
      30
0
      10
10705.3969756646
      20
6905.45485345067
      30
0
      10
10705.2792690267
      20
6905.50428998216
      30
0
      10
10705.1615623887
      20
6905.55372651364
      30
0
      10
10705.0438557507
      20
6905.60316304513
      30
0
      10
10705.0438557507
      20
6905.60316304513
      30
0
      10
10704.9213667137
      20
6905.64155622706
      30
0
      10
10704.7988776767
      20
6905.67994940899
      30
0
      10
10704.6763886398
      20
6905.71834259092
      30
0
      10
10704.6763886398
      20
6905.71834259092
      30
0
      10
10704.5492865655
      20
6905.7448556331
      30
0
      10
10704.4221844913
      20
6905.77136867529
      30
0
      10
10704.295082417
      20
6905.79788171748
      30
0
      10
10704.295082417
      20
6905.79788171748
      30
0
      10
10704.2298544161
      20
6905.8064216887
      30
0
      10
10704.1646264152
      20
6905.81496165991
      30
0
      10
10704.0993984143
      20
6905.82350163113
      30
0
      10
10704.0993984143
      20
6905.82350163113
      30
0
      10
10704.0330806667
      20
6905.82875777001
      30
0
      10
10703.9667629191
      20
6905.83401390889
      30
0
      10
10703.9004451715
      20
6905.83927004777
      30
0
      10
10703.9004451715
      20
6905.83927004777
      30
0
      10
10703.8330588447
      20
6905.84113775444
      30
0
      10
10703.765672518
      20
6905.84300546112
      30
0
      10
10703.6982861912
      20
6905.84487316779
      30
0
      10
10703.6982861912
      20
6905.84487316779
      30
0
      10
10703.5981169254
      20
6905.84330812455
      30
0
      10
10703.4979476597
      20
6905.84174308131
      30
0
      10
10703.3977783939
      20
6905.84017803806
      30
0
      10
10703.3977783939
      20
6905.84017803806
      30
0
      10
10703.1992268845
      20
6905.82703300876
      30
0
      10
10703.000675375
      20
6905.81388797946
      30
0
      10
10702.8021238655
      20
6905.80074295015
      30
0
      10
10702.8021238655
      20
6905.80074295015
      30
0
      10
10702.6059626137
      20
6905.77502159435
      30
0
      10
10702.4098013619
      20
6905.74930023854
      30
0
      10
10702.2136401102
      20
6905.72357888273
      30
0
      10
10702.2136401102
      20
6905.72357888273
      30
0
      10
10702.0198781928
      20
6905.68621351631
      30
0
      10
10701.8261162754
      20
6905.64884814988
      30
0
      10
10701.632354358
      20
6905.61148278346
      30
0
      10
10701.632354358
      20
6905.61148278346
      30
0
      10
10701.4410008543
      20
6905.56340572261
      30
0
      10
10701.2496473505
      20
6905.51532866176
      30
0
      10
10701.0582938468
      20
6905.46725160091
      30
0
      10
10701.0582938468
      20
6905.46725160091
      30
0
      10
10700.7757992179
      20
6905.37709102508
      30
0
      10
10700.493304589
      20
6905.28693044926
      30
0
      10
10700.2108099601
      20
6905.19676987343
      30
0
      10
10700.2108099601
      20
6905.19676987343
      30
0
      10
10699.9337853161
      20
6905.08775226508
      30
0
      10
10699.656760672
      20
6904.97873465674
      30
0
      10
10699.379736028
      20
6904.86971704839
      30
0
      10
10699.379736028
      20
6904.86971704839
      30
0
      10
10698.9302670095
      20
6904.65466275141
      30
0
      10
10698.480797991
      20
6904.43960845442
      30
0
      10
10698.0313289724
      20
6904.22455415744
      30
0
      10
10698.0313289724
      20
6904.22455415744
      30
0
      10
10697.2612417676
      20
6903.77398244276
      30
0
      10
10696.4911545627
      20
6903.32341072808
      30
0
      10
10695.7210673578
      20
6902.8728390134
      30
0
      10
10695.7210673578
      20
6902.8728390134
      30
0
      10
10695.2406023069
      20
6902.49230657235
      30
0
      10
10694.7601372559
      20
6902.11177413129
      30
0
      10
10694.279672205
      20
6901.73124169023
      30
0
      10
10694.279672205
      20
6901.73124169023
      30
0
      10
10694.1278202038
      20
6901.56488453502
      30
0
      10
10693.9759682027
      20
6901.39852737981
      30
0
      10
10693.8241162016
      20
6901.2321702246
      30
0
      10
10693.8241162016
      20
6901.2321702246
      30
0
      10
10693.7291545285
      20
6901.09682008086
      30
0
      10
10693.6341928554
      20
6900.96146993712
      30
0
      10
10693.5392311824
      20
6900.82611979338
      30
0
      10
10693.5392311824
      20
6900.82611979338
      30
0
      10
10693.487537709
      20
6900.7306594059
      30
0
      10
10693.4358442356
      20
6900.63519901842
      30
0
      10
10693.3841507622
      20
6900.53973863094
      30
0
      10
10693.3841507622
      20
6900.53973863094
      30
0
      10
10693.3433673169
      20
6900.43997983399
      30
0
      10
10693.3025838716
      20
6900.34022103704
      30
0
      10
10693.2618004263
      20
6900.24046224009
      30
0
      10
10693.2618004263
      20
6900.24046224009
      30
0
      10
10693.2374207598
      20
6900.16051530994
      30
0
      10
10693.2106248239
      20
6900.08122451427
      30
0
      10
10693.1934441663
      20
6899.99932270351
      30
0
      10
10693.1934441663
      20
6899.99932270351
      30
0
      10
10693.1724249249
      20
6899.91894866004
      30
0
      10
10693.1604848495
      20
6899.83665148579
      30
0
      10
10693.1475307234
      20
6899.75478264049
      30
0
      10
10693.1475307234
      20
6899.75478264049
      30
0
      10
10693.1423332432
      20
6899.70386242853
      30
0
      10
10693.1371357629
      20
6899.65294221658
      30
0
      10
10693.1319382827
      20
6899.60202200463
      30
0
      10
10693.1319382827
      20
6899.60202200463
      30
0
      10
10693.1301029501
      20
6899.54597566294
      30
0
      10
10693.1282676175
      20
6899.48992932125
      30
0
      10
10693.1264322848
      20
6899.43388297956
      30
0
      10
10693.1264322848
      20
6899.43388297956
      30
0
      10
10693.1285383958
      20
6899.37667440582
      30
0
      10
10693.1306445068
      20
6899.31946583209
      30
0
      10
10693.1327506177
      20
6899.26225725835
      30
0
      10
10693.1327506177
      20
6899.26225725835
      30
0
      10
10693.1389715918
      20
6899.20387393402
      30
0
      10
10693.1451925658
      20
6899.1454906097
      30
0
      10
10693.1514135398
      20
6899.08710728538
      30
0
      10
10693.1514135398
      20
6899.08710728538
      30
0
      10
10693.9493669534
      20
6898.42190604361
      30
0
      10
10694.7473203671
      20
6897.75670480184
      30
0
      10
10695.5452737808
      20
6897.09150356007
      30
0
      10
10695.5452737808
      20
6897.09150356007
      30
0
      10
10695.1162731037
      20
6896.20108701385
      30
0
      10
10694.6872724266
      20
6895.31067046762
      30
0
      10
10694.2582717495
      20
6894.42025392139
      30
0
      10
10694.2582717495
      20
6894.42025392139
      30
0
      10
10694.6626136172
      20
6893.87550534041
      30
0
      10
10695.0669554849
      20
6893.33075675943
      30
0
      10
10695.4712973526
      20
6892.78600817844
      30
0
      10
10695.4712973526
      20
6892.78600817844
      30
0
      10
10695.2718218285
      20
6892.650631809
      30
0
      10
10695.0723463045
      20
6892.51525543957
      30
0
      10
10694.8728707805
      20
6892.37987907013
      30
0
      10
10694.8728707805
      20
6892.37987907013
      30
0
      10
10694.5961360469
      20
6892.22417789749
      30
0
      10
10694.3194013132
      20
6892.06847672486
      30
0
      10
10694.0426665796
      20
6891.91277555222
      30
0
      10
10694.0426665796
      20
6891.91277555222
      30
0
      10
10693.7550587729
      20
6891.7835347034
      30
0
      10
10693.4674509662
      20
6891.65429385457
      30
0
      10
10693.1798431595
      20
6891.52505300575
      30
0
      10
10693.1798431595
      20
6891.52505300575
      30
0
      10
10692.8074238422
      20
6891.39758189167
      30
0
      10
10692.435004525
      20
6891.27011077759
      30
0
      10
10692.0625852078
      20
6891.14263966352
      30
0
      10
10692.0625852078
      20
6891.14263966352
      30
0
      10
10691.5225698221
      20
6891.02060528649
      30
0
      10
10690.9825544365
      20
6890.89857090947
      30
0
      10
10690.4425390509
      20
6890.77653653244
      30
0
      10
10690.4425390509
      20
6890.77653653244
      30
0
      10
10689.9680846535
      20
6890.71681872805
      30
0
      10
10689.4936302561
      20
6890.65710092366
      30
0
      10
10689.0191758586
      20
6890.59738311927
      30
0
      10
10689.0191758586
      20
6890.59738311927
      30
0
      10
10688.4882809834
      20
6889.8997829609
      30
0
      10
10687.9573861081
      20
6889.20218280253
      30
0
      10
10687.4264912328
      20
6888.50458264416
      30
0
      10
10687.4264912328
      20
6888.50458264416
      30
0
      10
10686.8498176241
      20
6888.29799661644
      30
0
      10
10686.2731440154
      20
6888.09141058873
      30
0
      10
10685.6964704067
      20
6887.88482456101
      30
0
      10
10685.6964704067
      20
6887.88482456101
      30
0
      10
10685.3628652067
      20
6887.81397499952
      30
0
      10
10685.0292600067
      20
6887.74312543803
      30
0
      10
10684.6956548067
      20
6887.67227587655
      30
0
      10
10684.6956548067
      20
6887.67227587655
      30
0
      10
10684.4256081338
      20
6887.64518269664
      30
0
      10
10684.1555614608
      20
6887.61808951674
      30
0
      10
10683.8855147879
      20
6887.59099633684
      30
0
      10
10683.8855147879
      20
6887.59099633684
      30
0
      10
10683.6825513115
      20
6887.59065698496
      30
0
      10
10683.479587835
      20
6887.59031763308
      30
0
      10
10683.2766243586
      20
6887.5899782812
      30
0
      10
10683.2766243586
      20
6887.5899782812
      30
0
      10
10683.0743052819
      20
6887.60870921402
      30
0
      10
10682.8719862051
      20
6887.62744014683
      30
0
      10
10682.6696671284
      20
6887.64617107965
      30
0
      10
10682.6696671284
      20
6887.64617107965
      30
0
      10
10682.5355953747
      20
6887.67011701968
      30
0
      10
10682.401523621
      20
6887.69406295971
      30
0
      10
10682.2674518673
      20
6887.71800889974
      30
0
      10
10682.2674518673
      20
6887.71800889974
      30
0
      10
10682.1343409534
      20
6887.75172659795
      30
0
      10
10682.0012300394
      20
6887.78544429615
      30
0
      10
10681.8681191255
      20
6887.81916199436
      30
0
      10
10681.8681191255
      20
6887.81916199436
      30
0
      10
10681.8020082911
      20
6887.83984726183
      30
0
      10
10681.7358974568
      20
6887.8605325293
      30
0
      10
10681.6697866224
      20
6887.88121779677
      30
0
      10
10681.6697866224
      20
6887.88121779677
      30
0
      10
10681.5899021698
      20
6887.93992328356
      30
0
      10
10681.5100177172
      20
6887.99862877035
      30
0
      10
10681.4301332645
      20
6888.05733425713
      30
0
      10
10681.4301332645
      20
6888.05733425713
      30
0
      10
10681.055814904
      20
6888.43701917174
      30
0
      10
10680.6814965435
      20
6888.81670408636
      30
0
      10
10680.3071781829
      20
6889.19638900097
      30
0
      10
10680.3071781829
      20
6889.19638900097
      30
0
      10
10680.1147862738
      20
6889.37887105666
      30
0
      10
10679.9223943646
      20
6889.56135311236
      30
0
      10
10679.7300024554
      20
6889.74383516805
      30
0
      10
10679.7300024554
      20
6889.74383516805
      30
0
      10
10679.6481633505
      20
6889.80402840121
      30
0
      10
10679.5663242456
      20
6889.86422163438
      30
0
      10
10679.4844851407
      20
6889.92441486754
      30
0
      10
10679.4844851407
      20
6889.92441486754
      30
0
      10
10679.3986746115
      20
6889.97383754821
      30
0
      10
10679.3128640823
      20
6890.02326022888
      30
0
      10
10679.2270535531
      20
6890.07268290955
      30
0
      10
10679.2270535531
      20
6890.07268290955
      30
0
      10
10679.1601074716
      20
6890.10204574354
      30
0
      10
10679.0944734263
      20
6890.13472377994
      30
0
      10
10679.0247088573
      20
6890.15696496903
      30
0
      10
10679.0247088573
      20
6890.15696496903
      30
0
      10
10678.9792023532
      20
6890.17438105439
      30
0
      10
10678.9328313647
      20
6890.18891944774
      30
0
      10
10678.885497781
      20
6890.20025355808
      30
0
      10
10678.885497781
      20
6890.20025355808
      30
0
      10
10678.8406219831
      20
6890.21304797879
      30
0
      10
10678.7953238113
      20
6890.22393903758
      30
0
      10
10678.7490595252
      20
6890.23047645404
      30
0
      10
10678.7490595252
      20
6890.23047645404
      30
0
      10
10678.7017423764
      20
6890.23911803132
      30
0
      10
10678.6543840743
      20
6890.24744412736
      30
0
      10
10678.6062019507
      20
6890.2494547972
      30
0
      10
10678.6062019507
      20
6890.2494547972
      30
0
      10
10678.5560459021
      20
6890.25368636838
      30
0
      10
10678.505905967
      20
6890.25850873803
      30
0
      10
10678.455560594
      20
6890.25579873622
      30
0
      10
10678.455560594
      20
6890.25579873622
      30
0
      10
10678.4032659801
      20
6890.25522323867
      30
0
      10
10678.3509255757
      20
6890.25569277798
      30
0
      10
10678.2989405651
      20
6890.24805145919
      30
0
      10
10678.2989405651
      20
6890.24805145919
      30
0
      10
10678.2653276522
      20
6890.24448778203
      30
0
      10
10678.2317147394
      20
6890.24092410487
      30
0
      10
10678.1981018266
      20
6890.23736042772
      30
0
      10
10678.1981018266
      20
6890.23736042772
      30
0
      10
10678.1423758314
      20
6890.22636649965
      30
0
      10
10678.0866498362
      20
6890.21537257158
      30
0
      10
10678.030923841
      20
6890.20437864351
      30
0
      10
10678.030923841
      20
6890.20437864351
      30
0
      10
10677.9355757115
      20
6890.12557930704
      30
0
      10
10677.840227582
      20
6890.04677997058
      30
0
      10
10677.7448794525
      20
6889.96798063412
      30
0
      10
10677.7448794525
      20
6889.96798063412
      30
0
      10
10677.6579994209
      20
6889.88246554878
      30
0
      10
10677.5711193893
      20
6889.79695046345
      30
0
      10
10677.4842393578
      20
6889.71143537811
      30
0
      10
10677.4842393578
      20
6889.71143537811
      30
0
      10
10677.3677022055
      20
6889.57226394031
      30
0
      10
10677.2511650531
      20
6889.43309250251
      30
0
      10
10677.1346279008
      20
6889.29392106471
      30
0
      10
10677.1346279008
      20
6889.29392106471
      30
0
      10
10676.9393214667
      20
6888.98592121211
      30
0
      10
10676.7440150325
      20
6888.67792135952
      30
0
      10
10676.5487085983
      20
6888.36992150692
      30
0
      10
10676.5487085983
      20
6888.36992150692
      30
0
      10
10676.0985183739
      20
6887.49717635715
      30
0
      10
10675.6483281495
      20
6886.62443120738
      30
0
      10
10675.1981379251
      20
6885.75168605761
      30
0
      10
10675.1981379251
      20
6885.75168605761
      30
0
      10
10675.0992994502
      20
6885.83899161671
      30
0
      10
10675.0004609753
      20
6885.92629717581
      30
0
      10
10674.9016225004
      20
6886.01360273491
      30
0
      10
10674.9016225004
      20
6886.01360273491
      30
0
      10
10674.8075563197
      20
6886.10432311499
      30
0
      10
10674.713490139
      20
6886.19504349508
      30
0
      10
10674.6194239583
      20
6886.28576387516
      30
0
      10
10674.6194239583
      20
6886.28576387516
      30
0
      10
10674.5300561045
      20
6886.37975259185
      30
0
      10
10674.4406882506
      20
6886.47374130853
      30
0
      10
10674.3513203968
      20
6886.56773002521
      30
0
      10
10674.3513203968
      20
6886.56773002521
      30
0
      10
10674.2665769048
      20
6886.66484059536
      30
0
      10
10674.1818334128
      20
6886.76195116551
      30
0
      10
10674.0970899208
      20
6886.85906173566
      30
0
      10
10674.0970899208
      20
6886.85906173566
      30
0
      10
10674.0168968202
      20
6886.95914767633
      30
0
      10
10673.9367037197
      20
6887.05923361699
      30
0
      10
10673.8565106192
      20
6887.15931955766
      30
0
      10
10673.8565106192
      20
6887.15931955766
      30
0
      10
10673.7807939449
      20
6887.26223438664
      30
0
      10
10673.7050772706
      20
6887.36514921562
      30
0
      10
10673.6293605964
      20
6887.4680640446
      30
0
      10
10673.6293605964
      20
6887.4680640446
      30
0
      10
10673.558046379
      20
6887.5736612777
      30
0
      10
10673.4867321616
      20
6887.6792585108
      30
0
      10
10673.4154179442
      20
6887.7848557439
      30
0
      10
10673.4154179442
      20
6887.7848557439
      30
0
      10
10673.3484322181
      20
6887.89298889913
      30
0
      10
10673.2814464919
      20
6888.00112205437
      30
0
      10
10673.2144607657
      20
6888.1092552096
      30
0
      10
10673.2144607657
      20
6888.1092552096
      30
0
      10
10673.151729564
      20
6888.21977780226
      30
0
      10
10673.0889983622
      20
6888.33030039491
      30
0
      10
10673.0262671605
      20
6888.44082298757
      30
0
      10
10673.0262671605
      20
6888.44082298757
      30
0
      10
10672.9677165143
      20
6888.55358853617
      30
0
      10
10672.9091658682
      20
6888.66635408477
      30
0
      10
10672.8506152221
      20
6888.77911963337
      30
0
      10
10672.8506152221
      20
6888.77911963337
      30
0
      10
10672.7961711651
      20
6888.89398165394
      30
0
      10
10672.7417271081
      20
6889.00884367451
      30
0
      10
10672.6872830511
      20
6889.12370569509
      30
0
      10
10672.6872830511
      20
6889.12370569509
      30
0
      10
10672.6368716161
      20
6889.24051770686
      30
0
      10
10672.586460181
      20
6889.35732971864
      30
0
      10
10672.5360487459
      20
6889.47414173041
      30
0
      10
10672.5360487459
      20
6889.47414173041
      30
0
      10
10672.4895959651
      20
6889.59275724653
      30
0
      10
10672.4431431843
      20
6889.71137276264
      30
0
      10
10672.3966904035
      20
6889.82998827875
      30
0
      10
10672.3966904035
      20
6889.82998827875
      30
0
      10
10672.3541223101
      20
6889.95026081823
      30
0
      10
10672.3115542168
      20
6890.07053335773
      30
0
      10
10672.2689861235
      20
6890.19080589721
      30
0
      10
10672.2689861235
      20
6890.19080589721
      30
0
      10
10672.2302287524
      20
6890.31258897702
      30
0
      10
10672.1914713814
      20
6890.43437205682
      30
0
      10
10672.1527140104
      20
6890.55615513662
      30
0
      10
10672.1527140104
      20
6890.55615513662
      30
0
      10
10672.1176933897
      20
6890.67930227465
      30
0
      10
10672.082672769
      20
6890.80244941268
      30
0
      10
10672.0476521483
      20
6890.92559655072
      30
0
      10
10672.0476521483
      20
6890.92559655072
      30
0
      10
10672.0162943131
      20
6891.04996126205
      30
0
      10
10671.9849364779
      20
6891.17432597339
      30
0
      10
10671.9535786427
      20
6891.29869068472
      30
0
      10
10671.9535786427
      20
6891.29869068472
      30
0
      10
10671.925809625
      20
6891.42412648541
      30
0
      10
10671.8980406073
      20
6891.54956228609
      30
0
      10
10671.8702715896
      20
6891.67499808678
      30
0
      10
10671.8702715896
      20
6891.67499808678
      30
0
      10
10671.8460174241
      20
6891.80135849635
      30
0
      10
10671.8217632586
      20
6891.92771890593
      30
0
      10
10671.7975090931
      20
6892.0540793155
      30
0
      10
10671.7975090931
      20
6892.0540793155
      30
0
      10
10671.7766958107
      20
6892.18121784937
      30
0
      10
10671.7558825283
      20
6892.30835638324
      30
0
      10
10671.7350692459
      20
6892.43549491711
      30
0
      10
10671.7350692459
      20
6892.43549491711
      30
0
      10
10671.7034694643
      20
6892.6915204289
      30
0
      10
10671.6718696826
      20
6892.9475459407
      30
0
      10
10671.640269901
      20
6893.20357145249
      30
0
      10
10671.640269901
      20
6893.20357145249
      30
0
      10
10671.6215460448
      20
6893.46095166696
      30
0
      10
10671.6028221886
      20
6893.71833188143
      30
0
      10
10671.5840983325
      20
6893.9757120959
      30
0
      10
10671.5840983325
      20
6893.9757120959
      30
0
      10
10671.577658668
      20
6894.23327514696
      30
0
      10
10671.5712190036
      20
6894.49083819803
      30
0
      10
10671.5647793392
      20
6894.74840124909
      30
0
      10
10671.5647793392
      20
6894.74840124909
      30
0
      10
10671.5700321255
      20
6895.00497527377
      30
0
      10
10671.5752849118
      20
6895.26154929845
      30
0
      10
10671.5805376981
      20
6895.51812332314
      30
0
      10
10671.5805376981
      20
6895.51812332314
      30
0
      10
10671.5873638408
      20
6895.64567324313
      30
0
      10
10671.5941899834
      20
6895.77322316313
      30
0
      10
10671.6010161261
      20
6895.90077308313
      30
0
      10
10671.6010161261
      20
6895.90077308313
      30
0
      10
10672.5947954218
      20
6895.5928217075
      30
0
      10
10673.5885747174
      20
6895.28487033187
      30
0
      10
10674.5823540131
      20
6894.97691895623
      30
0
      10
10674.5823540131
      20
6894.97691895623
      30
0
      10
10674.2280831712
      20
6895.73891904204
      30
0
      10
10673.8738123293
      20
6896.50091912784
      30
0
      10
10673.5195414874
      20
6897.26291921364
      30
0
      10
10673.5195414874
      20
6897.26291921364
      30
0
      10
10673.4167296601
      20
6897.53036336223
      30
0
      10
10673.3139178329
      20
6897.79780751082
      30
0
      10
10673.2111060056
      20
6898.06525165942
      30
0
      10
10673.2111060056
      20
6898.06525165942
      30
0
      10
10673.1533745674
      20
6898.24570402003
      30
0
      10
10673.0956431292
      20
6898.42615638065
      30
0
      10
10673.037911691
      20
6898.60660874126
      30
0
      10
10673.037911691
      20
6898.60660874126
      30
0
      10
10672.9914543836
      20
6898.78815482746
      30
0
      10
10672.9449970762
      20
6898.96970091366
      30
0
      10
10672.8985397688
      20
6899.15124699986
      30
0
      10
10672.8985397688
      20
6899.15124699986
      30
0
      10
10672.8802423897
      20
6899.24226109414
      30
0
      10
10672.8619450107
      20
6899.33327518842
      30
0
      10
10672.8436476317
      20
6899.4242892827
      30
0
      10
10672.8436476317
      20
6899.4242892827
      30
0
      10
10672.8290129544
      20
6899.51537389554
      30
0
      10
10672.8143782771
      20
6899.60645850837
      30
0
      10
10672.7997435999
      20
6899.69754312121
      30
0
      10
10672.7997435999
      20
6899.69754312121
      30
0
      10
10672.7890530157
      20
6899.78863061379
      30
0
      10
10672.7783624315
      20
6899.87971810637
      30
0
      10
10672.7676718473
      20
6899.97080559894
      30
0
      10
10672.7676718473
      20
6899.97080559894
      30
0
      10
10672.7612067465
      20
6900.06182833315
      30
0
      10
10672.7547416456
      20
6900.15285106736
      30
0
      10
10672.7482765448
      20
6900.24387380156
      30
0
      10
10672.7482765448
      20
6900.24387380156
      30
0
      10
10672.7463183157
      20
6900.33476413927
      30
0
      10
10672.7443600866
      20
6900.42565447698
      30
0
      10
10672.7424018575
      20
6900.51654481469
      30
0
      10
10672.7424018575
      20
6900.51654481469
      30
0
      10
10672.7452318896
      20
6900.60723512092
      30
0
      10
10672.7480619216
      20
6900.69792542715
      30
0
      10
10672.7508919537
      20
6900.78861573339
      30
0
      10
10672.7508919537
      20
6900.78861573339
      30
0
      10
10672.7587916408
      20
6900.87903836722
      30
0
      10
10672.766691328
      20
6900.96946100105
      30
0
      10
10672.7745910151
      20
6901.05988363488
      30
0
      10
10672.7745910151
      20
6901.05988363488
      30
0
      10
10672.7878417442
      20
6901.14997095914
      30
0
      10
10672.8010924734
      20
6901.2400582834
      30
0
      10
10672.8143432025
      20
6901.33014560767
      30
0
      10
10672.8143432025
      20
6901.33014560767
      30
0
      10
10672.8332263627
      20
6901.41982998798
      30
0
      10
10672.8521095229
      20
6901.50951436829
      30
0
      10
10672.8709926831
      20
6901.5991987486
      30
0
      10
10672.8709926831
      20
6901.5991987486
      30
0
      10
10672.8957896673
      20
6901.68841254126
      30
0
      10
10672.9205866514
      20
6901.77762633391
      30
0
      10
10672.9453836355
      20
6901.86684012657
      30
0
      10
10672.9453836355
      20
6901.86684012657
      30
0
      10
10672.9763758319
      20
6901.95551569812
      30
0
      10
10673.0073680284
      20
6902.04419126966
      30
0
      10
10673.0383602248
      20
6902.13286684121
      30
0
      10
10673.0383602248
      20
6902.13286684121
      30
0
      10
10673.0758290215
      20
6902.22093655076
      30
0
      10
10673.1132978182
      20
6902.3090062603
      30
0
      10
10673.1507666149
      20
6902.39707596984
      30
0
      10
10673.1507666149
      20
6902.39707596984
      30
0
      10
10673.1949934071
      20
6902.48447218402
      30
0
      10
10673.2392201992
      20
6902.57186839819
      30
0
      10
10673.2834469914
      20
6902.65926461236
      30
0
      10
10673.2834469914
      20
6902.65926461236
      30
0
      10
10673.3267211463
      20
6902.74732557652
      30
0
      10
10673.3699953013
      20
6902.83538654069
      30
0
      10
10673.4132694562
      20
6902.92344750486
      30
0
      10
10673.4132694562
      20
6902.92344750486
      30
0
      10
10673.4644931268
      20
6903.00321707952
      30
0
      10
10673.5157167974
      20
6903.08298665418
      30
0
      10
10673.566940468
      20
6903.16275622884
      30
0
      10
10673.566940468
      20
6903.16275622884
      30
0
      10
10673.6568686357
      20
6903.26864495851
      30
0
      10
10673.7467968034
      20
6903.37453368817
      30
0
      10
10673.836724971
      20
6903.48042241784
      30
0
      10
10673.836724971
      20
6903.48042241784
      30
0
      10
10673.9767184053
      20
6903.60018527774
      30
0
      10
10674.1167118396
      20
6903.71994813764
      30
0
      10
10674.2567052739
      20
6903.83971099754
      30
0
      10
10674.2567052739
      20
6903.83971099754
      30
0
      10
10674.9998849331
      20
6904.24357070316
      30
0
      10
10675.7430645922
      20
6904.64743040878
      30
0
      10
10676.4862442514
      20
6905.0512901144
      30
0
      10
10676.4862442514
      20
6905.0512901144
      30
0
      10
10676.5181406174
      20
6906.79098760431
      30
0
      10
10676.5500369835
      20
6908.53068509422
      30
0
      10
10676.5819333495
      20
6910.27038258413
      30
0
      10
10676.5819333495
      20
6910.27038258413
      30
0
      10
10676.5942614641
      20
6910.39878176222
      30
0
      10
10676.6065895788
      20
6910.52718094031
      30
0
      10
10676.6189176934
      20
6910.65558011841
      30
0
      10
10676.6189176934
      20
6910.65558011841
      30
0
      10
10676.7123697251
      20
6910.80198299612
      30
0
      10
10676.8058217567
      20
6910.94838587383
      30
0
      10
10676.8992737884
      20
6911.09478875154
      30
0
      10
10676.8992737884
      20
6911.09478875154
      30
0
      10
10677.2841524164
      20
6911.35152690764
      30
0
      10
10677.6690310444
      20
6911.60826506374
      30
0
      10
10678.0539096724
      20
6911.86500321983
      30
0
      10
10678.0539096724
      20
6911.86500321983
      30
0
      10
10678.088845162
      20
6911.6922290947
      30
0
      10
10678.1237806515
      20
6911.51945496956
      30
0
      10
10678.1587161411
      20
6911.34668084442
      30
0
      10
10678.1587161411
      20
6911.34668084442
      30
0
      10
10678.1891643248
      20
6911.17355176507
      30
0
      10
10678.2196125085
      20
6911.00042268573
      30
0
      10
10678.2500606922
      20
6910.82729360638
      30
0
      10
10678.2500606922
      20
6910.82729360638
      30
0
      10
10678.2761993618
      20
6910.65383589455
      30
0
      10
10678.3023380313
      20
6910.48037818272
      30
0
      10
10678.3284767009
      20
6910.30692047089
      30
0
      10
10678.3284767009
      20
6910.30692047089
      30
0
      10
10678.3504836544
      20
6910.13316045017
      30
0
      10
10678.372490608
      20
6909.95940042945
      30
0
      10
10678.3944975615
      20
6909.78564040873
      30
0
      10
10678.3944975615
      20
6909.78564040873
      30
0
      10
10678.4125505936
      20
6909.61160439691
      30
0
      10
10678.4306036257
      20
6909.43756838509
      30
0
      10
10678.4486566579
      20
6909.26353237327
      30
0
      10
10678.4486566579
      20
6909.26353237327
      30
0
      10
10678.4629335675
      20
6909.08924669519
      30
0
      10
10678.4772104772
      20
6908.9149610171
      30
0
      10
10678.4914873868
      20
6908.74067533902
      30
0
      10
10678.4914873868
      20
6908.74067533902
      30
0
      10
10678.5021659656
      20
6908.56616631536
      30
0
      10
10678.5128445443
      20
6908.3916572917
      30
0
      10
10678.5235231231
      20
6908.21714826805
      30
0
      10
10678.5235231231
      20
6908.21714826805
      30
0
      10
10678.5347964807
      20
6907.86756547061
      30
0
      10
10678.5460698383
      20
6907.51798267317
      30
0
      10
10678.557343196
      20
6907.16839987574
      30
0
      10
10678.557343196
      20
6907.16839987574
      30
0
      10
10678.5563567931
      20
6906.81823955633
      30
0
      10
10678.5553703902
      20
6906.46807923693
      30
0
      10
10678.5543839874
      20
6906.11791891753
      30
0
      10
10678.5543839874
      20
6906.11791891753
      30
0
      10
10678.5425601887
      20
6905.76739165049
      30
0
      10
10678.53073639
      20
6905.41686438344
      30
0
      10
10678.5189125913
      20
6905.0663371164
      30
0
      10
10678.5189125913
      20
6905.0663371164
      30
0
      10
10678.4839682118
      20
6904.54031881782
      30
0
      10
10678.4490238322
      20
6904.01430051924
      30
0
      10
10678.4140794527
      20
6903.48828222066
      30
0
      10
10678.4140794527
      20
6903.48828222066
      30
0
      10
10678.13497145
      20
6901.22214108108
      30
0
      10
10677.8558634472
      20
6898.95599994151
      30
0
      10
10677.5767554444
      20
6896.68985880193
      30
0
      10
10677.5767554444
      20
6896.68985880193
      30
0
      10
10679.0893558632
      20
6899.37318950929
      30
0
      10
10680.6019562819
      20
6902.05652021665
      30
0
      10
10682.1145567006
      20
6904.73985092401
      30
0
      10
10682.1145567006
      20
6904.73985092401
      30
0
      10
10682.1450425331
      20
6904.82977503531
      30
0
      10
10682.1755283656
      20
6904.91969914661
      30
0
      10
10682.2060141981
      20
6905.00962325791
      30
0
      10
10682.2060141981
      20
6905.00962325791
      30
0
      10
10682.2324731581
      20
6905.10052140538
      30
0
      10
10682.258932118
      20
6905.19141955285
      30
0
      10
10682.285391078
      20
6905.28231770032
      30
0
      10
10682.285391078
      20
6905.28231770032
      30
0
      10
10682.3081758698
      20
6905.37410208037
      30
0
      10
10682.3309606616
      20
6905.46588646042
      30
0
      10
10682.3537454534
      20
6905.55767084047
      30
0
      10
10682.3537454534
      20
6905.55767084047
      30
0
      10
10682.3897033463
      20
6905.74354709094
      30
0
      10
10682.4256612392
      20
6905.9294233414
      30
0
      10
10682.461619132
      20
6906.11529959187
      30
0
      10
10682.461619132
      20
6906.11529959187
      30
0
      10
10682.4968173102
      20
6906.39856567056
      30
0
      10
10682.5320154883
      20
6906.68183174925
      30
0
      10
10682.5672136664
      20
6906.96509782795
      30
0
      10
10682.5672136664
      20
6906.96509782795
      30
0
      10
10682.6367679943
      20
6907.9193638951
      30
0
      10
10682.7063223221
      20
6908.87362996226
      30
0
      10
10682.77587665
      20
6909.82789602941
      30
0
      10
10682.77587665
      20
6909.82789602941
      30
0
      10
10682.8021301399
      20
6910.01533574173
      30
0
      10
10682.8283836298
      20
6910.20277545405
      30
0
      10
10682.8546371197
      20
6910.39021516637
      30
0
      10
10682.8546371197
      20
6910.39021516637
      30
0
      10
10682.8915886287
      20
6910.57487807717
      30
0
      10
10682.9285401376
      20
6910.75954098798
      30
0
      10
10682.9654916465
      20
6910.94420389879
      30
0
      10
10682.9654916465
      20
6910.94420389879
      30
0
      10
10682.9888609147
      20
6911.03527454792
      30
0
      10
10683.0122301829
      20
6911.12634519705
      30
0
      10
10683.0355994511
      20
6911.21741584618
      30
0
      10
10683.0355994511
      20
6911.21741584618
      30
0
      10
10683.0627013378
      20
6911.30752889142
      30
0
      10
10683.0898032245
      20
6911.39764193667
      30
0
      10
10683.1169051112
      20
6911.48775498191
      30
0
      10
10683.1169051112
      20
6911.48775498191
      30
0
      10
10683.1480923172
      20
6911.5768226174
      30
0
      10
10683.1792795232
      20
6911.66589025289
      30
0
      10
10683.2104667293
      20
6911.75495788839
      30
0
      10
10683.2104667293
      20
6911.75495788839
      30
0
      10
10683.2460919623
      20
6911.84289231519
      30
0
      10
10683.2817171953
      20
6911.930826742
      30
0
      10
10683.3173424283
      20
6912.01876116881
      30
0
      10
10683.3173424283
      20
6912.01876116881
      30
0
      10
10683.3577583884
      20
6912.10547458393
      30
0
      10
10683.3981743484
      20
6912.19218799906
      30
0
      10
10683.4385903085
      20
6912.27890141418
      30
0
      10
10683.4385903085
      20
6912.27890141418
      30
0
      10
10683.4841497001
      20
6912.36430601517
      30
0
      10
10683.5297090918
      20
6912.44971061616
      30
0
      10
10683.5752684834
      20
6912.53511521715
      30
0
      10
10683.5752684834
      20
6912.53511521715
      30
0
      10
10683.6263240117
      20
6912.6191232028
      30
0
      10
10683.6773795399
      20
6912.70313118846
      30
0
      10
10683.7284350681
      20
6912.78713917411
      30
0
      10
10683.7284350681
      20
6912.78713917411
      30
0
      10
10684.1037340738
      20
6912.50756639263
      30
0
      10
10684.4790330795
      20
6912.22799361115
      30
0
      10
10684.8543320852
      20
6911.94842082967
      30
0
      10
10684.8543320852
      20
6911.94842082967
      30
0
      10
10684.9904260307
      20
6911.78810432403
      30
0
      10
10685.1265199762
      20
6911.62778781838
      30
0
      10
10685.2626139218
      20
6911.46747131274
      30
0
      10
10685.2626139218
      20
6911.46747131274
      30
0
      10
10685.3456024594
      20
6911.32361001024
      30
0
      10
10685.4285909969
      20
6911.17974870774
      30
0
      10
10685.5115795345
      20
6911.03588740524
      30
0
      10
10685.5115795345
      20
6911.03588740524
      30
0
      10
10685.5550932947
      20
6910.91865885234
      30
0
      10
10685.5986070549
      20
6910.80143029945
      30
0
      10
10685.6421208151
      20
6910.68420174655
      30
0
      10
10685.6421208151
      20
6910.68420174655
      30
0
      10
10685.6669915103
      20
6910.55881108868
      30
0
      10
10685.6918622054
      20
6910.43342043081
      30
0
      10
10685.7167329006
      20
6910.30802977294
      30
0
      10
10685.7167329006
      20
6910.30802977294
      30
0
      10
10685.7218046436
      20
6910.21982916499
      30
0
      10
10685.7268763867
      20
6910.13162855705
      30
0
      10
10685.7319481297
      20
6910.0434279491
      30
0
      10
10685.7319481297
      20
6910.0434279491
      30
0
      10
10685.7307723035
      20
6909.99792931872
      30
0
      10
10685.7295964772
      20
6909.95243068835
      30
0
      10
10685.728420651
      20
6909.90693205797
      30
0
      10
10685.728420651
      20
6909.90693205797
      30
0
      10
10685.7398926538
      20
6909.80868392005
      30
0
      10
10685.7513646566
      20
6909.71043578212
      30
0
      10
10685.7628366595
      20
6909.6121876442
      30
0
      10
10685.7628366595
      20
6909.6121876442
      30
0
      10
10685.7697411251
      20
6909.51474290574
      30
0
      10
10685.7766455907
      20
6909.41729816728
      30
0
      10
10685.7835500563
      20
6909.31985342882
      30
0
      10
10685.7835500563
      20
6909.31985342882
      30
0
      10
10685.7861072473
      20
6909.22317763318
      30
0
      10
10685.7886644383
      20
6909.12650183754
      30
0
      10
10685.7912216292
      20
6909.0298260419
      30
0
      10
10685.7912216292
      20
6909.0298260419
      30
0
      10
10685.7896518013
      20
6908.93388473752
      30
0
      10
10685.7880819733
      20
6908.83794343314
      30
0
      10
10685.7865121454
      20
6908.74200212876
      30
0
      10
10685.7865121454
      20
6908.74200212876
      30
0
      10
10685.781035561
      20
6908.64676085889
      30
0
      10
10685.7755589767
      20
6908.55151958901
      30
0
      10
10685.7700823924
      20
6908.45627831913
      30
0
      10
10685.7700823924
      20
6908.45627831913
      30
0
      10
10685.7609193112
      20
6908.36170263034
      30
0
      10
10685.75175623
      20
6908.26712694156
      30
0
      10
10685.7425931488
      20
6908.17255125277
      30
0
      10
10685.7425931488
      20
6908.17255125277
      30
0
      10
10685.7140885288
      20
6907.98525880098
      30
0
      10
10685.6855839088
      20
6907.7979663492
      30
0
      10
10685.6570792888
      20
6907.61067389741
      30
0
      10
10685.6570792888
      20
6907.61067389741
      30
0
      10
10685.6164717908
      20
6907.42563031907
      30
0
      10
10685.5758642928
      20
6907.24058674073
      30
0
      10
10685.5352567947
      20
6907.05554316239
      30
0
      10
10685.5352567947
      20
6907.05554316239
      30
0
      10
10685.4555071968
      20
6906.78159147851
      30
0
      10
10685.3757575989
      20
6906.50763979463
      30
0
      10
10685.2960080009
      20
6906.23368811075
      30
0
      10
10685.2960080009
      20
6906.23368811075
      30
0
      10
10684.7909436236
      20
6904.98661697088
      30
0
      10
10684.2858792462
      20
6903.739545831
      30
0
      10
10683.7808148689
      20
6902.49247469113
      30
0
      10
10683.7808148689
      20
6902.49247469113
      30
0
      10
10683.7131135991
      20
6902.31504811962
      30
0
      10
10683.6454123293
      20
6902.13762154812
      30
0
      10
10683.5777110595
      20
6901.96019497661
      30
0
      10
10683.5777110595
      20
6901.96019497661
      30
0
      10
10682.6131005157
      20
6899.448245283
      30
0
      10
10681.6484899719
      20
6896.93629558939
      30
0
      10
10680.683879428
      20
6894.42434589579
      30
0
      10
10680.683879428
      20
6894.42434589579
      30
0
      10
10680.7947553082
      20
6894.50904847346
      30
0
      10
10680.9056311884
      20
6894.59375105113
      30
0
      10
10681.0165070687
      20
6894.6784536288
      30
0
      10
10681.0165070687
      20
6894.6784536288
      30
0
      10
10681.1209884292
      20
6894.76788213776
      30
0
      10
10681.2254697898
      20
6894.85731064671
      30
0
      10
10681.3299511503
      20
6894.94673915567
      30
0
      10
10681.3299511503
      20
6894.94673915567
      30
0
      10
10681.4284486489
      20
6895.04059568512
      30
0
      10
10681.5269461475
      20
6895.13445221457
      30
0
      10
10681.6254436461
      20
6895.22830874403
      30
0
      10
10681.6254436461
      20
6895.22830874403
      30
0
      10
10681.7183679402
      20
6895.32629538162
      30
0
      10
10681.8112922343
      20
6895.42428201922
      30
0
      10
10681.9042165284
      20
6895.52226865682
      30
0
      10
10681.9042165284
      20
6895.52226865682
      30
0
      10
10681.991978274
      20
6895.62408749302
      30
0
      10
10682.0797400195
      20
6895.72590632921
      30
0
      10
10682.1675017651
      20
6895.82772516541
      30
0
      10
10682.1675017651
      20
6895.82772516541
      30
0
      10
10682.2505116187
      20
6895.9330782892
      30
0
      10
10682.3335214722
      20
6896.03843141298
      30
0
      10
10682.4165313257
      20
6896.14378453677
      30
0
      10
10682.4165313257
      20
6896.14378453677
      30
0
      10
10682.4951999452
      20
6896.25237403476
      30
0
      10
10682.5738685647
      20
6896.36096353274
      30
0
      10
10682.6525371842
      20
6896.46955303073
      30
0
      10
10682.6525371842
      20
6896.46955303073
      30
0
      10
10682.7272752257
      20
6896.58108099318
      30
0
      10
10682.8020132672
      20
6896.69260895562
      30
0
      10
10682.8767513087
      20
6896.80413691807
      30
0
      10
10682.8767513087
      20
6896.80413691807
      30
0
      10
10682.9479694289
      20
6896.91830543333
      30
0
      10
10683.0191875492
      20
6897.03247394859
      30
0
      10
10683.0904056694
      20
6897.14664246386
      30
0
      10
10683.0904056694
      20
6897.14664246386
      30
0
      10
10683.1585145248
      20
6897.26315362177
      30
0
      10
10683.2266233802
      20
6897.37966477968
      30
0
      10
10683.2947322357
      20
6897.4961759376
      30
0
      10
10683.2947322357
      20
6897.4961759376
      30
0
      10
10683.4232647821
      20
6897.73503453446
      30
0
      10
10683.5517973285
      20
6897.97389313133
      30
0
      10
10683.680329875
      20
6898.21275172819
      30
0
      10
10683.680329875
      20
6898.21275172819
      30
0
      10
10684.2132311558
      20
6899.32492764177
      30
0
      10
10684.7461324365
      20
6900.43710355534
      30
0
      10
10685.2790337173
      20
6901.54927946892
      30
0
      10
10685.2790337173
      20
6901.54927946892
      30
0
      10
10685.4069208266
      20
6901.79052084413
      30
0
      10
10685.5348079359
      20
6902.03176221933
      30
0
      10
10685.6626950453
      20
6902.27300359454
      30
0
      10
10685.6626950453
      20
6902.27300359454
      30
0
      10
10685.7303931684
      20
6902.39103106633
      30
0
      10
10685.7980912915
      20
6902.50905853811
      30
0
      10
10685.8657894147
      20
6902.6270860099
      30
0
      10
10685.8657894147
      20
6902.6270860099
      30
0
      10
10685.936538126
      20
6902.74298745701
      30
0
      10
10686.0072868372
      20
6902.85888890412
      30
0
      10
10686.0780355485
      20
6902.97479035122
      30
0
      10
10686.0780355485
      20
6902.97479035122
      30
0
      10
10686.1522455045
      20
6903.08826785937
      30
0
      10
10686.2264554604
      20
6903.20174536751
      30
0
      10
10686.3006654163
      20
6903.31522287565
      30
0
      10
10686.3006654163
      20
6903.31522287565
      30
0
      10
10686.3787472741
      20
6903.42597853681
      30
0
      10
10686.4568291318
      20
6903.53673419796
      30
0
      10
10686.5349109896
      20
6903.64748985911
      30
0
      10
10686.5349109896
      20
6903.64748985911
      30
0
      10
10686.6172754078
      20
6903.75522576165
      30
0
      10
10686.6996398259
      20
6903.86296166419
      30
0
      10
10686.7820042441
      20
6903.97069756674
      30
0
      10
10686.7820042441
      20
6903.97069756674
      30
0
      10
10686.8690618764
      20
6904.07511579802
      30
0
      10
10686.9561195086
      20
6904.17953402931
      30
0
      10
10687.0431771409
      20
6904.28395226059
      30
0
      10
10687.0431771409
      20
6904.28395226059
      30
0
      10
10687.0831153387
      20
6904.32553167642
      30
0
      10
10687.1230535365
      20
6904.36711109224
      30
0
      10
10687.1629917343
      20
6904.40869050806
      30
0
      10
10687.1629917343
      20
6904.40869050806
      30
0
      10
10687.1994586998
      20
6904.4516658646
      30
0
      10
10687.2359256652
      20
6904.49464122115
      30
0
      10
10687.2723926307
      20
6904.53761657769
      30
0
      10
10687.2723926307
      20
6904.53761657769
      30
0
      10
10687.3357442106
      20
6904.62743211636
      30
0
      10
10687.3990957906
      20
6904.71724765503
      30
0
      10
10687.4624473706
      20
6904.80706319371
      30
0
      10
10687.4624473706
      20
6904.80706319371
      30
0
      10
10687.5144080766
      20
6904.90149350802
      30
0
      10
10687.5663687825
      20
6904.99592382233
      30
0
      10
10687.6183294885
      20
6905.09035413664
      30
0
      10
10687.6183294885
      20
6905.09035413664
      30
0
      10
10687.678549825
      20
6905.23923920548
      30
0
      10
10687.7387701615
      20
6905.38812427432
      30
0
      10
10687.798990498
      20
6905.53700934316
      30
0
      10
10687.798990498
      20
6905.53700934316
      30
0
      10
10687.955490759
      20
6906.28581687011
      30
0
      10
10688.1119910199
      20
6907.03462439706
      30
0
      10
10688.2684912809
      20
6907.78343192401
      30
0
      10
10688.2684912809
      20
6907.78343192401
      30
0
      10
10688.3279085643
      20
6907.9933675324
      30
0
      10
10688.3873258477
      20
6908.20330314079
      30
0
      10
10688.4467431311
      20
6908.41323874918
      30
0
      10
10688.4467431311
      20
6908.41323874918
      30
0
      10
10688.4872157906
      20
6908.51430836273
      30
0
      10
10688.5276884501
      20
6908.61537797629
      30
0
      10
10688.5681611095
      20
6908.71644758984
      30
0
      10
10688.5681611095
      20
6908.71644758984
      30
0
      10
10689.2226999308
      20
6910.10187328846
      30
0
      10
10689.877238752
      20
6911.48729898708
      30
0
      10
10690.5317775733
      20
6912.8727246857
      30
0
      10
10690.5317775733
      20
6912.8727246857
      30
0
      10
10690.5671561655
      20
6912.78824271379
      30
0
      10
10690.6025347577
      20
6912.70376074187
      30
0
      10
10690.6379133499
      20
6912.61927876996
      30
0
      10
10690.6379133499
      20
6912.61927876996
      30
0
      10
10690.6683061194
      20
6912.5343518404
      30
0
      10
10690.6986988889
      20
6912.44942491085
      30
0
      10
10690.7290916584
      20
6912.3644979813
      30
0
      10
10690.7290916584
      20
6912.3644979813
      30
0
      10
10690.7547572289
      20
6912.27915204008
      30
0
      10
10690.7804227994
      20
6912.19380609886
      30
0
      10
10690.8060883699
      20
6912.10846015764
      30
0
      10
10690.8060883699
      20
6912.10846015764
      30
0
      10
10690.8272853683
      20
6912.0227211469
      30
0
      10
10690.8484823668
      20
6911.93698213616
      30
0
      10
10690.8696793653
      20
6911.85124312541
      30
0
      10
10690.8696793653
      20
6911.85124312541
      30
0
      10
10690.8866664189
      20
6911.76513698655
      30
0
      10
10690.9036534724
      20
6911.67903084769
      30
0
      10
10690.920640526
      20
6911.59292470882
      30
0
      10
10690.920640526
      20
6911.59292470882
      30
0
      10
10690.9336762591
      20
6911.50647738884
      30
0
      10
10690.9467119922
      20
6911.42003006886
      30
0
      10
10690.9597477253
      20
6911.33358274888
      30
0
      10
10690.9597477253
      20
6911.33358274888
      30
0
      10
10690.9690907653
      20
6911.2468201864
      30
0
      10
10690.9784338052
      20
6911.16005762392
      30
0
      10
10690.9877768451
      20
6911.07329506144
      30
0
      10
10690.9877768451
      20
6911.07329506144
      30
0
      10
10690.9964193489
      20
6910.89892798437
      30
0
      10
10691.0050618528
      20
6910.72456090729
      30
0
      10
10691.0137043566
      20
6910.55019383021
      30
0
      10
10691.0137043566
      20
6910.55019383021
      30
0
      10
10691.0106795993
      20
6910.37487710224
      30
0
      10
10691.0076548421
      20
6910.19956037427
      30
0
      10
10691.0046300848
      20
6910.0242436463
      30
0
      10
10691.0046300848
      20
6910.0242436463
      30
0
      10
10690.9718548223
      20
6909.67159140798
      30
0
      10
10690.9390795598
      20
6909.31893916967
      30
0
      10
10690.9063042973
      20
6908.96628693135
      30
0
      10
10690.9063042973
      20
6908.96628693135
      30
0
      10
10690.7346802613
      20
6907.81973316391
      30
0
      10
10690.5630562254
      20
6906.67317939646
      30
0
      10
10690.3914321894
      20
6905.52662562901
      30
0
      10
10690.3914321894
      20
6905.52662562901
      30
0
      10
10690.3849683736
      20
6905.43949128895
      30
0
      10
10690.3785045578
      20
6905.35235694889
      30
0
      10
10690.372040742
      20
6905.26522260883
      30
0
      10
10690.372040742
      20
6905.26522260883
      30
0
      10
10691.6300079334
      20
6908.9451659346
      30
0
      10
10692.8879751248
      20
6912.62510926036
      30
0
      10
10694.1459423163
      20
6916.30505258613
      30
0
      10
10694.1459423163
      20
6916.30505258613
      30
0
      10
10694.5256815558
      20
6916.78164224919
      30
0
      10
10694.9054207953
      20
6917.25823191225
      30
0
      10
10695.2851600349
      20
6917.7348215753
      30
0
      10
10695.2851600349
      20
6917.7348215753
      30
0
      10
10695.3792139033
      20
6917.09740696348
      30
0
      10
10695.4732677717
      20
6916.45999235166
      30
0
      10
10695.5673216401
      20
6915.82257773984
      30
0
      10
10695.5673216401
      20
6915.82257773984
      30
0
      10
10695.7030360007
      20
6913.80180639482
      30
0
      10
10695.8387503612
      20
6911.7810350498
      30
0
      10
10695.9744647218
      20
6909.76026370479
      30
0
      10
10695.9744647218
      20
6909.76026370479
      30
0
      10
10696.1178275403
      20
6909.95258772686
      30
0
      10
10696.2611903587
      20
6910.14491174893
      30
0
      10
10696.4045531772
      20
6910.33723577101
      30
0
      10
10696.4045531772
      20
6910.33723577101
      30
0
      10
10696.5329512195
      20
6910.53966228514
      30
0
      10
10696.6613492618
      20
6910.74208879928
      30
0
      10
10696.7897473041
      20
6910.94451531342
      30
0
      10
10696.7897473041
      20
6910.94451531342
      30
0
      10
10696.9025118102
      20
6911.15585054035
      30
0
      10
10697.0152763163
      20
6911.36718576728
      30
0
      10
10697.1280408224
      20
6911.57852099421
      30
0
      10
10697.1280408224
      20
6911.57852099421
      30
0
      10
10697.22450303
      20
6911.79757115592
      30
0
      10
10697.3209652377
      20
6912.01662131764
      30
0
      10
10697.4174274453
      20
6912.23567147936
      30
0
      10
10697.4174274453
      20
6912.23567147936
      30
0
      10
10697.4969185955
      20
6912.46124279805
      30
0
      10
10697.5764097457
      20
6912.68681411674
      30
0
      10
10697.6559008958
      20
6912.91238543543
      30
0
      10
10697.6559008958
      20
6912.91238543543
      30
0
      10
10697.7177522272
      20
6913.14328413162
      30
0
      10
10697.7796035585
      20
6913.37418282782
      30
0
      10
10697.8414548899
      20
6913.60508152401
      30
0
      10
10697.8414548899
      20
6913.60508152401
      30
0
      10
10697.88499764
      20
6913.8401138195
      30
0
      10
10697.9285403901
      20
6914.07514611498
      30
0
      10
10697.9720831402
      20
6914.31017841047
      30
0
      10
10697.9720831402
      20
6914.31017841047
      30
0
      10
10697.9966485521
      20
6914.54815052639
      30
0
      10
10698.0212139639
      20
6914.78612264231
      30
0
      10
10698.0457793758
      20
6915.02409475823
      30
0
      10
10698.0457793758
      20
6915.02409475823
      30
0
      10
10698.050698684
      20
6915.26381291905
      30
0
      10
10698.0556179923
      20
6915.50353107987
      30
0
      10
10698.0605373005
      20
6915.7432492407
      30
0
      10
10698.0605373005
      20
6915.7432492407
      30
0
      10
10698.0525720863
      20
6915.90344184926
      30
0
      10
10698.0446068721
      20
6916.06363445782
      30
0
      10
10698.0366416579
      20
6916.22382706637
      30
0
      10
10698.0366416579
      20
6916.22382706637
      30
0
      10
10698.1155580318
      20
6918.26062394224
      30
0
      10
10698.1944744057
      20
6920.29742081811
      30
0
      10
10698.2733907796
      20
6922.33421769399
      30
0
      10
10698.2733907796
      20
6922.33421769399
      30
0
      10
10698.7815791123
      20
6922.20289306795
      30
0
      10
10699.2897674449
      20
6922.07156844191
      30
0
      10
10699.7979557775
      20
6921.94024381587
      30
0
      10
10699.7979557775
      20
6921.94024381587
      30
0
      10
10699.896704592
      20
6921.87682287348
      30
0
      10
10699.9954534064
      20
6921.81340193108
      30
0
      10
10700.0942022208
      20
6921.74998098868
      30
0
      10
10700.0942022208
      20
6921.74998098868
      30
0
      10
10700.1540452368
      20
6921.68557372868
      30
0
      10
10700.2138882528
      20
6921.62116646868
      30
0
      10
10700.2737312687
      20
6921.55675920868
      30
0
      10
10700.2737312687
      20
6921.55675920868
      30
0
      10
10700.3052464985
      20
6921.50424565971
      30
0
      10
10700.3367617282
      20
6921.45173211075
      30
0
      10
10700.3682769579
      20
6921.39921856178
      30
0
      10
10700.3682769579
      20
6921.39921856178
      30
0
      10
10700.3920867229
      20
6921.33807679155
      30
0
      10
10700.4158964879
      20
6921.27693502133
      30
0
      10
10700.439706253
      20
6921.2157932511
      30
0
      10
10700.439706253
      20
6921.2157932511
      30
0
      10
10700.4484533596
      20
6921.1817275167
      30
0
      10
10700.4572004663
      20
6921.14766178229
      30
0
      10
10700.465947573
      20
6921.11359604789
      30
0
      10
10700.465947573
      20
6921.11359604789
      30
0
      10
10700.4936056404
      20
6921.02079270265
      30
0
      10
10700.5212637079
      20
6920.92798935741
      30
0
      10
10700.5489217754
      20
6920.83518601217
      30
0
      10
10700.5489217754
      20
6920.83518601217
      30
0
      10
10700.571354561
      20
6920.74169218056
      30
0
      10
10700.5937873466
      20
6920.64819834895
      30
0
      10
10700.6162201322
      20
6920.55470451733
      30
0
      10
10700.6162201322
      20
6920.55470451733
      30
0
      10
10700.6338596216
      20
6920.46058037655
      30
0
      10
10700.6514991111
      20
6920.36645623575
      30
0
      10
10700.6691386005
      20
6920.27233209497
      30
0
      10
10700.6691386005
      20
6920.27233209497
      30
0
      10
10700.6824167841
      20
6920.17763782511
      30
0
      10
10700.6956949677
      20
6920.08294355526
      30
0
      10
10700.7089731513
      20
6919.9882492854
      30
0
      10
10700.7089731513
      20
6919.9882492854
      30
0
      10
10700.718322016
      20
6919.89304506163
      30
0
      10
10700.7276708806
      20
6919.79784083785
      30
0
      10
10700.7370197452
      20
6919.70263661408
      30
0
      10
10700.7370197452
      20
6919.70263661408
      30
0
      10
10700.7456574697
      20
6919.51093901378
      30
0
      10
10700.7542951943
      20
6919.31924141349
      30
0
      10
10700.7629329189
      20
6919.1275438132
      30
0
      10
10700.7629329189
      20
6919.1275438132
      30
0
      10
10700.7267086613
      20
6918.352390724
      30
0
      10
10700.6904844036
      20
6917.57723763481
      30
0
      10
10700.654260146
      20
6916.80208454561
      30
0
      10
10700.654260146
      20
6916.80208454561
      30
0
      10
10700.6420655709
      20
6916.41623024549
      30
0
      10
10700.6298709957
      20
6916.03037594538
      30
0
      10
10700.6176764206
      20
6915.64452164526
      30
0
      10
10700.6176764206
      20
6915.64452164526
      30
0
      10
10700.6251541869
      20
6915.45371001852
      30
0
      10
10700.6326319533
      20
6915.26289839178
      30
0
      10
10700.6401097196
      20
6915.07208676504
      30
0
      10
10700.6401097196
      20
6915.07208676504
      30
0
      10
10700.6487543219
      20
6914.97742045418
      30
0
      10
10700.6573989243
      20
6914.88275414331
      30
0
      10
10700.6660435266
      20
6914.78808783245
      30
0
      10
10700.6660435266
      20
6914.78808783245
      30
0
      10
10700.6785345941
      20
6914.69399475869
      30
0
      10
10700.6910256617
      20
6914.59990168492
      30
0
      10
10700.7035167292
      20
6914.50580861115
      30
0
      10
10700.7035167292
      20
6914.50580861115
      30
0
      10
10700.720286249
      20
6914.41234895241
      30
0
      10
10700.7370557687
      20
6914.31888929367
      30
0
      10
10700.7538252885
      20
6914.22542963492
      30
0
      10
10700.7538252885
      20
6914.22542963492
      30
0
      10
10700.7753052503
      20
6914.13266356718
      30
0
      10
10700.7967852121
      20
6914.03989749944
      30
0
      10
10700.8182651739
      20
6913.9471314317
      30
0
      10
10700.8182651739
      20
6913.9471314317
      30
0
      10
10700.8448875616
      20
6913.85511913567
      30
0
      10
10700.8715099494
      20
6913.76310683965
      30
0
      10
10700.8981323372
      20
6913.67109454363
      30
0
      10
10700.8981323372
      20
6913.67109454363
      30
0
      10
10700.9303291422
      20
6913.57989619157
      30
0
      10
10700.9625259472
      20
6913.48869783951
      30
0
      10
10700.9947227522
      20
6913.39749948745
      30
0
      10
10700.9947227522
      20
6913.39749948745
      30
0
      10
10701.0329259604
      20
6913.30717526081
      30
0
      10
10701.0711291685
      20
6913.21685103417
      30
0
      10
10701.1093323766
      20
6913.12652680753
      30
0
      10
10701.1093323766
      20
6913.12652680753
      30
0
      10
10701.1539739776
      20
6913.03713688175
      30
0
      10
10701.1986155785
      20
6912.94774695598
      30
0
      10
10701.2432571794
      20
6912.85835703021
      30
0
      10
10701.2432571794
      20
6912.85835703021
      30
0
      10
10701.4034975131
      20
6914.18778066749
      30
0
      10
10701.5637378468
      20
6915.51720430477
      30
0
      10
10701.7239781805
      20
6916.84662794205
      30
0
      10
10701.7239781805
      20
6916.84662794205
      30
0
      10
10701.7738431548
      20
6917.12786612045
      30
0
      10
10701.8237081292
      20
6917.40910429884
      30
0
      10
10701.8735731035
      20
6917.69034247723
      30
0
      10
10701.8735731035
      20
6917.69034247723
      30
0
      10
10701.9170495184
      20
6917.87455205002
      30
0
      10
10701.9605259334
      20
6918.05876162281
      30
0
      10
10702.0040023483
      20
6918.2429711956
      30
0
      10
10702.0040023483
      20
6918.2429711956
      30
0
      10
10702.057783937
      20
6918.42379750795
      30
0
      10
10702.1115655257
      20
6918.60462382031
      30
0
      10
10702.1653471143
      20
6918.78545013267
      30
0
      10
10702.1653471143
      20
6918.78545013267
      30
0
      10
10702.1966698564
      20
6918.87439173717
      30
0
      10
10702.2279925984
      20
6918.96333334167
      30
0
      10
10702.2593153404
      20
6919.05227494617
      30
0
      10
10702.2593153404
      20
6919.05227494617
      30
0
      10
10702.2938953871
      20
6919.14012734147
      30
0
      10
10702.3284754337
      20
6919.22797973676
      30
0
      10
10702.3630554804
      20
6919.31583213206
      30
0
      10
10702.3630554804
      20
6919.31583213206
      30
0
      10
10702.4011198345
      20
6919.40251418823
      30
0
      10
10702.4391841885
      20
6919.48919624439
      30
0
      10
10702.4772485426
      20
6919.57587830056
      30
0
      10
10702.4772485426
      20
6919.57587830056
      30
0
      10
10702.5190242059
      20
6919.66130888498
      30
0
      10
10702.5607998692
      20
6919.74673946941
      30
0
      10
10702.6025755326
      20
6919.83217005383
      30
0
      10
10702.6025755326
      20
6919.83217005383
      30
0
      10
10702.6482895097
      20
6919.91626803647
      30
0
      10
10702.6940034868
      20
6920.00036601912
      30
0
      10
10702.7397174639
      20
6920.08446400177
      30
0
      10
10702.7397174639
      20
6920.08446400177
      30
0
      10
10702.789596759
      20
6920.16714825065
      30
0
      10
10702.8394760541
      20
6920.24983249953
      30
0
      10
10702.8893553492
      20
6920.33251674841
      30
0
      10
10702.8893553492
      20
6920.33251674841
      30
0
      10
10702.9436269634
      20
6920.41370613371
      30
0
      10
10702.9978985776
      20
6920.494895519
      30
0
      10
10703.0521701918
      20
6920.5760849043
      30
0
      10
10703.0521701918
      20
6920.5760849043
      30
0
      10
10703.1110611287
      20
6920.65569829256
      30
0
      10
10703.1699520655
      20
6920.73531168082
      30
0
      10
10703.2288430023
      20
6920.81492506908
      30
0
      10
10703.2288430023
      20
6920.81492506908
      30
0
      10
10703.4560088056
      20
6920.34189573075
      30
0
      10
10703.6831746089
      20
6919.86886639243
      30
0
      10
10703.9103404122
      20
6919.3958370541
      30
0
      10
10703.9103404122
      20
6919.3958370541
      30
0
      10
10704.5986796781
      20
6917.82349346375
      30
0
      10
10705.2870189441
      20
6916.25114987339
      30
0
      10
10705.9753582101
      20
6914.67880628304
      30
0
      10
10705.9753582101
      20
6914.67880628304
      30
0
      10
10706.1571603426
      20
6914.32935551761
      30
0
      10
10706.3389624751
      20
6913.97990475218
      30
0
      10
10706.5207646077
      20
6913.63045398675
      30
0
      10
10706.5207646077
      20
6913.63045398675
      30
0
      10
10706.6530863754
      20
6913.40421535771
      30
0
      10
10706.785408143
      20
6913.17797672866
      30
0
      10
10706.9177299107
      20
6912.95173809962
      30
0
      10
10706.9177299107
      20
6912.95173809962
      30
0
      10
10706.9878607131
      20
6912.84103108246
      30
0
      10
10707.0579915156
      20
6912.7303240653
      30
0
      10
10707.128122318
      20
6912.61961704814
      30
0
      10
10707.128122318
      20
6912.61961704814
      30
0
      10
10707.2011814279
      20
6912.51069322339
      30
0
      10
10707.2742405377
      20
6912.40176939864
      30
0
      10
10707.3472996476
      20
6912.29284557389
      30
0
      10
10707.3472996476
      20
6912.29284557389
      30
0
      10
10707.4234983332
      20
6912.18583618747
      30
0
      10
10707.4996970189
      20
6912.07882680105
      30
0
      10
10707.5758957045
      20
6911.97181741463
      30
0
      10
10707.5758957045
      20
6911.97181741463
      30
0
      10
10707.655445241
      20
6911.86685370884
      30
0
      10
10707.7349947776
      20
6911.76189000305
      30
0
      10
10707.8145443141
      20
6911.65692629726
      30
0
      10
10707.8145443141
      20
6911.65692629726
      30
0
      10
10707.897655969
      20
6911.55413951976
      30
0
      10
10707.980767624
      20
6911.45135274226
      30
0
      10
10708.0638792789
      20
6911.34856596476
      30
0
      10
10708.0638792789
      20
6911.34856596476
      30
0
      10
10708.1507643249
      20
6911.24808735879
      30
0
      10
10708.2376493709
      20
6911.14760875281
      30
0
      10
10708.324534417
      20
6911.04713014684
      30
0
      10
10708.324534417
      20
6911.04713014684
      30
0
      10
10708.4154041245
      20
6910.94909095695
      30
0
      10
10708.5062738321
      20
6910.85105176707
      30
0
      10
10708.5971435397
      20
6910.75301257719
      30
0
      10
10708.5971435397
      20
6910.75301257719
      30
0
      10
10712.8458961903
      20
6907.88897989966
      30
0
      10
10717.094648841
      20
6905.02494722213
      30
0
      10
10721.3434014917
      20
6902.1609145446
      30
0
      10
10721.3434014917
      20
6902.1609145446
      30
0
      10
10721.4380986778
      20
6902.09916405809
      30
0
      10
10721.5327958639
      20
6902.03741357157
      30
0
      10
10721.6274930501
      20
6901.97566308506
      30
0
      10
10721.6274930501
      20
6901.97566308506
      30
0
      10
10721.7239260185
      20
6901.91717632532
      30
0
      10
10721.8203589869
      20
6901.85868956558
      30
0
      10
10721.9167919553
      20
6901.80020280584
      30
0
      10
10721.9167919553
      20
6901.80020280584
      30
0
      10
10722.1142675967
      20
6901.69191716852
      30
0
      10
10722.3117432381
      20
6901.58363153121
      30
0
      10
10722.5092188795
      20
6901.4753458939
      30
0
      10
10722.5092188795
      20
6901.4753458939
      30
0
      10
10722.8147154159
      20
6901.33049975397
      30
0
      10
10723.1202119522
      20
6901.18565361403
      30
0
      10
10723.4257084885
      20
6901.0408074741
      30
0
      10
10723.4257084885
      20
6901.0408074741
      30
0
      10
10724.6828914755
      20
6900.53173975901
      30
0
      10
10725.9400744625
      20
6900.02267204393
      30
0
      10
10727.1972574494
      20
6899.51360432884
      30
0
      10
10727.1972574494
      20
6899.51360432884
      30
0
      10
10727.4004096664
      20
6899.41781573307
      30
0
      10
10727.6035618833
      20
6899.32202713729
      30
0
      10
10727.8067141003
      20
6899.22623854152
      30
0
      10
10727.8067141003
      20
6899.22623854152
      30
0
      10
10728.004856501
      20
6899.12143881946
      30
0
      10
10728.2029989017
      20
6899.01663909741
      30
0
      10
10728.4011413023
      20
6898.91183937536
      30
0
      10
10728.4011413023
      20
6898.91183937536
      30
0
      10
10728.4979602876
      20
6898.85537077789
      30
0
      10
10728.5947792729
      20
6898.79890218042
      30
0
      10
10728.6915982582
      20
6898.74243358296
      30
0
      10
10728.6915982582
      20
6898.74243358296
      30
0
      10
10728.7867165564
      20
6898.68288472845
      30
0
      10
10728.8818348546
      20
6898.62333587394
      30
0
      10
10728.9769531527
      20
6898.56378701943
      30
0
      10
10728.9769531527
      20
6898.56378701943
      30
0
      10
10729.0702213454
      20
6898.50088208051
      30
0
      10
10729.1634895381
      20
6898.43797714158
      30
0
      10
10729.2567577308
      20
6898.37507220265
      30
0
      10
10729.2567577308
      20
6898.37507220265
      30
0
      10
10729.348026411
      20
6898.30853535337
      30
0
      10
10729.4392950912
      20
6898.24199850409
      30
0
      10
10729.5305637714
      20
6898.17546165481
      30
0
      10
10729.5305637714
      20
6898.17546165481
      30
0
      10
10729.6196835249
      20
6898.10501707369
      30
0
      10
10729.7088032785
      20
6898.03457249258
      30
0
      10
10729.797923032
      20
6897.96412791146
      30
0
      10
10729.797923032
      20
6897.96412791146
      30
0
      10
10729.8847444475
      20
6897.8894997702
      30
0
      10
10729.971565863
      20
6897.81487162894
      30
0
      10
10730.0583872784
      20
6897.74024348769
      30
0
      10
10730.0583872784
      20
6897.74024348769
      30
0
      10
10730.429721972
      20
6897.40265158133
      30
0
      10
10730.8010566655
      20
6897.06505967498
      30
0
      10
10731.172391359
      20
6896.72746776862
      30
0
      10
10731.172391359
      20
6896.72746776862
      30
0
      10
10732.7859725061
      20
6894.97301448921
      30
0
      10
10734.3995536531
      20
6893.2185612098
      30
0
      10
10736.0131348001
      20
6891.46410793039
      30
0
      10
10736.0131348001
      20
6891.46410793039
      30
0
      10
10736.5405789433
      20
6890.92736860223
      30
0
      10
10737.0680230866
      20
6890.39062927405
      30
0
      10
10737.5954672298
      20
6889.85388994589
      30
0
      10
10737.5954672298
      20
6889.85388994589
      30
0
      10
10737.8046155077
      20
6889.68109383182
      30
0
      10
10738.0137637856
      20
6889.50829771775
      30
0
      10
10738.2229120634
      20
6889.33550160368
      30
0
      10
10738.2229120634
      20
6889.33550160368
      30
0
      10
10738.4392179649
      20
6889.17231574432
      30
0
      10
10738.6555238665
      20
6889.00912988496
      30
0
      10
10738.871829768
      20
6888.8459440256
      30
0
      10
10738.871829768
      20
6888.8459440256
      30
0
      10
10739.0948387929
      20
6888.69238600473
      30
0
      10
10739.3178478179
      20
6888.53882798387
      30
0
      10
10739.5408568428
      20
6888.38526996301
      30
0
      10
10739.5408568428
      20
6888.38526996301
      30
0
      10
10739.7701144899
      20
6888.24135736249
      30
0
      10
10739.999372137
      20
6888.09744476197
      30
0
      10
10740.2286297841
      20
6887.95353216146
      30
0
      10
10740.2286297841
      20
6887.95353216146
      30
0
      10
10740.4636815558
      20
6887.81928256093
      30
0
      10
10740.6987333274
      20
6887.6850329604
      30
0
      10
10740.933785099
      20
6887.55078335986
      30
0
      10
10740.933785099
      20
6887.55078335986
      30
0
      10
10741.1741764962
      20
6887.4262143427
      30
0
      10
10741.4145678934
      20
6887.30164532554
      30
0
      10
10741.6549592905
      20
6887.17707630838
      30
0
      10
10741.6549592905
      20
6887.17707630838
      30
0
      10
10741.9002358144
      20
6887.06220545467
      30
0
      10
10742.1455123382
      20
6886.94733460096
      30
0
      10
10742.390788862
      20
6886.83246374724
      30
0
      10
10742.390788862
      20
6886.83246374724
      30
0
      10
10742.6404960097
      20
6886.72730864141
      30
0
      10
10742.8902031573
      20
6886.62215353557
      30
0
      10
10743.139910305
      20
6886.51699842974
      30
0
      10
10743.139910305
      20
6886.51699842974
      30
0
      10
10743.3935935808
      20
6886.42157665069
      30
0
      10
10743.6472768567
      20
6886.32615487164
      30
0
      10
10743.9009601325
      20
6886.23073309259
      30
0
      10
10743.9009601325
      20
6886.23073309259
      30
0
      10
10744.1581650379
      20
6886.14506222156
      30
0
      10
10744.4153699432
      20
6886.05939135052
      30
0
      10
10744.6725748485
      20
6885.97372047949
      30
0
      10
10744.6725748485
      20
6885.97372047949
      30
0
      10
10744.9328468787
      20
6885.89781810026
      30
0
      10
10745.193118909
      20
6885.82191572103
      30
0
      10
10745.4533909392
      20
6885.7460133418
      30
0
      10
10745.4533909392
      20
6885.7460133418
      30
0
      10
10745.7162756004
      20
6885.67989703549
      30
0
      10
10745.9791602615
      20
6885.61378072918
      30
0
      10
10746.2420449226
      20
6885.54766442287
      30
0
      10
10746.2420449226
      20
6885.54766442287
      30
0
      10
10746.5070877142
      20
6885.49135177047
      30
0
      10
10746.7721305057
      20
6885.43503911806
      30
0
      10
10747.0371732972
      20
6885.37872646566
      30
0
      10
10747.0371732972
      20
6885.37872646566
      30
0
      10
10747.303919717
      20
6885.33223504952
      30
0
      10
10747.5706661367
      20
6885.28574363339
      30
0
      10
10747.8374125565
      20
6885.23925221726
      30
0
      10
10747.8374125565
      20
6885.23925221726
      30
0
      10
10747.9712825964
      20
6885.21969496726
      30
0
      10
10748.1051526363
      20
6885.20013771726
      30
0
      10
10748.2390226762
      20
6885.18058046726
      30
0
      10
10748.2390226762
      20
6885.18058046726
      30
0
      10
10748.3963672579
      20
6885.16395084568
      30
0
      10
10748.5537118395
      20
6885.1473212241
      30
0
      10
10748.7110564212
      20
6885.13069160252
      30
0
      10
10748.7110564212
      20
6885.13069160252
      30
0
      10
10748.8679162961
      20
6885.12627553157
      30
0
      10
10749.0247761711
      20
6885.12185946062
      30
0
      10
10749.1816360461
      20
6885.11744338967
      30
0
      10
10749.1816360461
      20
6885.11744338967
      30
0
      10
10749.416171345
      20
6885.12929618192
      30
0
      10
10749.650706644
      20
6885.14114897417
      30
0
      10
10749.8852419429
      20
6885.15300176642
      30
0
      10
10749.8852419429
      20
6885.15300176642
      30
0
      10
10750.8966013574
      20
6885.30284705353
      30
0
      10
10751.9079607719
      20
6885.45269234063
      30
0
      10
10752.9193201864
      20
6885.60253762774
      30
0
      10
10752.9193201864
      20
6885.60253762774
      30
0
      10
10753.1529064698
      20
6885.62142283556
      30
0
      10
10753.3864927533
      20
6885.64030804337
      30
0
      10
10753.6200790368
      20
6885.65919325119
      30
0
      10
10753.6200790368
      20
6885.65919325119
      30
0
      10
10753.7761085227
      20
6885.66093054388
      30
0
      10
10753.9321380087
      20
6885.66266783657
      30
0
      10
10754.0881674947
      20
6885.66440512926
      30
0
      10
10754.0881674947
      20
6885.66440512926
      30
0
      10
10754.2445235178
      20
6885.6551009392
      30
0
      10
10754.4008795409
      20
6885.64579674913
      30
0
      10
10754.5572355641
      20
6885.63649255907
      30
0
      10
10754.5572355641
      20
6885.63649255907
      30
0
      10
10754.6355580711
      20
6885.6270679761
      30
0
      10
10754.7138805781
      20
6885.61764339312
      30
0
      10
10754.7922030851
      20
6885.60821881014
      30
0
      10
10754.7922030851
      20
6885.60821881014
      30
0
      10
10754.870633681
      20
6885.59527554056
      30
0
      10
10754.9490642769
      20
6885.58233227097
      30
0
      10
10755.0274948728
      20
6885.56938900139
      30
0
      10
10755.0274948728
      20
6885.56938900139
      30
0
      10
10755.2748258408
      20
6885.54735513708
      30
0
      10
10755.5221568087
      20
6885.52532127277
      30
0
      10
10755.7694877767
      20
6885.50328740847
      30
0
      10
10755.7694877767
      20
6885.50328740847
      30
0
      10
10756.0176645416
      20
6885.52047525862
      30
0
      10
10756.2658413065
      20
6885.53766310876
      30
0
      10
10756.5140180714
      20
6885.55485095891
      30
0
      10
10756.5140180714
      20
6885.55485095891
      30
0
      10
10756.8045916694
      20
6885.62488504534
      30
0
      10
10757.0951652673
      20
6885.69491913177
      30
0
      10
10757.3857388653
      20
6885.76495321819
      30
0
      10
10757.3857388653
      20
6885.76495321819
      30
0
      10
10757.6148889596
      20
6885.86251885086
      30
0
      10
10757.8440390539
      20
6885.96008448353
      30
0
      10
10758.0731891482
      20
6886.0576501162
      30
0
      10
10758.0731891482
      20
6886.0576501162
      30
0
      10
10758.2841964755
      20
6886.1890647436
      30
0
      10
10758.4952038027
      20
6886.32047937099
      30
0
      10
10758.70621113
      20
6886.45189399839
      30
0
      10
10758.70621113
      20
6886.45189399839
      30
0
      10
10758.8216384842
      20
6886.54629184011
      30
0
      10
10758.9370658385
      20
6886.64068968182
      30
0
      10
10759.0524931927
      20
6886.73508752354
      30
0
      10
10759.0524931927
      20
6886.73508752354
      30
0
      10
10759.1148825525
      20
6886.80205725072
      30
0
      10
10759.1772719123
      20
6886.8690269779
      30
0
      10
10759.239661272
      20
6886.93599670508
      30
0
      10
10759.239661272
      20
6886.93599670508
      30
0
      10
10759.3105266406
      20
6887.06299912066
      30
0
      10
10759.3813920093
      20
6887.19000153624
      30
0
      10
10759.4522573779
      20
6887.31700395182
      30
0
      10
10759.4522573779
      20
6887.31700395182
      30
0
      10
10759.5828900686
      20
6887.92738958297
      30
0
      10
10759.7135227593
      20
6888.53777521413
      30
0
      10
10759.8441554501
      20
6889.14816084528
      30
0
      10
10759.8441554501
      20
6889.14816084528
      30
0
      10
10760.2072053338
      20
6890.99454254787
      30
0
      10
10760.5702552176
      20
6892.84092425046
      30
0
      10
10760.9333051014
      20
6894.68730595304
      30
0
      10
10760.9333051014
      20
6894.68730595304
      30
0
      10
10760.8071136621
      20
6894.58754211276
      30
0
      10
10760.6809222227
      20
6894.48777827247
      30
0
      10
10760.5547307834
      20
6894.38801443218
      30
0
      10
10760.5547307834
      20
6894.38801443218
      30
0
      10
10760.4367604739
      20
6894.2813294299
      30
0
      10
10760.3187901643
      20
6894.17464442761
      30
0
      10
10760.2008198547
      20
6894.06795942532
      30
0
      10
10760.2008198547
      20
6894.06795942532
      30
0
      10
10760.0370517571
      20
6893.8968287388
      30
0
      10
10759.8732836594
      20
6893.72569805228
      30
0
      10
10759.7095155618
      20
6893.55456736576
      30
0
      10
10759.7095155618
      20
6893.55456736576
      30
0
      10
10759.0585837078
      20
6892.660493681
      30
0
      10
10758.4076518538
      20
6891.76641999623
      30
0
      10
10757.7567199998
      20
6890.87234631147
      30
0
      10
10757.7567199998
      20
6890.87234631147
      30
0
      10
10757.3752256525
      20
6890.36938125582
      30
0
      10
10756.9937313052
      20
6889.86641620018
      30
0
      10
10756.6122369579
      20
6889.36345114453
      30
0
      10
10756.6122369579
      20
6889.36345114453
      30
0
      10
10757.3853155263
      20
6891.16375507809
      30
0
      10
10758.1583940947
      20
6892.96405901165
      30
0
      10
10758.9314726631
      20
6894.76436294521
      30
0
      10
10758.9314726631
      20
6894.76436294521
      30
0
      10
10759.0415018829
      20
6895.14028298959
      30
0
      10
10759.1515311028
      20
6895.51620303397
      30
0
      10
10759.2615603226
      20
6895.89212307835
      30
0
      10
10759.2615603226
      20
6895.89212307835
      30
0
      10
10759.3239719848
      20
6896.18067064652
      30
0
      10
10759.3863836469
      20
6896.4692182147
      30
0
      10
10759.4487953091
      20
6896.75776578288
      30
0
      10
10759.4487953091
      20
6896.75776578288
      30
0
      10
10759.479182811
      20
6896.95377541909
      30
0
      10
10759.5095703129
      20
6897.1497850553
      30
0
      10
10759.5399578148
      20
6897.34579469151
      30
0
      10
10759.5399578148
      20
6897.34579469151
      30
0
      10
10758.948427843
      20
6896.62260605927
      30
0
      10
10758.3568978712
      20
6895.89941742703
      30
0
      10
10757.7653678993
      20
6895.17622879479
      30
0
      10
10757.7653678993
      20
6895.17622879479
      30
0
      10
10757.3585435481
      20
6894.54925525344
      30
0
      10
10756.9517191968
      20
6893.9222817121
      30
0
      10
10756.5448948456
      20
6893.29530817075
      30
0
      10
10756.5448948456
      20
6893.29530817075
      30
0
      10
10756.2460751179
      20
6892.71377196843
      30
0
      10
10755.9472553902
      20
6892.13223576611
      30
0
      10
10755.6484356625
      20
6891.5506995638
      30
0
      10
10755.6484356625
      20
6891.5506995638
      30
0
      10
10755.5044127159
      20
6891.20534810255
      30
0
      10
10755.3603897693
      20
6890.85999664131
      30
0
      10
10755.2163668227
      20
6890.51464518006
      30
0
      10
10755.2163668227
      20
6890.51464518006
      30
0
      10
10754.6045355738
      20
6890.87905224211
      30
0
      10
10753.9927043249
      20
6891.24345930416
      30
0
      10
10753.3808730761
      20
6891.60786636622
      30
0
      10
10753.3808730761
      20
6891.60786636622
      30
0
      10
10753.5375526566
      20
6891.7705742503
      30
0
      10
10753.6942322371
      20
6891.93328213439
      30
0
      10
10753.8509118176
      20
6892.09599001847
      30
0
      10
10753.8509118176
      20
6892.09599001847
      30
0
      10
10753.9999597417
      20
6892.26504974216
      30
0
      10
10754.1490076657
      20
6892.43410946585
      30
0
      10
10754.2980555898
      20
6892.60316918954
      30
0
      10
10754.2980555898
      20
6892.60316918954
      30
0
      10
10754.5076025576
      20
6892.86780612675
      30
0
      10
10754.7171495254
      20
6893.13244306395
      30
0
      10
10754.9266964931
      20
6893.39708000115
      30
0
      10
10754.9266964931
      20
6893.39708000115
      30
0
      10
10755.1198036397
      20
6893.67379111551
      30
0
      10
10755.3129107863
      20
6893.95050222987
      30
0
      10
10755.5060179328
      20
6894.22721334423
      30
0
      10
10755.5060179328
      20
6894.22721334423
      30
0
      10
10755.6831240984
      20
6894.51466816167
      30
0
      10
10755.8602302641
      20
6894.8021229791
      30
0
      10
10756.0373364297
      20
6895.08957779654
      30
0
      10
10756.0373364297
      20
6895.08957779654
      30
0
      10
10756.249346058
      20
6895.48726371814
      30
0
      10
10756.4613556863
      20
6895.88494963973
      30
0
      10
10756.6733653146
      20
6896.28263556133
      30
0
      10
10756.6733653146
      20
6896.28263556133
      30
0
      10
10756.8587491345
      20
6896.69390238464
      30
0
      10
10757.0441329545
      20
6897.10516920795
      30
0
      10
10757.2295167744
      20
6897.51643603127
      30
0
      10
10757.2295167744
      20
6897.51643603127
      30
0
      10
10757.4253887063
      20
6898.04481320259
      30
0
      10
10757.6212606383
      20
6898.57319037391
      30
0
      10
10757.8171325703
      20
6899.10156754524
      30
0
      10
10757.8171325703
      20
6899.10156754524
      30
0
      10
10757.9163117104
      20
6899.42385183491
      30
0
      10
10758.0154908506
      20
6899.74613612458
      30
0
      10
10758.1146699907
      20
6900.06842041425
      30
0
      10
10758.1146699907
      20
6900.06842041425
      30
0
      10
10757.6659577347
      20
6899.68348326306
      30
0
      10
10757.2172454787
      20
6899.29854611187
      30
0
      10
10756.7685332227
      20
6898.91360896067
      30
0
      10
10756.7685332227
      20
6898.91360896067
      30
0
      10
10756.3456611237
      20
6898.4989052015
      30
0
      10
10755.9227890248
      20
6898.08420144233
      30
0
      10
10755.4999169259
      20
6897.66949768315
      30
0
      10
10755.4999169259
      20
6897.66949768315
      30
0
      10
10755.1065683701
      20
6897.2263899786
      30
0
      10
10754.7132198143
      20
6896.78328227404
      30
0
      10
10754.3198712585
      20
6896.34017456948
      30
0
      10
10754.3198712585
      20
6896.34017456948
      30
0
      10
10754.0289246001
      20
6895.96615327489
      30
0
      10
10753.7379779416
      20
6895.59213198029
      30
0
      10
10753.4470312831
      20
6895.2181106857
      30
0
      10
10753.4470312831
      20
6895.2181106857
      30
0
      10
10753.179222953
      20
6894.82748065311
      30
0
      10
10752.9114146229
      20
6894.43685062053
      30
0
      10
10752.6436062928
      20
6894.04622058795
      30
0
      10
10752.6436062928
      20
6894.04622058795
      30
0
      10
10752.4008221872
      20
6893.63967950292
      30
0
      10
10752.1580380816
      20
6893.2331384179
      30
0
      10
10751.915253976
      20
6892.82659733288
      30
0
      10
10751.915253976
      20
6892.82659733288
      30
0
      10
10751.8038353478
      20
6892.61757817021
      30
0
      10
10751.6924167197
      20
6892.40855900755
      30
0
      10
10751.5809980915
      20
6892.19953984488
      30
0
      10
10751.5809980915
      20
6892.19953984488
      30
0
      10
10750.9860737226
      20
6892.39462827693
      30
0
      10
10750.3911493538
      20
6892.58971670897
      30
0
      10
10749.7962249849
      20
6892.78480514101
      30
0
      10
10749.7962249849
      20
6892.78480514101
      30
0
      10
10749.9403570454
      20
6892.88203626603
      30
0
      10
10750.084489106
      20
6892.97926739105
      30
0
      10
10750.2286211666
      20
6893.07649851607
      30
0
      10
10750.2286211666
      20
6893.07649851607
      30
0
      10
10750.3655094656
      20
6893.18104544438
      30
0
      10
10750.5023977647
      20
6893.28559237269
      30
0
      10
10750.6392860638
      20
6893.390139301
      30
0
      10
10750.6392860638
      20
6893.390139301
      30
0
      10
10750.8314951767
      20
6893.55972713998
      30
0
      10
10751.0237042897
      20
6893.72931497896
      30
0
      10
10751.2159134026
      20
6893.89890281794
      30
0
      10
10751.2159134026
      20
6893.89890281794
      30
0
      10
10751.393003603
      20
6894.0825091724
      30
0
      10
10751.5700938035
      20
6894.26611552686
      30
0
      10
10751.747184004
      20
6894.44972188132
      30
0
      10
10751.747184004
      20
6894.44972188132
      30
0
      10
10751.9098630242
      20
6894.64588152824
      30
0
      10
10752.0725420444
      20
6894.84204117515
      30
0
      10
10752.2352210646
      20
6895.03820082207
      30
0
      10
10752.2352210646
      20
6895.03820082207
      30
0
      10
10752.430932269
      20
6895.31674187115
      30
0
      10
10752.6266434733
      20
6895.59528292023
      30
0
      10
10752.8223546777
      20
6895.87382396931
      30
0
      10
10752.8223546777
      20
6895.87382396931
      30
0
      10
10753.0352907463
      20
6896.24442935807
      30
0
      10
10753.2482268149
      20
6896.61503474682
      30
0
      10
10753.4611628835
      20
6896.98564013558
      30
0
      10
10753.4611628835
      20
6896.98564013558
      30
0
      10
10753.7059661011
      20
6897.53419935632
      30
0
      10
10753.9507693187
      20
6898.08275857706
      30
0
      10
10754.1955725363
      20
6898.63131779779
      30
0
      10
10754.1955725363
      20
6898.63131779779
      30
0
      10
10752.5963440764
      20
6897.56484478202
      30
0
      10
10750.9971156166
      20
6896.49837176625
      30
0
      10
10749.3978871568
      20
6895.43189875048
      30
0
      10
10749.3978871568
      20
6895.43189875048
      30
0
      10
10749.6259906669
      20
6895.79853862508
      30
0
      10
10749.854094177
      20
6896.16517849968
      30
0
      10
10750.0821976871
      20
6896.53181837428
      30
0
      10
10750.0821976871
      20
6896.53181837428
      30
0
      10
10750.3343232709
      20
6897.00704143035
      30
0
      10
10750.5864488546
      20
6897.48226448641
      30
0
      10
10750.8385744383
      20
6897.95748754247
      30
0
      10
10750.8385744383
      20
6897.95748754247
      30
0
      10
10751.0966743567
      20
6898.54866468879
      30
0
      10
10751.3547742752
      20
6899.13984183511
      30
0
      10
10751.6128741937
      20
6899.73101898143
      30
0
      10
10751.6128741937
      20
6899.73101898143
      30
0
      10
10751.919887799
      20
6900.64988708547
      30
0
      10
10752.2269014044
      20
6901.56875518952
      30
0
      10
10752.5339150098
      20
6902.48762329357
      30
0
      10
10752.5339150098
      20
6902.48762329357
      30
0
      10
10752.6685186157
      20
6903.00922021688
      30
0
      10
10752.8031222217
      20
6903.53081714019
      30
0
      10
10752.9377258277
      20
6904.0524140635
      30
0
      10
10752.9377258277
      20
6904.0524140635
      30
0
      10
10751.5676584332
      20
6902.02377723641
      30
0
      10
10750.1975910387
      20
6899.99514040932
      30
0
      10
10748.8275236442
      20
6897.96650358223
      30
0
      10
10748.8275236442
      20
6897.96650358223
      30
0
      10
10748.5534083702
      20
6897.45288309548
      30
0
      10
10748.2792930963
      20
6896.93926260872
      30
0
      10
10748.0051778223
      20
6896.42564212197
      30
0
      10
10748.0051778223
      20
6896.42564212197
      30
0
      10
10747.8601365826
      20
6896.10657172207
      30
0
      10
10747.7150953428
      20
6895.78750132217
      30
0
      10
10747.5700541031
      20
6895.46843092228
      30
0
      10
10747.5700541031
      20
6895.46843092228
      30
0
      10
10747.4782126272
      20
6895.30977155891
      30
0
      10
10747.3863711512
      20
6895.15111219553
      30
0
      10
10747.2945296753
      20
6894.99245283216
      30
0
      10
10747.2945296753
      20
6894.99245283216
      30
0
      10
10746.9515534729
      20
6894.776963536
      30
0
      10
10746.6085772706
      20
6894.56147423984
      30
0
      10
10746.2656010682
      20
6894.34598494368
      30
0
      10
10746.2656010682
      20
6894.34598494368
      30
0
      10
10746.7308473523
      20
6895.35637395292
      30
0
      10
10747.1960936364
      20
6896.36676296216
      30
0
      10
10747.6613399206
      20
6897.3771519714
      30
0
      10
10747.6613399206
      20
6897.3771519714
      30
0
      10
10747.8149039482
      20
6897.86441928722
      30
0
      10
10747.9684679759
      20
6898.35168660305
      30
0
      10
10748.1220320036
      20
6898.83895391888
      30
0
      10
10748.1220320036
      20
6898.83895391888
      30
0
      10
10748.2107729479
      20
6899.25649376792
      30
0
      10
10748.2995138922
      20
6899.67403361696
      30
0
      10
10748.3882548365
      20
6900.091573466
      30
0
      10
10748.3882548365
      20
6900.091573466
      30
0
      10
10748.4295941597
      20
6900.43368818514
      30
0
      10
10748.4709334828
      20
6900.77580290427
      30
0
      10
10748.512272806
      20
6901.1179176234
      30
0
      10
10748.512272806
      20
6901.1179176234
      30
0
      10
10748.5181209377
      20
6901.20462134687
      30
0
      10
10748.5239690695
      20
6901.29132507034
      30
0
      10
10748.5298172012
      20
6901.37802879381
      30
0
      10
10748.5298172012
      20
6901.37802879381
      30
0
      10
10747.5764259984
      20
6900.03460420828
      30
0
      10
10746.6230347955
      20
6898.69117962274
      30
0
      10
10745.6696435927
      20
6897.34775503721
      30
0
      10
10745.6696435927
      20
6897.34775503721
      30
0
      10
10745.4077511282
      20
6896.89274848763
      30
0
      10
10745.1458586636
      20
6896.43774193804
      30
0
      10
10744.8839661991
      20
6895.98273538846
      30
0
      10
10744.8839661991
      20
6895.98273538846
      30
0
      10
10744.4145771724
      20
6896.21763284961
      30
0
      10
10743.9451881457
      20
6896.45253031077
      30
0
      10
10743.4757991191
      20
6896.68742777193
      30
0
      10
10743.4757991191
      20
6896.68742777193
      30
0
      10
10743.6167364049
      20
6896.82076782683
      30
0
      10
10743.7576736908
      20
6896.95410788173
      30
0
      10
10743.8986109767
      20
6897.08744793664
      30
0
      10
10743.8986109767
      20
6897.08744793664
      30
0
      10
10744.0311221259
      20
6897.22760488081
      30
0
      10
10744.1636332751
      20
6897.36776182499
      30
0
      10
10744.2961444243
      20
6897.50791876916
      30
0
      10
10744.2961444243
      20
6897.50791876916
      30
0
      10
10744.4202615956
      20
6897.65447982975
      30
0
      10
10744.5443787669
      20
6897.80104089033
      30
0
      10
10744.6684959382
      20
6897.94760195091
      30
0
      10
10744.6684959382
      20
6897.94760195091
      30
0
      10
10744.7842513062
      20
6898.10015434772
      30
0
      10
10744.9000066742
      20
6898.25270674453
      30
0
      10
10745.0157620422
      20
6898.40525914134
      30
0
      10
10745.0157620422
      20
6898.40525914134
      30
0
      10
10745.123187764
      20
6898.56339010236
      30
0
      10
10745.2306134858
      20
6898.72152106338
      30
0
      10
10745.3380392076
      20
6898.8796520244
      30
0
      10
10745.3380392076
      20
6898.8796520244
      30
0
      10
10745.4371674524
      20
6899.04294877014
      30
0
      10
10745.5362956972
      20
6899.20624551589
      30
0
      10
10745.635423942
      20
6899.36954226163
      30
0
      10
10745.635423942
      20
6899.36954226163
      30
0
      10
10745.7686288997
      20
6899.62327028197
      30
0
      10
10745.9018338574
      20
6899.87699830232
      30
0
      10
10746.0350388152
      20
6900.13072632266
      30
0
      10
10746.0350388152
      20
6900.13072632266
      30
0
      10
10746.1497553765
      20
6900.39375549582
      30
0
      10
10746.2644719378
      20
6900.65678466898
      30
0
      10
10746.3791884992
      20
6900.91981384214
      30
0
      10
10746.3791884992
      20
6900.91981384214
      30
0
      10
10746.4755252225
      20
6901.19075104681
      30
0
      10
10746.5718619459
      20
6901.46168825147
      30
0
      10
10746.6681986693
      20
6901.73262545614
      30
0
      10
10746.6681986693
      20
6901.73262545614
      30
0
      10
10746.7462641103
      20
6902.01007757522
      30
0
      10
10746.8243295513
      20
6902.28752969431
      30
0
      10
10746.9023949923
      20
6902.56498181339
      30
0
      10
10746.9023949923
      20
6902.56498181339
      30
0
      10
10746.9622977111
      20
6902.84755572579
      30
0
      10
10747.0222004298
      20
6903.13012963819
      30
0
      10
10747.0821031486
      20
6903.41270355059
      30
0
      10
10747.0821031486
      20
6903.41270355059
      30
0
      10
10747.1120015015
      20
6903.60324364084
      30
0
      10
10747.1418998544
      20
6903.79378373109
      30
0
      10
10747.1717982074
      20
6903.98432382134
      30
0
      10
10747.1717982074
      20
6903.98432382134
      30
0
      10
10745.6806187771
      20
6902.26370352409
      30
0
      10
10744.1894393469
      20
6900.54308322685
      30
0
      10
10742.6982599166
      20
6898.8224629296
      30
0
      10
10742.6982599166
      20
6898.8224629296
      30
0
      10
10742.3901392922
      20
6899.16931491
      30
0
      10
10742.0820186679
      20
6899.5161668904
      30
0
      10
10741.7738980435
      20
6899.86301887081
      30
0
      10
10741.7738980435
      20
6899.86301887081
      30
0
      10
10742.3509561884
      20
6900.83519616661
      30
0
      10
10742.9280143333
      20
6901.80737346242
      30
0
      10
10743.5050724782
      20
6902.77955075823
      30
0
      10
10743.5050724782
      20
6902.77955075823
      30
0
      10
10743.8304080944
      20
6903.63953597299
      30
0
      10
10744.1557437105
      20
6904.49952118775
      30
0
      10
10744.4810793267
      20
6905.35950640252
      30
0
      10
10744.4810793267
      20
6905.35950640252
      30
0
      10
10743.3791380668
      20
6904.24370458664
      30
0
      10
10742.2771968068
      20
6903.12790277077
      30
0
      10
10741.1752555469
      20
6902.01210095489
      30
0
      10
10741.1752555469
      20
6902.01210095489
      30
0
      10
10740.858156383
      20
6901.56379900666
      30
0
      10
10740.541057219
      20
6901.11549705843
      30
0
      10
10740.2239580551
      20
6900.6671951102
      30
0
      10
10740.2239580551
      20
6900.6671951102
      30
0
      10
10740.1434320689
      20
6900.53137484366
      30
0
      10
10740.0629060826
      20
6900.39555457712
      30
0
      10
10739.9823800964
      20
6900.25973431058
      30
0
      10
10739.9823800964
      20
6900.25973431058
      30
0
      10
10739.648510692
      20
6900.80922791198
      30
0
      10
10739.3146412877
      20
6901.35872151337
      30
0
      10
10738.9807718833
      20
6901.90821511477
      30
0
      10
10738.9807718833
      20
6901.90821511477
      30
0
      10
10739.2872645048
      20
6902.19073178538
      30
0
      10
10739.5937571263
      20
6902.47324845599
      30
0
      10
10739.9002497477
      20
6902.7557651266
      30
0
      10
10739.9002497477
      20
6902.7557651266
      30
0
      10
10740.1254778412
      20
6903.01944643663
      30
0
      10
10740.3507059347
      20
6903.28312774666
      30
0
      10
10740.5759340282
      20
6903.54680905668
      30
0
      10
10740.5759340282
      20
6903.54680905668
      30
0
      10
10740.7305071145
      20
6903.77537690424
      30
0
      10
10740.8850802007
      20
6904.0039447518
      30
0
      10
10741.039653287
      20
6904.23251259936
      30
0
      10
10741.039653287
      20
6904.23251259936
      30
0
      10
10741.1379126016
      20
6904.41381310196
      30
0
      10
10741.2361719162
      20
6904.59511360456
      30
0
      10
10741.3344312309
      20
6904.77641410716
      30
0
      10
10741.3344312309
      20
6904.77641410716
      30
0
      10
10741.4155931957
      20
6904.96588903435
      30
0
      10
10741.4967551605
      20
6905.15536396154
      30
0
      10
10741.5779171254
      20
6905.34483888873
      30
0
      10
10741.5779171254
      20
6905.34483888873
      30
0
      10
10741.6402256551
      20
6905.5422276576
      30
0
      10
10741.7025341848
      20
6905.73961642646
      30
0
      10
10741.7648427146
      20
6905.93700519533
      30
0
      10
10741.7648427146
      20
6905.93700519533
      30
0
      10
10741.7950403996
      20
6906.07286560636
      30
0
      10
10741.8252380846
      20
6906.20872601738
      30
0
      10
10741.8554357695
      20
6906.34458642841
      30
0
      10
10741.8554357695
      20
6906.34458642841
      30
0
      10
10741.875953346
      20
6906.48377107892
      30
0
      10
10741.8964709224
      20
6906.62295572944
      30
0
      10
10741.9169884988
      20
6906.76214037996
      30
0
      10
10741.9169884988
      20
6906.76214037996
      30
0
      10
10741.9234546463
      20
6906.83295516721
      30
0
      10
10741.9299207938
      20
6906.90376995446
      30
0
      10
10741.9363869413
      20
6906.97458474171
      30
0
      10
10741.9363869413
      20
6906.97458474171
      30
0
      10
10740.4486282702
      20
6905.53590205714
      30
0
      10
10738.9608695992
      20
6904.09721937257
      30
0
      10
10737.4731109281
      20
6902.65853668799
      30
0
      10
10737.4731109281
      20
6902.65853668799
      30
0
      10
10737.4169891258
      20
6903.1273547659
      30
0
      10
10737.3608673236
      20
6903.5961728438
      30
0
      10
10737.3047455213
      20
6904.06499092171
      30
0
      10
10737.3047455213
      20
6904.06499092171
      30
0
      10
10737.3372415592
      20
6904.14642605276
      30
0
      10
10737.3697375972
      20
6904.22786118382
      30
0
      10
10737.4022336352
      20
6904.30929631487
      30
0
      10
10737.4022336352
      20
6904.30929631487
      30
0
      10
10737.4453123558
      20
6904.3663741737
      30
0
      10
10737.4883910765
      20
6904.42345203252
      30
0
      10
10737.5314697972
      20
6904.48052989134
      30
0
      10
10737.5314697972
      20
6904.48052989134
      30
0
      10
10737.549917047
      20
6904.49866649194
      30
0
      10
10737.5683642969
      20
6904.51680309254
      30
0
      10
10737.5868115467
      20
6904.53493969314
      30
0
      10
10737.5868115467
      20
6904.53493969314
      30
0
      10
10737.9890184004
      20
6905.10382845897
      30
0
      10
10738.3912252541
      20
6905.6727172248
      30
0
      10
10738.7934321078
      20
6906.24160599063
      30
0
      10
10738.7934321078
      20
6906.24160599063
      30
0
      10
10739.353908557
      20
6907.4385279899
      30
0
      10
10739.9143850062
      20
6908.63544998917
      30
0
      10
10740.4748614554
      20
6909.83237198844
      30
0
      10
10740.4748614554
      20
6909.83237198844
      30
0
      10
10739.0660236555
      20
6908.70686381003
      30
0
      10
10737.6571858557
      20
6907.58135563163
      30
0
      10
10736.2483480558
      20
6906.45584745323
      30
0
      10
10736.2483480558
      20
6906.45584745323
      30
0
      10
10735.9229759007
      20
6906.26678069888
      30
0
      10
10735.5976037456
      20
6906.07771394454
      30
0
      10
10735.2722315905
      20
6905.88864719019
      30
0
      10
10735.2722315905
      20
6905.88864719019
      30
0
      10
10735.3350699153
      20
6906.13003705755
      30
0
      10
10735.3979082401
      20
6906.3714269249
      30
0
      10
10735.4607465649
      20
6906.61281679226
      30
0
      10
10735.4607465649
      20
6906.61281679226
      30
0
      10
10735.9438994393
      20
6907.68908891161
      30
0
      10
10736.4270523137
      20
6908.76536103097
      30
0
      10
10736.9102051881
      20
6909.84163315032
      30
0
      10
10736.9102051881
      20
6909.84163315032
      30
0
      10
10737.0132129189
      20
6910.13513974167
      30
0
      10
10737.1162206496
      20
6910.42864633301
      30
0
      10
10737.2192283803
      20
6910.72215292436
      30
0
      10
10737.2192283803
      20
6910.72215292436
      30
0
      10
10737.2352815961
      20
6910.78268906138
      30
0
      10
10737.2513348118
      20
6910.84322519841
      30
0
      10
10737.2673880275
      20
6910.90376133544
      30
0
      10
10737.2673880275
      20
6910.90376133544
      30
0
      10
10737.0445603094
      20
6910.78570829169
      30
0
      10
10736.8217325913
      20
6910.66765524794
      30
0
      10
10736.5989048732
      20
6910.54960220419
      30
0
      10
10736.5989048732
      20
6910.54960220419
      30
0
      10
10735.6785337075
      20
6909.89176931397
      30
0
      10
10734.7581625419
      20
6909.23393642374
      30
0
      10
10733.8377913762
      20
6908.57610353351
      30
0
      10
10733.8377913762
      20
6908.57610353351
      30
0
      10
10733.6204010991
      20
6908.4525799439
      30
0
      10
10733.4030108219
      20
6908.32905635429
      30
0
      10
10733.1856205448
      20
6908.20553276468
      30
0
      10
10733.1856205448
      20
6908.20553276468
      30
0
      10
10733.0123573094
      20
6908.12995291407
      30
0
      10
10732.8390940741
      20
6908.05437306346
      30
0
      10
10732.6658308388
      20
6907.97879321285
      30
0
      10
10732.6658308388
      20
6907.97879321285
      30
0
      10
10733.6286505505
      20
6909.32802105007
      30
0
      10
10734.5914702622
      20
6910.67724888729
      30
0
      10
10735.5542899739
      20
6912.02647672451
      30
0
      10
10735.5542899739
      20
6912.02647672451
      30
0
      10
10735.6740023876
      20
6912.2651403
      30
0
      10
10735.7937148013
      20
6912.50380387549
      30
0
      10
10735.9134272149
      20
6912.74246745099
      30
0
      10
10735.9134272149
      20
6912.74246745099
      30
0
      10
10734.8079385521
      20
6912.11661937399
      30
0
      10
10733.7024498892
      20
6911.49077129699
      30
0
      10
10732.5969612264
      20
6910.86492321999
      30
0
      10
10732.5969612264
      20
6910.86492321999
      30
0
      10
10732.3368013021
      20
6910.65727026342
      30
0
      10
10732.0766413778
      20
6910.44961730685
      30
0
      10
10731.8164814535
      20
6910.24196435028
      30
0
      10
10731.8164814535
      20
6910.24196435028
      30
0
      10
10731.8227048662
      20
6910.29818013745
      30
0
      10
10731.8289282789
      20
6910.35439592461
      30
0
      10
10731.8351516916
      20
6910.41061171178
      30
0
      10
10731.8351516916
      20
6910.41061171178
      30
0
      10
10731.8505180048
      20
6910.49302577321
      30
0
      10
10731.8626644988
      20
6910.57607697749
      30
0
      10
10731.8855085663
      20
6910.65701132918
      30
0
      10
10731.8855085663
      20
6910.65701132918
      30
0
      10
10731.8919406289
      20
6910.68267660299
      30
0
      10
10731.8983726915
      20
6910.7083418768
      30
0
      10
10731.9048047541
      20
6910.73400715062
      30
0
      10
10731.9048047541
      20
6910.73400715062
      30
0
      10
10731.9407750108
      20
6910.83636265509
      30
0
      10
10731.9767452675
      20
6910.93871815957
      30
0
      10
10732.0127155242
      20
6911.04107366405
      30
0
      10
10732.0127155242
      20
6911.04107366405
      30
0
      10
10732.0595080589
      20
6911.13886757532
      30
0
      10
10732.1063005936
      20
6911.23666148659
      30
0
      10
10732.1530931284
      20
6911.33445539786
      30
0
      10
10732.1530931284
      20
6911.33445539786
      30
0
      10
10732.2714238653
      20
6911.51988396153
      30
0
      10
10732.3897546022
      20
6911.7053125252
      30
0
      10
10732.5080853391
      20
6911.89074108887
      30
0
      10
10732.5080853391
      20
6911.89074108887
      30
0
      10
10732.9220618384
      20
6912.42921213353
      30
0
      10
10733.3360383378
      20
6912.9676831782
      30
0
      10
10733.7500148372
      20
6913.50615422287
      30
0
      10
10733.7500148372
      20
6913.50615422287
      30
0
      10
10733.8329500754
      20
6913.65229627282
      30
0
      10
10733.9158853137
      20
6913.79843832277
      30
0
      10
10733.9988205519
      20
6913.94458037272
      30
0
      10
10733.9988205519
      20
6913.94458037272
      30
0
      10
10734.0427056189
      20
6914.04769091819
      30
0
      10
10734.0865906859
      20
6914.15080146366
      30
0
      10
10734.130475753
      20
6914.25391200913
      30
0
      10
10734.130475753
      20
6914.25391200913
      30
0
      10
10734.1482729
      20
6914.30750255231
      30
0
      10
10734.166070047
      20
6914.36109309549
      30
0
      10
10734.183867194
      20
6914.41468363867
      30
0
      10
10734.183867194
      20
6914.41468363867
      30
0
      10
10733.0180350179
      20
6913.77658794205
      30
0
      10
10731.8522028418
      20
6913.13849224544
      30
0
      10
10730.6863706657
      20
6912.50039654883
      30
0
      10
10730.6863706657
      20
6912.50039654883
      30
0
      10
10731.3407822921
      20
6913.73872705949
      30
0
      10
10731.9951939185
      20
6914.97705757016
      30
0
      10
10732.649605545
      20
6916.21538808082
      30
0
      10
10732.649605545
      20
6916.21538808082
      30
0
      10
10731.7703186331
      20
6915.88753550445
      30
0
      10
10730.8910317213
      20
6915.55968292807
      30
0
      10
10730.0117448094
      20
6915.2318303517
      30
0
      10
10730.0117448094
      20
6915.2318303517
      30
0
      10
10729.9382073198
      20
6915.89506076048
      30
0
      10
10729.8646698301
      20
6916.55829116926
      30
0
      10
10729.7911323405
      20
6917.22152157804
      30
0
      10
10729.7911323405
      20
6917.22152157804
      30
0
      10
10729.7881517249
      20
6917.46653481082
      30
0
      10
10729.7851711094
      20
6917.7115480436
      30
0
      10
10729.7821904938
      20
6917.95656127638
      30
0
      10
10729.7821904938
      20
6917.95656127638
      30
0
      10
10729.7936657976
      20
6918.07495984459
      30
0
      10
10729.8051411015
      20
6918.19335841281
      30
0
      10
10729.8166164053
      20
6918.31175698102
      30
0
      10
10729.8166164053
      20
6918.31175698102
      30
0
      10
10729.839312255
      20
6918.42588720297
      30
0
      10
10729.8620081048
      20
6918.54001742492
      30
0
      10
10729.8847039545
      20
6918.65414764686
      30
0
      10
10729.8847039545
      20
6918.65414764686
      30
0
      10
10729.9008635193
      20
6918.70925361641
      30
0
      10
10729.9170230842
      20
6918.76435958596
      30
0
      10
10729.933182649
      20
6918.81946555551
      30
0
      10
10729.933182649
      20
6918.81946555551
      30
0
      10
10729.9528720779
      20
6918.87307422454
      30
0
      10
10729.9725615069
      20
6918.92668289358
      30
0
      10
10729.9922509359
      20
6918.98029156262
      30
0
      10
10729.9922509359
      20
6918.98029156262
      30
0
      10
10730.0157118008
      20
6919.03225952603
      30
0
      10
10730.0391726657
      20
6919.08422748945
      30
0
      10
10730.0626335306
      20
6919.13619545287
      30
0
      10
10730.0626335306
      20
6919.13619545287
      30
0
      10
10730.0901074055
      20
6919.18637930614
      30
0
      10
10730.1175812803
      20
6919.23656315941
      30
0
      10
10730.1450551552
      20
6919.28674701268
      30
0
      10
10730.1450551552
      20
6919.28674701268
      30
0
      10
10730.1767836209
      20
6919.335003351
      30
0
      10
10730.2085120867
      20
6919.38325968932
      30
0
      10
10730.2402405524
      20
6919.43151602764
      30
0
      10
10730.2402405524
      20
6919.43151602764
      30
0
      10
10730.2764651795
      20
6919.47770145032
      30
0
      10
10730.3126898065
      20
6919.52388687301
      30
0
      10
10730.3489144336
      20
6919.5700722957
      30
0
      10
10730.3489144336
      20
6919.5700722957
      30
0
      10
10730.3898767961
      20
6919.61404339224
      30
0
      10
10730.4308391587
      20
6919.65801448879
      30
0
      10
10730.4718015212
      20
6919.70198558533
      30
0
      10
10730.4718015212
      20
6919.70198558533
      30
0
      10
10730.517743198
      20
6919.74359895443
      30
0
      10
10730.5636848748
      20
6919.78521232353
      30
0
      10
10730.6096265516
      20
6919.82682569263
      30
0
      10
10730.6096265516
      20
6919.82682569263
      30
0
      10
10730.6607891161
      20
6919.86593792969
      30
0
      10
10730.7119516806
      20
6919.90505016675
      30
0
      10
10730.7631142451
      20
6919.9441624038
      30
0
      10
10730.7631142451
      20
6919.9441624038
      30
0
      10
10730.8197392716
      20
6919.98063010285
      30
0
      10
10730.8763642982
      20
6920.01709780189
      30
0
      10
10730.9329893247
      20
6920.05356550093
      30
0
      10
10730.9329893247
      20
6920.05356550093
      30
0
      10
10732.2353560177
      20
6919.80075751929
      30
0
      10
10733.5377227106
      20
6919.54794953765
      30
0
      10
10734.8400894036
      20
6919.29514155601
      30
0
      10
10734.8400894036
      20
6919.29514155601
      30
0
      10
10735.0552982075
      20
6919.3041779675
      30
0
      10
10735.2705070114
      20
6919.31321437899
      30
0
      10
10735.4857158153
      20
6919.32225079048
      30
0
      10
10735.4857158153
      20
6919.32225079048
      30
0
      10
10734.1985102776
      20
6921.41583687399
      30
0
      10
10732.9113047399
      20
6923.5094229575
      30
0
      10
10731.6240992022
      20
6925.60300904101
      30
0
      10
10731.6240992022
      20
6925.60300904101
      30
0
      10
10731.0081161507
      20
6926.08124551108
      30
0
      10
10730.3921330991
      20
6926.55948198115
      30
0
      10
10729.7761500476
      20
6927.03771845123
      30
0
      10
10729.7761500476
      20
6927.03771845123
      30
0
      10
10729.3324792456
      20
6927.31140886649
      30
0
      10
10728.8888084436
      20
6927.58509928176
      30
0
      10
10728.4451376417
      20
6927.85878969702
      30
0
      10
10728.4451376417
      20
6927.85878969702
      30
0
      10
10728.0561417229
      20
6928.0497912753
      30
0
      10
10727.6671458041
      20
6928.24079285358
      30
0
      10
10727.2781498853
      20
6928.43179443186
      30
0
      10
10727.2781498853
      20
6928.43179443186
      30
0
      10
10726.9547845875
      20
6928.55566954508
      30
0
      10
10726.6314192896
      20
6928.67954465829
      30
0
      10
10726.3080539918
      20
6928.8034197715
      30
0
      10
10726.3080539918
      20
6928.8034197715
      30
0
      10
10726.0586392118
      20
6928.87727799996
      30
0
      10
10725.8092244317
      20
6928.95113622841
      30
0
      10
10725.5598096517
      20
6929.02499445686
      30
0
      10
10725.5598096517
      20
6929.02499445686
      30
0
      10
10725.3903259093
      20
6929.06438613673
      30
0
      10
10725.2208421669
      20
6929.10377781659
      30
0
      10
10725.0513584245
      20
6929.14316949645
      30
0
      10
10725.0513584245
      20
6929.14316949645
      30
0
      10
10724.9987296309
      20
6929.49350547852
      30
0
      10
10724.9461008373
      20
6929.84384146059
      30
0
      10
10724.8934720437
      20
6930.19417744266
      30
0
      10
10724.8934720437
      20
6930.19417744266
      30
0
      10
10726.0073979083
      20
6930.34168353593
      30
0
      10
10727.1213237729
      20
6930.48918962921
      30
0
      10
10728.2352496375
      20
6930.63669572248
      30
0
      10
10728.2352496375
      20
6930.63669572248
      30
0
      10
10728.4584370154
      20
6930.70638150364
      30
0
      10
10728.6816243933
      20
6930.77606728481
      30
0
      10
10728.9048117712
      20
6930.84575306597
      30
0
      10
10728.9048117712
      20
6930.84575306597
      30
0
      10
10729.0650857084
      20
6930.91851881068
      30
0
      10
10729.2253596457
      20
6930.9912845554
      30
0
      10
10729.385633583
      20
6931.06405030011
      30
0
      10
10729.385633583
      20
6931.06405030011
      30
0
      10
10729.4883470003
      20
6931.1242491848
      30
0
      10
10729.5910604177
      20
6931.18444806949
      30
0
      10
10729.6937738351
      20
6931.24464695418
      30
0
      10
10729.6937738351
      20
6931.24464695418
      30
0
      10
10729.743740376
      20
6931.27863807524
      30
0
      10
10729.7937069169
      20
6931.3126291963
      30
0
      10
10729.8436734578
      20
6931.34662031736
      30
0
      10
10729.8436734578
      20
6931.34662031736
      30
0
      10
10730.5147269428
      20
6931.65980827395
      30
0
      10
10731.1857804277
      20
6931.97299623054
      30
0
      10
10731.8568339127
      20
6932.28618418713
      30
0
      10
10731.8568339127
      20
6932.28618418713
      30
0
      10
10732.126516025
      20
6932.31649796816
      30
0
      10
10732.3961981373
      20
6932.34681174919
      30
0
      10
10732.6658802497
      20
6932.37712553022
      30
0
      10
10732.6658802497
      20
6932.37712553022
      30
0
      10
10732.7837550611
      20
6932.3680078908
      30
0
      10
10732.9016298726
      20
6932.35889025138
      30
0
      10
10733.0195046841
      20
6932.34977261196
      30
0
      10
10733.0195046841
      20
6932.34977261196
      30
0
      10
10734.0821235534
      20
6931.84801383245
      30
0
      10
10735.1447424226
      20
6931.34625505294
      30
0
      10
10736.2073612918
      20
6930.84449627342
      30
0
      10
10736.2073612918
      20
6930.84449627342
      30
0
      10
10736.3882338854
      20
6930.79032774269
      30
0
      10
10736.5691064791
      20
6930.73615921195
      30
0
      10
10736.7499790727
      20
6930.68199068122
      30
0
      10
10736.7499790727
      20
6930.68199068122
      30
0
      10
10737.9812068382
      20
6930.9792250969
      30
0
      10
10739.2124346037
      20
6931.27645951258
      30
0
      10
10740.4436623692
      20
6931.57369392827
      30
0
      10
10740.4436623692
      20
6931.57369392827
      30
0
      10
10740.7074434128
      20
6931.58976755804
      30
0
      10
10740.9712244565
      20
6931.60584118782
      30
0
      10
10741.2350055001
      20
6931.6219148176
      30
0
      10
10741.2350055001
      20
6931.6219148176
      30
0
      10
10741.307064478
      20
6931.60811721408
      30
0
      10
10741.379123456
      20
6931.59431961057
      30
0
      10
10741.4511824339
      20
6931.58052200706
      30
0
      10
10741.4511824339
      20
6931.58052200706
      30
0
      10
10741.5194388616
      20
6931.56160534373
      30
0
      10
10741.5876952893
      20
6931.54268868041
      30
0
      10
10741.6559517169
      20
6931.52377201709
      30
0
      10
10741.6559517169
      20
6931.52377201709
      30
0
      10
10741.7206517211
      20
6931.50006030853
      30
0
      10
10741.7853517253
      20
6931.47634859998
      30
0
      10
10741.8500517296
      20
6931.45263689142
      30
0
      10
10741.8500517296
      20
6931.45263689142
      30
0
      10
10741.91144144
      20
6931.42445415057
      30
0
      10
10741.9728311504
      20
6931.39627140971
      30
0
      10
10742.0342208609
      20
6931.36808866886
      30
0
      10
10742.0342208609
      20
6931.36808866886
      30
0
      10
10742.0925464012
      20
6931.33575891287
      30
0
      10
10742.1508719416
      20
6931.30342915687
      30
0
      10
10742.2091974819
      20
6931.27109940088
      30
0
      10
10742.2091974819
      20
6931.27109940088
      30
0
      10
10742.2647049778
      20
6931.23494664525
      30
0
      10
10742.3202124736
      20
6931.19879388962
      30
0
      10
10742.3757199694
      20
6931.16264113399
      30
0
      10
10742.3757199694
      20
6931.16264113399
      30
0
      10
10742.4286555502
      20
6931.12298939217
      30
0
      10
10742.481591131
      20
6931.08333765036
      30
0
      10
10742.5345267118
      20
6931.04368590854
      30
0
      10
10742.5345267118
      20
6931.04368590854
      30
0
      10
10742.5851365016
      20
6931.00085919554
      30
0
      10
10742.6357462914
      20
6930.95803248254
      30
0
      10
10742.6863560811
      20
6930.91520576955
      30
0
      10
10742.6863560811
      20
6930.91520576955
      30
0
      10
10742.7815827993
      20
6930.8213234924
      30
0
      10
10742.8768095174
      20
6930.72744121526
      30
0
      10
10742.9720362356
      20
6930.63355893812
      30
0
      10
10742.9720362356
      20
6930.63355893812
      30
0
      10
10743.145409761
      20
6930.42195139491
      30
0
      10
10743.3187832864
      20
6930.2103438517
      30
0
      10
10743.4921568118
      20
6929.99873630849
      30
0
      10
10743.4921568118
      20
6929.99873630849
      30
0
      10
10743.8257165752
      20
6929.5527286344
      30
0
      10
10744.1592763386
      20
6929.10672096032
      30
0
      10
10744.492836102
      20
6928.66071328623
      30
0
      10
10744.492836102
      20
6928.66071328623
      30
0
      10
10744.5849645957
      20
6928.55958361219
      30
0
      10
10744.6770930894
      20
6928.45845393816
      30
0
      10
10744.7692215831
      20
6928.35732426412
      30
0
      10
10744.7692215831
      20
6928.35732426412
      30
0
      10
10744.8179503105
      20
6928.31009734742
      30
0
      10
10744.8666790378
      20
6928.26287043073
      30
0
      10
10744.9154077652
      20
6928.21564351403
      30
0
      10
10744.9154077652
      20
6928.21564351403
      30
0
      10
10744.9662409805
      20
6928.17107389519
      30
0
      10
10745.0170741959
      20
6928.12650427635
      30
0
      10
10745.0679074112
      20
6928.0819346575
      30
0
      10
10745.0679074112
      20
6928.0819346575
      30
0
      10
10745.1210912399
      20
6928.04034635463
      30
0
      10
10745.1742750686
      20
6927.99875805175
      30
0
      10
10745.2274588973
      20
6927.95716974887
      30
0
      10
10745.2274588973
      20
6927.95716974887
      30
0
      10
10745.2832394685
      20
6927.91888677477
      30
0
      10
10745.3390200398
      20
6927.88060380067
      30
0
      10
10745.3948006111
      20
6927.84232082657
      30
0
      10
10745.3948006111
      20
6927.84232082657
      30
0
      10
10745.4534240504
      20
6927.80766719789
      30
0
      10
10745.5120474896
      20
6927.7730135692
      30
0
      10
10745.5706709289
      20
6927.73835994052
      30
0
      10
10745.5706709289
      20
6927.73835994052
      30
0
      10
10746.6876369984
      20
6927.51985694502
      30
0
      10
10747.8046030679
      20
6927.30135394952
      30
0
      10
10748.9215691375
      20
6927.08285095401
      30
0
      10
10748.9215691375
      20
6927.08285095401
      30
0
      10
10748.5258428913
      20
6926.11666147286
      30
0
      10
10748.1301166451
      20
6925.15047199171
      30
0
      10
10747.7343903989
      20
6924.18428251055
      30
0
      10
10747.7343903989
      20
6924.18428251055
      30
0
      10
10748.633577875
      20
6924.96898155795
      30
0
      10
10749.532765351
      20
6925.75368060535
      30
0
      10
10750.4319528271
      20
6926.53837965275
      30
0
      10
10750.4319528271
      20
6926.53837965275
      30
0
      10
10750.8812960156
      20
6926.43277882306
      30
0
      10
10751.3306392041
      20
6926.32717799336
      30
0
      10
10751.7799823926
      20
6926.22157716367
      30
0
      10
10751.7799823926
      20
6926.22157716367
      30
0
      10
10751.0766975962
      20
6925.37457072872
      30
0
      10
10750.3734127998
      20
6924.52756429377
      30
0
      10
10749.6701280033
      20
6923.68055785882
      30
0
      10
10749.6701280033
      20
6923.68055785882
      30
0
      10
10749.4095290774
      20
6923.1609474531
      30
0
      10
10749.1489301515
      20
6922.64133704739
      30
0
      10
10748.8883312256
      20
6922.12172664167
      30
0
      10
10748.8883312256
      20
6922.12172664167
      30
0
      10
10749.1092313475
      20
6922.25449514354
      30
0
      10
10749.3301314694
      20
6922.3872636454
      30
0
      10
10749.5510315913
      20
6922.52003214727
      30
0
      10
10749.5510315913
      20
6922.52003214727
      30
0
      10
10750.4885228302
      20
6923.29718889762
      30
0
      10
10751.426014069
      20
6924.07434564797
      30
0
      10
10752.3635053078
      20
6924.85150239832
      30
0
      10
10752.3635053078
      20
6924.85150239832
      30
0
      10
10752.6277826848
      20
6925.03271323538
      30
0
      10
10752.8920600618
      20
6925.21392407244
      30
0
      10
10753.1563374388
      20
6925.3951349095
      30
0
      10
10753.1563374388
      20
6925.3951349095
      30
0
      10
10753.2122260622
      20
6925.42737550218
      30
0
      10
10753.2681146856
      20
6925.45961609486
      30
0
      10
10753.324003309
      20
6925.49185668754
      30
0
      10
10753.324003309
      20
6925.49185668754
      30
0
      10
10752.3483388613
      20
6923.54281843806
      30
0
      10
10751.3726744137
      20
6921.59378018858
      30
0
      10
10750.397009966
      20
6919.6447419391
      30
0
      10
10750.397009966
      20
6919.6447419391
      30
0
      10
10751.1052701544
      20
6920.1444373329
      30
0
      10
10751.8135303427
      20
6920.64413272671
      30
0
      10
10752.521790531
      20
6921.14382812051
      30
0
      10
10752.521790531
      20
6921.14382812051
      30
0
      10
10752.7529301805
      20
6921.3556557095
      30
0
      10
10752.98406983
      20
6921.56748329848
      30
0
      10
10753.2152094794
      20
6921.77931088747
      30
0
      10
10753.2152094794
      20
6921.77931088747
      30
0
      10
10753.3717872305
      20
6921.95225358123
      30
0
      10
10753.5283649815
      20
6922.12519627499
      30
0
      10
10753.6849427325
      20
6922.29813896876
      30
0
      10
10753.6849427325
      20
6922.29813896876
      30
0
      10
10753.779545132
      20
6922.42097551158
      30
0
      10
10753.8741475315
      20
6922.5438120544
      30
0
      10
10753.968749931
      20
6922.66664859722
      30
0
      10
10753.968749931
      20
6922.66664859722
      30
0
      10
10754.0544100187
      20
6922.79604122907
      30
0
      10
10754.1400701064
      20
6922.92543386093
      30
0
      10
10754.2257301941
      20
6923.05482649278
      30
0
      10
10754.2257301941
      20
6923.05482649278
      30
0
      10
10754.3014913139
      20
6923.19122345597
      30
0
      10
10754.3772524337
      20
6923.32762041917
      30
0
      10
10754.4530135535
      20
6923.46401738236
      30
0
      10
10754.4530135535
      20
6923.46401738236
      30
0
      10
10754.4868830465
      20
6923.53498256446
      30
0
      10
10754.5207525396
      20
6923.60594774656
      30
0
      10
10754.5546220326
      20
6923.67691292867
      30
0
      10
10754.5546220326
      20
6923.67691292867
      30
0
      10
10754.5856580389
      20
6923.74979728922
      30
0
      10
10754.6166940451
      20
6923.82268164977
      30
0
      10
10754.6477300514
      20
6923.89556601032
      30
0
      10
10754.6477300514
      20
6923.89556601032
      30
0
      10
10754.6758129886
      20
6923.97042557524
      30
0
      10
10754.7038959258
      20
6924.04528514018
      30
0
      10
10754.731978863
      20
6924.12014470511
      30
0
      10
10754.731978863
      20
6924.12014470511
      30
0
      10
10754.7569891492
      20
6924.19703550728
      30
0
      10
10754.7819994353
      20
6924.27392630945
      30
0
      10
10754.8070097215
      20
6924.35081711163
      30
0
      10
10754.8070097215
      20
6924.35081711163
      30
0
      10
10754.8288277727
      20
6924.42979518287
      30
0
      10
10754.850645824
      20
6924.50877325412
      30
0
      10
10754.8724638753
      20
6924.58775132537
      30
0
      10
10754.8724638753
      20
6924.58775132537
      30
0
      10
10755.2540023292
      20
6924.41237217421
      30
0
      10
10755.6355407831
      20
6924.23699302304
      30
0
      10
10756.017079237
      20
6924.06161387188
      30
0
      10
10756.017079237
      20
6924.06161387188
      30
0
      10
10755.8462747169
      20
6923.84642372763
      30
0
      10
10755.6754701969
      20
6923.63123358337
      30
0
      10
10755.5046656769
      20
6923.41604343912
      30
0
      10
10755.5046656769
      20
6923.41604343912
      30
0
      10
10755.3018872457
      20
6923.11326785336
      30
0
      10
10755.0991088145
      20
6922.8104922676
      30
0
      10
10754.8963303833
      20
6922.50771668183
      30
0
      10
10754.8963303833
      20
6922.50771668183
      30
0
      10
10754.0940038724
      20
6920.96589086735
      30
0
      10
10753.2916773615
      20
6919.42406505285
      30
0
      10
10752.4893508505
      20
6917.88223923836
      30
0
      10
10752.4893508505
      20
6917.88223923836
      30
0
      10
10752.3524238503
      20
6917.64486049605
      30
0
      10
10752.2154968501
      20
6917.40748175374
      30
0
      10
10752.0785698499
      20
6917.17010301143
      30
0
      10
10752.0785698499
      20
6917.17010301143
      30
0
      10
10753.0360498336
      20
6917.96343543684
      30
0
      10
10753.9935298174
      20
6918.75676786225
      30
0
      10
10754.9510098011
      20
6919.55010028766
      30
0
      10
10754.9510098011
      20
6919.55010028766
      30
0
      10
10755.1526180576
      20
6919.75347352183
      30
0
      10
10755.3542263141
      20
6919.956846756
      30
0
      10
10755.5558345706
      20
6920.16021999017
      30
0
      10
10755.5558345706
      20
6920.16021999017
      30
0
      10
10755.7424948102
      20
6920.37541359596
      30
0
      10
10755.9291550498
      20
6920.59060720175
      30
0
      10
10756.1158152894
      20
6920.80580080754
      30
0
      10
10756.1158152894
      20
6920.80580080754
      30
0
      10
10756.2301516341
      20
6920.95681468733
      30
0
      10
10756.3444879787
      20
6921.10782856713
      30
0
      10
10756.4588243234
      20
6921.25884244692
      30
0
      10
10756.4588243234
      20
6921.25884244692
      30
0
      10
10756.5638180631
      20
6921.41658672769
      30
0
      10
10756.6688118029
      20
6921.57433100847
      30
0
      10
10756.7738055426
      20
6921.73207528924
      30
0
      10
10756.7738055426
      20
6921.73207528924
      30
0
      10
10756.8683770599
      20
6921.89714073342
      30
0
      10
10756.9629485772
      20
6922.0622061776
      30
0
      10
10757.0575200946
      20
6922.22727162178
      30
0
      10
10757.0575200946
      20
6922.22727162178
      30
0
      10
10757.1005601416
      20
6922.31273439295
      30
0
      10
10757.1436001886
      20
6922.39819716413
      30
0
      10
10757.1866402356
      20
6922.48365993531
      30
0
      10
10757.1866402356
      20
6922.48365993531
      30
0
      10
10757.2266698694
      20
6922.57117453372
      30
0
      10
10757.2666995031
      20
6922.65868913213
      30
0
      10
10757.3067291368
      20
6922.74620373055
      30
0
      10
10757.3067291368
      20
6922.74620373055
      30
0
      10
10757.3436134051
      20
6922.83584400001
      30
0
      10
10757.3804976734
      20
6922.92548426948
      30
0
      10
10757.4173819418
      20
6923.01512453894
      30
0
      10
10757.4173819418
      20
6923.01512453894
      30
0
      10
10757.4509858973
      20
6923.10696432638
      30
0
      10
10757.4845898529
      20
6923.19880411381
      30
0
      10
10757.5181938085
      20
6923.29064390125
      30
0
      10
10757.5181938085
      20
6923.29064390125
      30
0
      10
10758.0491878416
      20
6923.0670055134
      30
0
      10
10758.5801818748
      20
6922.84336712555
      30
0
      10
10759.1111759079
      20
6922.6197287377
      30
0
      10
10759.1111759079
      20
6922.6197287377
      30
0
      10
10757.5779124789
      20
6920.46941980496
      30
0
      10
10756.0446490499
      20
6918.31911087221
      30
0
      10
10754.5113856209
      20
6916.16880193946
      30
0
      10
10754.5113856209
      20
6916.16880193946
      30
0
      10
10754.9791272576
      20
6916.40140614727
      30
0
      10
10755.4468688943
      20
6916.63401035507
      30
0
      10
10755.9146105311
      20
6916.86661456288
      30
0
      10
10755.9146105311
      20
6916.86661456288
      30
0
      10
10756.1873684172
      20
6917.02573893088
      30
0
      10
10756.4601263033
      20
6917.18486329889
      30
0
      10
10756.7328841894
      20
6917.34398766689
      30
0
      10
10756.7328841894
      20
6917.34398766689
      30
0
      10
10756.9952722466
      20
6917.51915107185
      30
0
      10
10757.2576603039
      20
6917.69431447681
      30
0
      10
10757.5200483611
      20
6917.86947788177
      30
0
      10
10757.5200483611
      20
6917.86947788177
      30
0
      10
10757.6874129203
      20
6917.99571665171
      30
0
      10
10757.8547774796
      20
6918.12195542166
      30
0
      10
10758.0221420388
      20
6918.2481941916
      30
0
      10
10758.0221420388
      20
6918.2481941916
      30
0
      10
10758.1821980846
      20
6918.38239030257
      30
0
      10
10758.3422541304
      20
6918.51658641354
      30
0
      10
10758.5023101762
      20
6918.6507825245
      30
0
      10
10758.5023101762
      20
6918.6507825245
      30
0
      10
10758.6539778343
      20
6918.79326753134
      30
0
      10
10758.8056454925
      20
6918.93575253818
      30
0
      10
10758.9573131507
      20
6919.07823754502
      30
0
      10
10758.9573131507
      20
6919.07823754502
      30
0
      10
10759.0995125373
      20
6919.22934299896
      30
0
      10
10759.2417119238
      20
6919.3804484529
      30
0
      10
10759.3839113104
      20
6919.53155390684
      30
0
      10
10759.3839113104
      20
6919.53155390684
      30
0
      10
10759.4511229401
      20
6919.61044291122
      30
0
      10
10759.5183345697
      20
6919.68933191559
      30
0
      10
10759.5855461994
      20
6919.76822091997
      30
0
      10
10759.5855461994
      20
6919.76822091997
      30
0
      10
10759.6499858072
      20
6919.84938936932
      30
0
      10
10759.7144254151
      20
6919.93055781867
      30
0
      10
10759.778865023
      20
6920.01172626802
      30
0
      10
10759.778865023
      20
6920.01172626802
      30
0
      10
10759.8403976237
      20
6920.09521560692
      30
0
      10
10759.9019302244
      20
6920.17870494583
      30
0
      10
10759.9634628251
      20
6920.26219428474
      30
0
      10
10759.9634628251
      20
6920.26219428474
      30
0
      10
10760.0219534336
      20
6920.34804595512
      30
0
      10
10760.080444042
      20
6920.43389762551
      30
0
      10
10760.1389346504
      20
6920.51974929589
      30
0
      10
10760.1389346504
      20
6920.51974929589
      30
0
      10
10760.1942482814
      20
6920.60800474246
      30
0
      10
10760.2495619123
      20
6920.69626018903
      30
0
      10
10760.3048755432
      20
6920.7845156356
      30
0
      10
10760.3048755432
      20
6920.7845156356
      30
0
      10
10760.3568772127
      20
6920.87521630471
      30
0
      10
10760.4088788821
      20
6920.96591697382
      30
0
      10
10760.4608805516
      20
6921.05661764293
      30
0
      10
10760.4608805516
      20
6921.05661764293
      30
0
      10
10760.5094352735
      20
6921.14980497557
      30
0
      10
10760.5579899955
      20
6921.2429923082
      30
0
      10
10760.6065447174
      20
6921.33617964084
      30
0
      10
10760.6065447174
      20
6921.33617964084
      30
0
      10
10760.6515175075
      20
6921.43189508067
      30
0
      10
10760.6964902975
      20
6921.52761052051
      30
0
      10
10760.7414630876
      20
6921.62332596034
      30
0
      10
10760.7414630876
      20
6921.62332596034
      30
0
      10
10760.7827189609
      20
6921.72161095435
      30
0
      10
10760.8239748343
      20
6921.81989594836
      30
0
      10
10760.8652307076
      20
6921.91818094237
      30
0
      10
10760.8652307076
      20
6921.91818094237
      30
0
      10
10760.90263468
      20
6922.0190769332
      30
0
      10
10760.9400386524
      20
6922.11997292403
      30
0
      10
10760.9774426248
      20
6922.22086891485
      30
0
      10
10760.9774426248
      20
6922.22086891485
      30
0
      10
10761.4514980075
      20
6922.08393614118
      30
0
      10
10761.9255533903
      20
6921.94700336751
      30
0
      10
10762.399608773
      20
6921.81007059384
      30
0
      10
10762.399608773
      20
6921.81007059384
      30
0
      10
10760.8026462501
      20
6919.62816599171
      30
0
      10
10759.2056837272
      20
6917.44626138958
      30
0
      10
10757.6087212043
      20
6915.26435678745
      30
0
      10
10757.6087212043
      20
6915.26435678745
      30
0
      10
10758.3106663162
      20
6915.55811479171
      30
0
      10
10759.0126114281
      20
6915.85187279598
      30
0
      10
10759.71455654
      20
6916.14563080024
      30
0
      10
10759.71455654
      20
6916.14563080024
      30
0
      10
10760.0118728679
      20
6916.3088160362
      30
0
      10
10760.3091891959
      20
6916.47200127215
      30
0
      10
10760.6065055238
      20
6916.63518650811
      30
0
      10
10760.6065055238
      20
6916.63518650811
      30
0
      10
10760.8186615818
      20
6916.77345288831
      30
0
      10
10761.0308176398
      20
6916.91171926851
      30
0
      10
10761.2429736978
      20
6917.0499856487
      30
0
      10
10761.2429736978
      20
6917.0499856487
      30
0
      10
10761.4432149389
      20
6917.20330851623
      30
0
      10
10761.6434561801
      20
6917.35663138375
      30
0
      10
10761.8436974212
      20
6917.50995425128
      30
0
      10
10761.8436974212
      20
6917.50995425128
      30
0
      10
10761.9694029319
      20
6917.62117742983
      30
0
      10
10762.0951084427
      20
6917.73240060837
      30
0
      10
10762.2208139534
      20
6917.84362378692
      30
0
      10
10762.2208139534
      20
6917.84362378692
      30
0
      10
10762.3394700249
      20
6917.9625035674
      30
0
      10
10762.4581260963
      20
6918.08138334787
      30
0
      10
10762.5767821678
      20
6918.20026312835
      30
0
      10
10762.5767821678
      20
6918.20026312835
      30
0
      10
10762.6876872192
      20
6918.32718543914
      30
0
      10
10762.7985922705
      20
6918.45410774994
      30
0
      10
10762.9094973219
      20
6918.58103006074
      30
0
      10
10762.9094973219
      20
6918.58103006074
      30
0
      10
10763.0119497661
      20
6918.71638083524
      30
0
      10
10763.1144022103
      20
6918.85173160973
      30
0
      10
10763.2168546545
      20
6918.98708238423
      30
0
      10
10763.2168546545
      20
6918.98708238423
      30
0
      10
10763.310152907
      20
6919.13124755154
      30
0
      10
10763.4034511594
      20
6919.27541271886
      30
0
      10
10763.4967494119
      20
6919.41957788618
      30
0
      10
10763.4967494119
      20
6919.41957788618
      30
0
      10
10763.8169930109
      20
6919.973698226
      30
0
      10
10764.1372366098
      20
6920.52781856583
      30
0
      10
10764.4574802088
      20
6921.08193890566
      30
0
      10
10764.4574802088
      20
6921.08193890566
      30
0
      10
10764.554316267
      20
6921.18881117389
      30
0
      10
10764.6511523252
      20
6921.29568344212
      30
0
      10
10764.7479883834
      20
6921.40255571034
      30
0
      10
10764.7479883834
      20
6921.40255571034
      30
0
      10
10764.8047166253
      20
6921.44663372382
      30
0
      10
10764.8614448671
      20
6921.4907117373
      30
0
      10
10764.9181731089
      20
6921.53478975077
      30
0
      10
10764.9181731089
      20
6921.53478975077
      30
0
      10
10764.9816567911
      20
6921.57123778376
      30
0
      10
10765.0451404733
      20
6921.60768581675
      30
0
      10
10765.1086241554
      20
6921.64413384974
      30
0
      10
10765.1086241554
      20
6921.64413384974
      30
0
      10
10765.1797747527
      20
6921.67190847809
      30
0
      10
10765.25092535
      20
6921.69968310643
      30
0
      10
10765.3220759472
      20
6921.72745773477
      30
0
      10
10765.3220759472
      20
6921.72745773477
      30
0
      10
10765.3853493638
      20
6921.74443672226
      30
0
      10
10765.4483602047
      20
6921.76244312586
      30
0
      10
10765.513382202
      20
6921.77258020153
      30
0
      10
10765.513382202
      20
6921.77258020153
      30
0
      10
10765.5293424397
      20
6921.77559717697
      30
0
      10
10765.5453026775
      20
6921.77861415241
      30
0
      10
10765.5612629152
      20
6921.78163112786
      30
0
      10
10765.5612629152
      20
6921.78163112786
      30
0
      10
10765.4751293787
      20
6921.51732375048
      30
0
      10
10765.3889958421
      20
6921.2530163731
      30
0
      10
10765.3028623056
      20
6920.98870899573
      30
0
      10
10765.3028623056
      20
6920.98870899573
      30
0
      10
10765.0992260472
      20
6920.55177247715
      30
0
      10
10764.8955897889
      20
6920.11483595857
      30
0
      10
10764.6919535305
      20
6919.67789943999
      30
0
      10
10764.6919535305
      20
6919.67789943999
      30
0
      10
10764.0075998164
      20
6918.63997310041
      30
0
      10
10763.3232461023
      20
6917.60204676084
      30
0
      10
10762.6388923882
      20
6916.56412042126
      30
0
      10
10762.6388923882
      20
6916.56412042126
      30
0
      10
10763.6918799669
      20
6917.33892137627
      30
0
      10
10764.7448675456
      20
6918.11372233128
      30
0
      10
10765.7978551242
      20
6918.88852328628
      30
0
      10
10765.7978551242
      20
6918.88852328628
      30
0
      10
10766.0481973832
      20
6919.12794895024
      30
0
      10
10766.2985396421
      20
6919.36737461419
      30
0
      10
10766.5488819011
      20
6919.60680027815
      30
0
      10
10766.5488819011
      20
6919.60680027815
      30
0
      10
10766.7219954907
      20
6919.80019738759
      30
0
      10
10766.8951090803
      20
6919.99359449703
      30
0
      10
10767.0682226699
      20
6920.18699160647
      30
0
      10
10767.0682226699
      20
6920.18699160647
      30
0
      10
10767.1754455645
      20
6920.32343524751
      30
0
      10
10767.2826684592
      20
6920.45987888855
      30
0
      10
10767.3898913538
      20
6920.59632252959
      30
0
      10
10767.3898913538
      20
6920.59632252959
      30
0
      10
10767.4898103973
      20
6920.73935309508
      30
0
      10
10767.5897294409
      20
6920.88238366056
      30
0
      10
10767.6896484845
      20
6921.02541422604
      30
0
      10
10767.6896484845
      20
6921.02541422604
      30
0
      10
10767.78161661
      20
6921.17552639998
      30
0
      10
10767.8735847356
      20
6921.32563857393
      30
0
      10
10767.9655528612
      20
6921.47575074787
      30
0
      10
10767.9655528612
      20
6921.47575074787
      30
0
      10
10768.0083531178
      20
6921.55361702923
      30
0
      10
10768.0511533744
      20
6921.63148331059
      30
0
      10
10768.0939536311
      20
6921.70934959196
      30
0
      10
10768.0939536311
      20
6921.70934959196
      30
0
      10
10768.0366028571
      20
6921.46407479667
      30
0
      10
10767.9792520831
      20
6921.21880000138
      30
0
      10
10767.9219013092
      20
6920.97352520609
      30
0
      10
10767.9219013092
      20
6920.97352520609
      30
0
      10
10767.8191466255
      20
6920.65668734182
      30
0
      10
10767.7163919418
      20
6920.33984947754
      30
0
      10
10767.6136372582
      20
6920.02301161326
      30
0
      10
10767.6136372582
      20
6920.02301161326
      30
0
      10
10767.4128536002
      20
6919.56679764814
      30
0
      10
10767.2120699423
      20
6919.11058368301
      30
0
      10
10767.0112862843
      20
6918.65436971789
      30
0
      10
10767.0112862843
      20
6918.65436971789
      30
0
      10
10766.3157243861
      20
6917.51661669633
      30
0
      10
10765.620162488
      20
6916.37886367477
      30
0
      10
10764.9246005898
      20
6915.24111065322
      30
0
      10
10764.9246005898
      20
6915.24111065322
      30
0
      10
10765.945385614
      20
6916.0490031561
      30
0
      10
10766.9661706382
      20
6916.85689565897
      30
0
      10
10767.9869556625
      20
6917.66478816185
      30
0
      10
10767.9869556625
      20
6917.66478816185
      30
0
      10
10768.3939182523
      20
6918.57337600449
      30
0
      10
10768.8008808421
      20
6919.48196384712
      30
0
      10
10769.2078434319
      20
6920.39055168976
      30
0
      10
10769.2078434319
      20
6920.39055168976
      30
0
      10
10769.3519900206
      20
6920.63554188486
      30
0
      10
10769.4961366093
      20
6920.88053207996
      30
0
      10
10769.640283198
      20
6921.12552227506
      30
0
      10
10769.640283198
      20
6921.12552227506
      30
0
      10
10769.6992287091
      20
6921.2015631205
      30
0
      10
10769.7581742201
      20
6921.27760396594
      30
0
      10
10769.8171197312
      20
6921.35364481138
      30
0
      10
10769.8171197312
      20
6921.35364481138
      30
0
      10
10769.8131709491
      20
6921.11354043063
      30
0
      10
10769.8092221671
      20
6920.87343604988
      30
0
      10
10769.805273385
      20
6920.63333166912
      30
0
      10
10769.805273385
      20
6920.63333166912
      30
0
      10
10769.7254890542
      20
6920.16595711363
      30
0
      10
10769.6457047233
      20
6919.69858255815
      30
0
      10
10769.5659203924
      20
6919.23120800266
      30
0
      10
10769.5659203924
      20
6919.23120800266
      30
0
      10
10769.2762981871
      20
6918.26055781928
      30
0
      10
10768.9866759819
      20
6917.28990763591
      30
0
      10
10768.6970537766
      20
6916.31925745254
      30
0
      10
10768.6970537766
      20
6916.31925745254
      30
0
      10
10768.7725183593
      20
6916.34625023063
      30
0
      10
10768.847982942
      20
6916.37324300873
      30
0
      10
10768.9234475247
      20
6916.40023578682
      30
0
      10
10768.9234475247
      20
6916.40023578682
      30
0
      10
10768.9936544143
      20
6916.43198413521
      30
0
      10
10769.063861304
      20
6916.46373248361
      30
0
      10
10769.1340681937
      20
6916.495480832
      30
0
      10
10769.1340681937
      20
6916.495480832
      30
0
      10
10769.1993655984
      20
6916.53166788065
      30
0
      10
10769.2646630032
      20
6916.56785492931
      30
0
      10
10769.329960408
      20
6916.60404197796
      30
0
      10
10769.329960408
      20
6916.60404197796
      30
0
      10
10769.3906965397
      20
6916.64435085268
      30
0
      10
10769.4514326714
      20
6916.68465972741
      30
0
      10
10769.5121688031
      20
6916.72496860213
      30
0
      10
10769.5121688031
      20
6916.72496860213
      30
0
      10
10769.5686918675
      20
6916.76908243331
      30
0
      10
10769.625214932
      20
6916.8131962645
      30
0
      10
10769.6817379965
      20
6916.85731009568
      30
0
      10
10769.6817379965
      20
6916.85731009568
      30
0
      10
10769.734396204
      20
6916.90491200924
      30
0
      10
10769.7870544115
      20
6916.95251392281
      30
0
      10
10769.8397126191
      20
6917.00011583637
      30
0
      10
10769.8397126191
      20
6917.00011583637
      30
0
      10
10769.8888541765
      20
6917.05088896174
      30
0
      10
10769.937995734
      20
6917.10166208711
      30
0
      10
10769.9871372914
      20
6917.15243521248
      30
0
      10
10769.9871372914
      20
6917.15243521248
      30
0
      10
10770.0331104103
      20
6917.20606268047
      30
0
      10
10770.0790835291
      20
6917.25969014845
      30
0
      10
10770.125056648
      20
6917.31331761643
      30
0
      10
10770.125056648
      20
6917.31331761643
      30
0
      10
10770.2088904011
      20
6917.42786808268
      30
0
      10
10770.2927241541
      20
6917.54241854892
      30
0
      10
10770.3765579072
      20
6917.65696901517
      30
0
      10
10770.3765579072
      20
6917.65696901517
      30
0
      10
10770.52152532
      20
6917.90637967259
      30
0
      10
10770.6664927328
      20
6918.15579033002
      30
0
      10
10770.8114601456
      20
6918.40520098745
      30
0
      10
10770.8114601456
      20
6918.40520098745
      30
0
      10
10771.0504164921
      20
6918.85396522936
      30
0
      10
10771.2893728386
      20
6919.30272947128
      30
0
      10
10771.5283291851
      20
6919.75149371319
      30
0
      10
10771.5283291851
      20
6919.75149371319
      30
0
      10
10771.6067376411
      20
6919.870228363
      30
0
      10
10771.6851460971
      20
6919.9889630128
      30
0
      10
10771.7635545531
      20
6920.10769766261
      30
0
      10
10771.7635545531
      20
6920.10769766261
      30
0
      10
10771.8061890294
      20
6920.16390001135
      30
0
      10
10771.8488235057
      20
6920.22010236009
      30
0
      10
10771.8914579819
      20
6920.27630470883
      30
0
      10
10771.8914579819
      20
6920.27630470883
      30
0
      10
10771.9368435665
      20
6920.32997457764
      30
0
      10
10771.982229151
      20
6920.38364444645
      30
0
      10
10772.0276147355
      20
6920.43731431526
      30
0
      10
10772.0276147355
      20
6920.43731431526
      30
0
      10
10772.0760996384
      20
6920.48813483202
      30
0
      10
10772.1245845414
      20
6920.53895534878
      30
0
      10
10772.1730694443
      20
6920.58977586554
      30
0
      10
10772.1730694443
      20
6920.58977586554
      30
0
      10
10772.2250018754
      20
6920.63743015835
      30
0
      10
10772.2769343066
      20
6920.68508445116
      30
0
      10
10772.3288667377
      20
6920.73273874397
      30
0
      10
10772.3288667377
      20
6920.73273874397
      30
0
      10
10772.384594905
      20
6920.77690994227
      30
0
      10
10772.4403230723
      20
6920.82108114057
      30
0
      10
10772.4960512396
      20
6920.86525233888
      30
0
      10
10772.4960512396
      20
6920.86525233888
      30
0
      10
10772.5559233501
      20
6920.90562356963
      30
0
      10
10772.6157954607
      20
6920.94599480039
      30
0
      10
10772.6756675712
      20
6920.98636603114
      30
0
      10
10772.6756675712
      20
6920.98636603114
      30
0
      10
10772.6156173533
      20
6920.79785343119
      30
0
      10
10772.5555671355
      20
6920.60934083123
      30
0
      10
10772.4955169176
      20
6920.42082823127
      30
0
      10
10772.4955169176
      20
6920.42082823127
      30
0
      10
10772.4251774103
      20
6920.2376854497
      30
0
      10
10772.354837903
      20
6920.05454266813
      30
0
      10
10772.2844983957
      20
6919.87139988656
      30
0
      10
10772.2844983957
      20
6919.87139988656
      30
0
      10
10772.2046215673
      20
6919.69334558074
      30
0
      10
10772.1247447389
      20
6919.51529127492
      30
0
      10
10772.0448679104
      20
6919.33723696911
      30
0
      10
10772.0448679104
      20
6919.33723696911
      30
0
      10
10771.9088151234
      20
6919.0790809647
      30
0
      10
10771.7727623363
      20
6918.82092496029
      30
0
      10
10771.6367095492
      20
6918.56276895588
      30
0
      10
10771.6367095492
      20
6918.56276895588
      30
0
      10
10771.4834276152
      20
6918.31447947212
      30
0
      10
10771.3301456811
      20
6918.06618998836
      30
0
      10
10771.1768637471
      20
6917.8179005046
      30
0
      10
10771.1768637471
      20
6917.8179005046
      30
0
      10
10770.8899999042
      20
6917.42343132208
      30
0
      10
10770.6031360614
      20
6917.02896213957
      30
0
      10
10770.3162722185
      20
6916.63449295706
      30
0
      10
10770.3162722185
      20
6916.63449295706
      30
0
      10
10769.531607177
      20
6915.76252058326
      30
0
      10
10768.7469421354
      20
6914.89054820947
      30
0
      10
10767.9622770939
      20
6914.01857583567
      30
0
      10
10767.9622770939
      20
6914.01857583567
      30
0
      10
10769.0624143229
      20
6914.5431862352
      30
0
      10
10770.162551552
      20
6915.06779663473
      30
0
      10
10771.262688781
      20
6915.59240703425
      30
0
      10
10771.262688781
      20
6915.59240703425
      30
0
      10
10771.4605497357
      20
6915.7543460436
      30
0
      10
10771.6584106904
      20
6915.91628505295
      30
0
      10
10771.8562716451
      20
6916.0782240623
      30
0
      10
10771.8562716451
      20
6916.0782240623
      30
0
      10
10771.9043209698
      20
6916.1212745875
      30
0
      10
10771.9523702944
      20
6916.1643251127
      30
0
      10
10772.0004196191
      20
6916.2073756379
      30
0
      10
10772.0004196191
      20
6916.2073756379
      30
0
      10
10772.0448711758
      20
6916.25323807612
      30
0
      10
10772.0893227326
      20
6916.29910051434
      30
0
      10
10772.1337742893
      20
6916.34496295256
      30
0
      10
10772.1337742893
      20
6916.34496295256
      30
0
      10
10772.174939401
      20
6916.39338458943
      30
0
      10
10772.2161045127
      20
6916.44180622629
      30
0
      10
10772.2572696244
      20
6916.49022786316
      30
0
      10
10772.2572696244
      20
6916.49022786316
      30
0
      10
10772.3309857962
      20
6916.59373786258
      30
0
      10
10772.4047019679
      20
6916.697247862
      30
0
      10
10772.4784181397
      20
6916.80075786142
      30
0
      10
10772.4784181397
      20
6916.80075786142
      30
0
      10
10772.5721270904
      20
6916.96889892083
      30
0
      10
10772.6658360411
      20
6917.13703998024
      30
0
      10
10772.7595449917
      20
6917.30518103965
      30
0
      10
10772.7595449917
      20
6917.30518103965
      30
0
      10
10773.0269217326
      20
6917.89511087452
      30
0
      10
10773.2942984734
      20
6918.48504070938
      30
0
      10
10773.5616752143
      20
6919.07497054424
      30
0
      10
10773.5616752143
      20
6919.07497054424
      30
0
      10
10773.6255246714
      20
6919.18323221322
      30
0
      10
10773.6893741284
      20
6919.2914938822
      30
0
      10
10773.7532235855
      20
6919.39975555118
      30
0
      10
10773.7532235855
      20
6919.39975555118
      30
0
      10
10773.7884686702
      20
6919.45102819123
      30
0
      10
10773.8237137549
      20
6919.50230083127
      30
0
      10
10773.8589588395
      20
6919.55357347132
      30
0
      10
10773.8589588395
      20
6919.55357347132
      30
0
      10
10773.8968325881
      20
6919.60260369159
      30
0
      10
10773.9347063367
      20
6919.65163391185
      30
0
      10
10773.9725800853
      20
6919.70066413212
      30
0
      10
10773.9725800853
      20
6919.70066413212
      30
0
      10
10774.0133938225
      20
6919.74719921648
      30
0
      10
10774.0542075597
      20
6919.79373430084
      30
0
      10
10774.0950212969
      20
6919.8402693852
      30
0
      10
10774.0950212969
      20
6919.8402693852
      30
0
      10
10774.1390863397
      20
6919.88405661773
      30
0
      10
10774.1831513825
      20
6919.92784385026
      30
0
      10
10774.2272164254
      20
6919.97163108279
      30
0
      10
10774.2272164254
      20
6919.97163108279
      30
0
      10
10774.2748441
      20
6920.01241774684
      30
0
      10
10774.3224717747
      20
6920.05320441088
      30
0
      10
10774.3700994494
      20
6920.09399107493
      30
0
      10
10774.3700994494
      20
6920.09399107493
      30
0
      10
10774.4216010752
      20
6920.13152445177
      30
0
      10
10774.473102701
      20
6920.16905782862
      30
0
      10
10774.5246043268
      20
6920.20659120546
      30
0
      10
10774.5246043268
      20
6920.20659120546
      30
0
      10
10774.5802912266
      20
6920.2406185798
      30
0
      10
10774.6359781265
      20
6920.27464595414
      30
0
      10
10774.6916650263
      20
6920.30867332849
      30
0
      10
10774.6916650263
      20
6920.30867332849
      30
0
      10
10774.7518485205
      20
6920.3389419849
      30
0
      10
10774.8120320147
      20
6920.36921064132
      30
0
      10
10774.8722155089
      20
6920.39947929773
      30
0
      10
10774.8722155089
      20
6920.39947929773
      30
0
      10
10774.9372069206
      20
6920.42573651908
      30
0
      10
10775.0021983322
      20
6920.45199374043
      30
0
      10
10775.0671897439
      20
6920.47825096178
      30
0
      10
10775.0671897439
      20
6920.47825096178
      30
0
      10
10774.974639481
      20
6920.10804357392
      30
0
      10
10774.882089218
      20
6919.73783618606
      30
0
      10
10774.789538955
      20
6919.3676287982
      30
0
      10
10774.789538955
      20
6919.3676287982
      30
0
      10
10774.6382532241
      20
6918.91732831867
      30
0
      10
10774.4869674932
      20
6918.46702783914
      30
0
      10
10774.3356817623
      20
6918.0167273596
      30
0
      10
10774.3356817623
      20
6918.0167273596
      30
0
      10
10774.1070389611
      20
6917.49524853004
      30
0
      10
10773.8783961598
      20
6916.97376970048
      30
0
      10
10773.6497533585
      20
6916.45229087092
      30
0
      10
10773.6497533585
      20
6916.45229087092
      30
0
      10
10773.3265179029
      20
6915.8709402801
      30
0
      10
10773.0032824473
      20
6915.28958968928
      30
0
      10
10772.6800469917
      20
6914.70823909846
      30
0
      10
10772.6800469917
      20
6914.70823909846
      30
0
      10
10772.306098396
      20
6914.15721549766
      30
0
      10
10771.9321498004
      20
6913.60619189685
      30
0
      10
10771.5582012047
      20
6913.05516829604
      30
0
      10
10771.5582012047
      20
6913.05516829604
      30
0
      10
10772.8751071671
      20
6914.04982225371
      30
0
      10
10774.1920131295
      20
6915.04447621138
      30
0
      10
10775.5089190918
      20
6916.03913016906
      30
0
      10
10775.5089190918
      20
6916.03913016906
      30
0
      10
10775.6121974393
      20
6916.13527355604
      30
0
      10
10775.7154757868
      20
6916.23141694303
      30
0
      10
10775.8187541343
      20
6916.32756033002
      30
0
      10
10775.8187541343
      20
6916.32756033002
      30
0
      10
10775.9596131923
      20
6916.50874718261
      30
0
      10
10776.1004722504
      20
6916.6899340352
      30
0
      10
10776.2413313084
      20
6916.8711208878
      30
0
      10
10776.2413313084
      20
6916.8711208878
      30
0
      10
10776.6495970139
      20
6917.751020664
      30
0
      10
10777.0578627194
      20
6918.63092044021
      30
0
      10
10777.4661284249
      20
6919.51082021642
      30
0
      10
10777.4661284249
      20
6919.51082021642
      30
0
      10
10777.9780506015
      20
6919.63602308118
      30
0
      10
10778.489972778
      20
6919.76122594594
      30
0
      10
10779.0018949545
      20
6919.8864288107
      30
0
      10
10779.0018949545
      20
6919.8864288107
      30
0
      10
10777.7783079112
      20
6917.74971592768
      30
0
      10
10776.5547208679
      20
6915.61300304465
      30
0
      10
10775.3311338247
      20
6913.47629016163
      30
0
      10
10775.3311338247
      20
6913.47629016163
      30
0
      10
10776.2871653329
      20
6914.13610383036
      30
0
      10
10777.2431968411
      20
6914.79591749909
      30
0
      10
10778.1992283494
      20
6915.45573116782
      30
0
      10
10778.1992283494
      20
6915.45573116782
      30
0
      10
10778.3480272352
      20
6915.59386595336
      30
0
      10
10778.4968261211
      20
6915.73200073889
      30
0
      10
10778.6456250069
      20
6915.87013552443
      30
0
      10
10778.6456250069
      20
6915.87013552443
      30
0
      10
10778.7800600056
      20
6916.02102830284
      30
0
      10
10778.9144950042
      20
6916.17192108124
      30
0
      10
10779.0489300028
      20
6916.32281385965
      30
0
      10
10779.0489300028
      20
6916.32281385965
      30
0
      10
10779.1289521193
      20
6916.43170433083
      30
0
      10
10779.2089742357
      20
6916.540594802
      30
0
      10
10779.2889963521
      20
6916.64948527318
      30
0
      10
10779.2889963521
      20
6916.64948527318
      30
0
      10
10779.360202601
      20
6916.76585722827
      30
0
      10
10779.4314088499
      20
6916.88222918336
      30
0
      10
10779.5026150988
      20
6916.99860113845
      30
0
      10
10779.5026150988
      20
6916.99860113845
      30
0
      10
10779.5640327144
      20
6917.12317908612
      30
0
      10
10779.62545033
      20
6917.24775703379
      30
0
      10
10779.6868679456
      20
6917.37233498146
      30
0
      10
10779.6868679456
      20
6917.37233498146
      30
0
      10
10779.9842957234
      20
6917.92951796565
      30
0
      10
10780.2817235013
      20
6918.48670094984
      30
0
      10
10780.5791512791
      20
6919.04388393402
      30
0
      10
10780.5791512791
      20
6919.04388393402
      30
0
      10
10780.6707103803
      20
6919.12576332377
      30
0
      10
10780.7622694814
      20
6919.20764271351
      30
0
      10
10780.8538285825
      20
6919.28952210325
      30
0
      10
10780.8538285825
      20
6919.28952210325
      30
0
      10
10780.9376139238
      20
6919.33609127956
      30
0
      10
10781.0213992651
      20
6919.38266045587
      30
0
      10
10781.1051846064
      20
6919.42922963218
      30
0
      10
10781.1051846064
      20
6919.42922963218
      30
0
      10
10781.1695253042
      20
6919.45187958655
      30
0
      10
10781.2338660019
      20
6919.47452954091
      30
0
      10
10781.2982066997
      20
6919.49717949527
      30
0
      10
10781.2982066997
      20
6919.49717949527
      30
0
      10
10780.7039165731
      20
6918.26786969431
      30
0
      10
10780.1096264465
      20
6917.03855989336
      30
0
      10
10779.5153363199
      20
6915.8092500924
      30
0
      10
10779.5153363199
      20
6915.8092500924
      30
0
      10
10780.4763131913
      20
6916.30528773285
      30
0
      10
10781.4372900627
      20
6916.80132537331
      30
0
      10
10782.3982669341
      20
6917.29736301376
      30
0
      10
10782.3982669341
      20
6917.29736301376
      30
0
      10
10782.4559066427
      20
6916.79777432144
      30
0
      10
10782.5135463512
      20
6916.29818562911
      30
0
      10
10782.5711860597
      20
6915.79859693679
      30
0
      10
10782.5711860597
      20
6915.79859693679
      30
0
      10
10781.0306391799
      20
6914.33402597922
      30
0
      10
10779.4900923001
      20
6912.86945502166
      30
0
      10
10777.9495454204
      20
6911.4048840641
      30
0
      10
10777.9495454204
      20
6911.4048840641
      30
0
      10
10778.2956065049
      20
6911.47424159124
      30
0
      10
10778.6416675895
      20
6911.54359911837
      30
0
      10
10778.987728674
      20
6911.61295664551
      30
0
      10
10778.987728674
      20
6911.61295664551
      30
0
      10
10779.3215189778
      20
6911.72161459998
      30
0
      10
10779.6553092817
      20
6911.83027255446
      30
0
      10
10779.9890995855
      20
6911.93893050893
      30
0
      10
10779.9890995855
      20
6911.93893050893
      30
0
      10
10780.3075210888
      20
6912.08489603769
      30
0
      10
10780.6259425921
      20
6912.23086156644
      30
0
      10
10780.9443640954
      20
6912.3768270952
      30
0
      10
10780.9443640954
      20
6912.3768270952
      30
0
      10
10781.2443187829
      20
6912.55810735212
      30
0
      10
10781.5442734704
      20
6912.73938760904
      30
0
      10
10781.8442281579
      20
6912.92066786596
      30
0
      10
10781.8442281579
      20
6912.92066786596
      30
0
      10
10782.1226180109
      20
6913.1352699965
      30
0
      10
10782.4010078639
      20
6913.34987212705
      30
0
      10
10782.679397717
      20
6913.56447425759
      30
0
      10
10782.679397717
      20
6913.56447425759
      30
0
      10
10782.8845010495
      20
6913.75880851877
      30
0
      10
10783.0896043821
      20
6913.95314277994
      30
0
      10
10783.2947077146
      20
6914.14747704111
      30
0
      10
10783.2947077146
      20
6914.14747704111
      30
0
      10
10783.3335846023
      20
6914.19117067631
      30
0
      10
10783.37246149
      20
6914.23486431151
      30
0
      10
10783.4113383777
      20
6914.27855794672
      30
0
      10
10783.4113383777
      20
6914.27855794672
      30
0
      10
10783.4522936102
      20
6914.31921067284
      30
0
      10
10783.4932488427
      20
6914.35986339896
      30
0
      10
10783.5342040752
      20
6914.40051612508
      30
0
      10
10783.5342040752
      20
6914.40051612508
      30
0
      10
10783.6216825865
      20
6914.47365525878
      30
0
      10
10783.7091610978
      20
6914.54679439247
      30
0
      10
10783.7966396091
      20
6914.61993352617
      30
0
      10
10783.7966396091
      20
6914.61993352617
      30
0
      10
10783.9392762555
      20
6914.71281293906
      30
0
      10
10784.0819129018
      20
6914.80569235195
      30
0
      10
10784.2245495481
      20
6914.89857176484
      30
0
      10
10784.2245495481
      20
6914.89857176484
      30
0
      10
10784.8470805641
      20
6915.19007933778
      30
0
      10
10785.4696115801
      20
6915.48158691071
      30
0
      10
10786.0921425961
      20
6915.77309448365
      30
0
      10
10786.0921425961
      20
6915.77309448365
      30
0
      10
10786.2382603188
      20
6915.85824745833
      30
0
      10
10786.3843780416
      20
6915.94340043301
      30
0
      10
10786.5304957643
      20
6916.02855340769
      30
0
      10
10786.5304957643
      20
6916.02855340769
      30
0
      10
10786.6210685695
      20
6916.09482459502
      30
0
      10
10786.7116413746
      20
6916.16109578236
      30
0
      10
10786.8022141798
      20
6916.22736696969
      30
0
      10
10786.8022141798
      20
6916.22736696969
      30
0
      10
10786.8857594491
      20
6916.303471796
      30
0
      10
10786.9693047184
      20
6916.37957662231
      30
0
      10
10787.0528499877
      20
6916.45568144861
      30
0
      10
10787.0528499877
      20
6916.45568144861
      30
0
      10
10787.0915704253
      20
6916.49801922726
      30
0
      10
10787.1302908628
      20
6916.54035700591
      30
0
      10
10787.1690113003
      20
6916.58269478456
      30
0
      10
10787.1690113003
      20
6916.58269478456
      30
0
      10
10787.2054746039
      20
6916.62820827444
      30
0
      10
10787.2419379076
      20
6916.67372176432
      30
0
      10
10787.2784012112
      20
6916.7192352542
      30
0
      10
10787.2784012112
      20
6916.7192352542
      30
0
      10
10787.3124406367
      20
6916.76816355752
      30
0
      10
10787.3464800622
      20
6916.81709186083
      30
0
      10
10787.3805194877
      20
6916.86602016415
      30
0
      10
10787.3805194877
      20
6916.86602016415
      30
0
      10
10787.8899306474
      20
6917.70979248773
      30
0
      10
10788.3993418071
      20
6918.55356481131
      30
0
      10
10788.9087529668
      20
6919.39733713489
      30
0
      10
10788.9087529668
      20
6919.39733713489
      30
0
      10
10789.1695566918
      20
6919.9688099736
      30
0
      10
10789.4303604169
      20
6920.54028281231
      30
0
      10
10789.691164142
      20
6921.11175565102
      30
0
      10
10789.691164142
      20
6921.11175565102
      30
0
      10
10789.8636233349
      20
6921.62059156678
      30
0
      10
10790.0360825279
      20
6922.12942748255
      30
0
      10
10790.2085417209
      20
6922.63826339831
      30
0
      10
10790.2085417209
      20
6922.63826339831
      30
0
      10
10790.2930081311
      20
6922.9863704756
      30
0
      10
10790.3774745412
      20
6923.33447755289
      30
0
      10
10790.4619409514
      20
6923.68258463018
      30
0
      10
10790.4619409514
      20
6923.68258463018
      30
0
      10
10790.4788958153
      20
6923.77065210979
      30
0
      10
10790.4958506793
      20
6923.85871958939
      30
0
      10
10790.5128055432
      20
6923.94678706899
      30
0
      10
10790.5128055432
      20
6923.94678706899
      30
0
      10
10790.5298599212
      20
6924.08335595059
      30
0
      10
10790.5469142992
      20
6924.21992483219
      30
0
      10
10790.5639686772
      20
6924.35649371379
      30
0
      10
10790.5639686772
      20
6924.35649371379
      30
0
      10
10790.5613725068
      20
6924.4904684057
      30
0
      10
10790.5587763364
      20
6924.6244430976
      30
0
      10
10790.5561801659
      20
6924.75841778951
      30
0
      10
10790.5561801659
      20
6924.75841778951
      30
0
      10
10790.5264282751
      20
6924.93291760944
      30
0
      10
10790.4966763842
      20
6925.10741742938
      30
0
      10
10790.4669244933
      20
6925.28191724931
      30
0
      10
10790.4669244933
      20
6925.28191724931
      30
0
      10
10790.3187228249
      20
6925.65661821009
      30
0
      10
10790.1705211565
      20
6926.03131917087
      30
0
      10
10790.022319488
      20
6926.40602013165
      30
0
      10
10790.022319488
      20
6926.40602013165
      30
0
      10
10789.7924452074
      20
6926.79172302037
      30
0
      10
10789.5625709267
      20
6927.17742590909
      30
0
      10
10789.3326966461
      20
6927.5631287978
      30
0
      10
10789.3326966461
      20
6927.5631287978
      30
0
      10
10787.6754229603
      20
6930.13218587074
      30
0
      10
10786.0181492745
      20
6932.70124294367
      30
0
      10
10784.3608755887
      20
6935.27030001661
      30
0
      10
10784.3608755887
      20
6935.27030001661
      30
0
      10
10784.2518389005
      20
6935.41584656568
      30
0
      10
10784.1428022122
      20
6935.56139311475
      30
0
      10
10784.033765524
      20
6935.70693966382
      30
0
      10
10784.033765524
      20
6935.70693966382
      30
0
      10
10783.9161857906
      20
6935.84296651505
      30
0
      10
10783.7986060573
      20
6935.97899336628
      30
0
      10
10783.6810263239
      20
6936.11502021752
      30
0
      10
10783.6810263239
      20
6936.11502021752
      30
0
      10
10783.5558348067
      20
6936.24254449787
      30
0
      10
10783.4306432895
      20
6936.37006877823
      30
0
      10
10783.3054517723
      20
6936.49759305859
      30
0
      10
10783.3054517723
      20
6936.49759305859
      30
0
      10
10783.1054295362
      20
6936.67516213467
      30
0
      10
10782.9054073
      20
6936.85273121076
      30
0
      10
10782.7053850639
      20
6937.03030028685
      30
0
      10
10782.7053850639
      20
6937.03030028685
      30
0
      10
10782.2728190979
      20
6937.34864298176
      30
0
      10
10781.8402531319
      20
6937.66698567666
      30
0
      10
10781.4076871659
      20
6937.98532837157
      30
0
      10
10781.4076871659
      20
6937.98532837157
      30
0
      10
10780.354680861
      20
6938.67380169829
      30
0
      10
10779.3016745561
      20
6939.362275025
      30
0
      10
10778.2486682512
      20
6940.05074835172
      30
0
      10
10778.2486682512
      20
6940.05074835172
      30
0
      10
10778.175645912
      20
6940.10226566188
      30
0
      10
10778.1026235727
      20
6940.15378297205
      30
0
      10
10778.0296012335
      20
6940.20530028221
      30
0
      10
10778.0296012335
      20
6940.20530028221
      30
0
      10
10777.9550595403
      20
6940.2533766706
      30
0
      10
10777.880517847
      20
6940.30145305899
      30
0
      10
10777.8059761538
      20
6940.34952944739
      30
0
      10
10777.8059761538
      20
6940.34952944739
      30
0
      10
10777.6527488954
      20
6940.43629935807
      30
0
      10
10777.499521637
      20
6940.52306926875
      30
0
      10
10777.3462943786
      20
6940.60983917943
      30
0
      10
10777.3462943786
      20
6940.60983917943
      30
0
      10
10777.1882322648
      20
6940.68566508731
      30
0
      10
10777.0301701511
      20
6940.76149099518
      30
0
      10
10776.8721080373
      20
6940.83731690306
      30
0
      10
10776.8721080373
      20
6940.83731690306
      30
0
      10
10776.6277615729
      20
6940.93464779323
      30
0
      10
10776.3834151085
      20
6941.03197868341
      30
0
      10
10776.1390686442
      20
6941.12930957358
      30
0
      10
10776.1390686442
      20
6941.12930957358
      30
0
      10
10775.0442678402
      20
6941.47017630817
      30
0
      10
10773.9494670362
      20
6941.81104304276
      30
0
      10
10772.8546662322
      20
6942.15190977734
      30
0
      10
10772.8546662322
      20
6942.15190977734
      30
0
      10
10772.6094590508
      20
6942.24761794587
      30
0
      10
10772.3642518694
      20
6942.3433261144
      30
0
      10
10772.119044688
      20
6942.43903428292
      30
0
      10
10772.119044688
      20
6942.43903428292
      30
0
      10
10771.9602294464
      20
6942.51344030576
      30
0
      10
10771.8014142048
      20
6942.58784632859
      30
0
      10
10771.6425989632
      20
6942.66225235142
      30
0
      10
10771.6425989632
      20
6942.66225235142
      30
0
      10
10771.4884751232
      20
6942.74733192336
      30
0
      10
10771.3343512832
      20
6942.83241149529
      30
0
      10
10771.1802274432
      20
6942.91749106723
      30
0
      10
10771.1802274432
      20
6942.91749106723
      30
0
      10
10769.3009143563
      20
6944.53115884689
      30
0
      10
10767.4216012693
      20
6946.14482662655
      30
0
      10
10765.5422881824
      20
6947.75849440621
      30
0
      10
10765.5422881824
      20
6947.75849440621
      30
0
      10
10764.5206599367
      20
6948.32836017921
      30
0
      10
10763.4990316911
      20
6948.89822595221
      30
0
      10
10762.4774034455
      20
6949.46809172521
      30
0
      10
10762.4774034455
      20
6949.46809172521
      30
0
      10
10762.4431794748
      20
6949.49235057546
      30
0
      10
10762.4089555041
      20
6949.5166094257
      30
0
      10
10762.3747315334
      20
6949.54086827595
      30
0
      10
10762.3747315334
      20
6949.54086827595
      30
0
      10
10758.4630564263
      20
6952.28153898014
      30
0
      10
10754.5513813193
      20
6955.02220968433
      30
0
      10
10750.6397062122
      20
6957.76288038852
      30
0
      10
10750.6397062122
      20
6957.76288038852
      30
0
      10
10749.5067564073
      20
6958.6262437377
      30
0
      10
10748.3738066024
      20
6959.48960708688
      30
0
      10
10747.2408567975
      20
6960.35297043606
      30
0
      10
10747.2408567975
      20
6960.35297043606
      30
0
      10
10746.9247795513
      20
6960.66468349885
      30
0
      10
10746.6087023052
      20
6960.97639656164
      30
0
      10
10746.292625059
      20
6961.28810962443
      30
0
      10
10746.292625059
      20
6961.28810962443
      30
0
      10
10746.0621513152
      20
6961.55842210409
      30
0
      10
10745.8316775713
      20
6961.82873458374
      30
0
      10
10745.6012038275
      20
6962.09904706339
      30
0
      10
10745.6012038275
      20
6962.09904706339
      30
0
      10
10745.4440317903
      20
6962.31583782238
      30
0
      10
10745.2868597531
      20
6962.53262858136
      30
0
      10
10745.129687716
      20
6962.74941934035
      30
0
      10
10745.129687716
      20
6962.74941934035
      30
0
      10
10745.0806174795
      20
6962.82459401501
      30
0
      10
10745.0315472431
      20
6962.89976868967
      30
0
      10
10744.9824770067
      20
6962.97494336433
      30
0
      10
10744.9824770067
      20
6962.97494336433
      30
0
      10
10744.9438585252
      20
6963.04334361967
      30
0
      10
10744.9052400438
      20
6963.11174387501
      30
0
      10
10744.8666215623
      20
6963.18014413036
      30
0
      10
10744.8666215623
      20
6963.18014413036
      30
0
      10
10744.8245593919
      20
6963.24383268513
      30
0
      10
10744.7824972214
      20
6963.30752123989
      30
0
      10
10744.740435051
      20
6963.37120979466
      30
0
      10
10744.740435051
      20
6963.37120979466
      30
0
      10
10744.6951045154
      20
6963.43039477096
      30
0
      10
10744.6497739797
      20
6963.48957974726
      30
0
      10
10744.6044434441
      20
6963.54876472356
      30
0
      10
10744.6044434441
      20
6963.54876472356
      30
0
      10
10744.5560198672
      20
6963.60365423822
      30
0
      10
10744.5075962903
      20
6963.65854375288
      30
0
      10
10744.4591727133
      20
6963.71343326753
      30
0
      10
10744.4591727133
      20
6963.71343326753
      30
0
      10
10744.407831421
      20
6963.76423544349
      30
0
      10
10744.3564901287
      20
6963.81503761944
      30
0
      10
10744.3051488363
      20
6963.8658397954
      30
0
      10
10744.3051488363
      20
6963.8658397954
      30
0
      10
10744.2510651482
      20
6963.91276275103
      30
0
      10
10744.1969814601
      20
6963.95968570666
      30
0
      10
10744.142897772
      20
6964.00660866229
      30
0
      10
10744.142897772
      20
6964.00660866229
      30
0
      10
10744.0862470168
      20
6964.0498605166
      30
0
      10
10744.0295962616
      20
6964.09311237091
      30
0
      10
10743.9729455064
      20
6964.13636422522
      30
0
      10
10743.9729455064
      20
6964.13636422522
      30
0
      10
10743.9139030064
      20
6964.17615310053
      30
0
      10
10743.8548605063
      20
6964.21594197585
      30
0
      10
10743.7958180062
      20
6964.25573085116
      30
0
      10
10743.7958180062
      20
6964.25573085116
      30
0
      10
10743.7345590843
      20
6964.292264867
      30
0
      10
10743.6733001624
      20
6964.32879888284
      30
0
      10
10743.6120412404
      20
6964.36533289868
      30
0
      10
10743.6120412404
      20
6964.36533289868
      30
0
      10
10743.5487412247
      20
6964.39882017278
      30
0
      10
10743.4854412091
      20
6964.43230744689
      30
0
      10
10743.4221411934
      20
6964.465794721
      30
0
      10
10743.4221411934
      20
6964.465794721
      30
0
      10
10743.2901191651
      20
6964.52446153116
      30
0
      10
10743.1580971369
      20
6964.58312834132
      30
0
      10
10743.0260751086
      20
6964.64179515148
      30
0
      10
10743.0260751086
      20
6964.64179515148
      30
0
      10
10742.8879925849
      20
6964.69077244081
      30
0
      10
10742.7499100611
      20
6964.73974973013
      30
0
      10
10742.6118275374
      20
6964.78872701945
      30
0
      10
10742.6118275374
      20
6964.78872701945
      30
0
      10
10742.249311073
      20
6964.87970488746
      30
0
      10
10741.8867946087
      20
6964.97068275547
      30
0
      10
10741.5242781443
      20
6965.06166062349
      30
0
      10
10741.5242781443
      20
6965.06166062349
      30
0
      10
10740.7995715868
      20
6965.19721583729
      30
0
      10
10740.0748650293
      20
6965.33277105111
      30
0
      10
10739.3501584718
      20
6965.46832626492
      30
0
      10
10739.3501584718
      20
6965.46832626492
      30
0
      10
10739.3049236349
      20
6966.40962813844
      30
0
      10
10739.2596887981
      20
6967.35093001196
      30
0
      10
10739.2144539612
      20
6968.29223188548
      30
0
      10
10739.2144539612
      20
6968.29223188548
      30
0
      10
10739.1732637935
      20
6968.50596388159
      30
0
      10
10739.1320736258
      20
6968.7196958777
      30
0
      10
10739.0908834582
      20
6968.93342787382
      30
0
      10
10739.0908834582
      20
6968.93342787382
      30
0
      10
10739.0580510014
      20
6969.03632583875
      30
0
      10
10739.0252185447
      20
6969.13922380369
      30
0
      10
10738.992386088
      20
6969.24212176862
      30
0
      10
10738.992386088
      20
6969.24212176862
      30
0
      10
10738.9495696296
      20
6969.34171101184
      30
0
      10
10738.9067531711
      20
6969.44130025506
      30
0
      10
10738.8639367126
      20
6969.54088949829
      30
0
      10
10738.8639367126
      20
6969.54088949829
      30
0
      10
10738.8097669384
      20
6969.6366724923
      30
0
      10
10738.7555971641
      20
6969.73245548631
      30
0
      10
10738.7014273899
      20
6969.82823848032
      30
0
      10
10738.7014273899
      20
6969.82823848032
      30
0
      10
10738.669657099
      20
6969.87454715682
      30
0
      10
10738.6378868081
      20
6969.92085583333
      30
0
      10
10738.6061165173
      20
6969.96716450984
      30
0
      10
10738.6061165173
      20
6969.96716450984
      30
0
      10
10738.5709944025
      20
6970.01233505114
      30
0
      10
10738.5358722877
      20
6970.05750559245
      30
0
      10
10738.5007501728
      20
6970.10267613375
      30
0
      10
10738.5007501728
      20
6970.10267613375
      30
0
      10
10738.3731639676
      20
6970.16651998069
      30
0
      10
10738.2455777623
      20
6970.23036382763
      30
0
      10
10738.1179915571
      20
6970.29420767457
      30
0
      10
10738.1179915571
      20
6970.29420767457
      30
0
      10
10737.9204915415
      20
6970.37337330887
      30
0
      10
10737.7229915259
      20
6970.45253894318
      30
0
      10
10737.5254915103
      20
6970.53170457748
      30
0
      10
10737.5254915103
      20
6970.53170457748
      30
0
      10
10736.484766845
      20
6970.78420536844
      30
0
      10
10735.4440421798
      20
6971.0367061594
      30
0
      10
10734.4033175145
      20
6971.28920695036
      30
0
      10
10734.4033175145
      20
6971.28920695036
      30
0
      10
10733.9940804486
      20
6971.41038718905
      30
0
      10
10733.5848433826
      20
6971.53156742774
      30
0
      10
10733.1756063167
      20
6971.65274766644
      30
0
      10
10733.1756063167
      20
6971.65274766644
      30
0
      10
10732.9793328708
      20
6971.73631906261
      30
0
      10
10732.7830594248
      20
6971.81989045879
      30
0
      10
10732.5867859789
      20
6971.90346185497
      30
0
      10
10732.5867859789
      20
6971.90346185497
      30
0
      10
10731.632498879
      20
6972.80262815569
      30
0
      10
10730.6782117791
      20
6973.70179445642
      30
0
      10
10729.7239246793
      20
6974.60096075715
      30
0
      10
10729.7239246793
      20
6974.60096075715
      30
0
      10
10729.6691215449
      20
6974.65117065232
      30
0
      10
10729.6143184106
      20
6974.70138054749
      30
0
      10
10729.5595152763
      20
6974.75159044266
      30
0
      10
10729.5595152763
      20
6974.75159044266
      30
0
      10
10729.4994421534
      20
6974.78270879007
      30
0
      10
10729.4393690306
      20
6974.81382713748
      30
0
      10
10729.3792959077
      20
6974.84494548489
      30
0
      10
10729.3792959077
      20
6974.84494548489
      30
0
      10
10729.2705423434
      20
6974.86230866169
      30
0
      10
10729.1617887791
      20
6974.87967183848
      30
0
      10
10729.0530352148
      20
6974.89703501528
      30
0
      10
10729.0530352148
      20
6974.89703501528
      30
0
      10
10728.6475176277
      20
6974.79633230248
      30
0
      10
10728.2420000406
      20
6974.69562958968
      30
0
      10
10727.8364824535
      20
6974.59492687688
      30
0
      10
10727.8364824535
      20
6974.59492687688
      30
0
      10
10726.4870731868
      20
6974.02763717288
      30
0
      10
10725.13766392
      20
6973.46034746887
      30
0
      10
10723.7882546533
      20
6972.89305776487
      30
0
      10
10723.7882546533
      20
6972.89305776487
      30
0
      10
10722.5572337684
      20
6972.69610945422
      30
0
      10
10721.3262128835
      20
6972.49916114358
      30
0
      10
10720.0951919986
      20
6972.30221283293
      30
0
      10
10720.0951919986
      20
6972.30221283293
      30
0
      10
10719.3038949084
      20
6971.91027352827
      30
0
      10
10718.5125978182
      20
6971.51833422362
      30
0
      10
10717.721300728
      20
6971.12639491897
      30
0
      10
10717.721300728
      20
6971.12639491897
      30
0
      10
10717.2415082922
      20
6970.90724926394
      30
0
      10
10716.7617158563
      20
6970.68810360892
      30
0
      10
10716.2819234205
      20
6970.46895795389
      30
0
      10
10716.2819234205
      20
6970.46895795389
      30
0
      10
10716.1122324367
      20
6970.42112754349
      30
0
      10
10715.9425414528
      20
6970.37329713308
      30
0
      10
10715.772850469
      20
6970.32546672267
      30
0
      10
10715.772850469
      20
6970.32546672267
      30
0
      10
10715.6557265694
      20
6970.30383255003
      30
0
      10
10715.5386026698
      20
6970.28219837739
      30
0
      10
10715.4214787701
      20
6970.26056420475
      30
0
      10
10715.4214787701
      20
6970.26056420475
      30
0
      10
10714.002963018
      20
6970.06062571375
      30
0
      10
10712.5844472659
      20
6969.86068722276
      30
0
      10
10711.1659315137
      20
6969.66074873176
      30
0
      10
10711.1659315137
      20
6969.66074873176
      30
0
      10
10711.0075446903
      20
6969.61253023048
      30
0
      10
10710.8491578668
      20
6969.5643117292
      30
0
      10
10710.6907710434
      20
6969.51609322791
      30
0
      10
10710.6907710434
      20
6969.51609322791
      30
0
      10
10709.4300535181
      20
6968.78927872276
      30
0
      10
10708.1693359928
      20
6968.06246421761
      30
0
      10
10706.9086184675
      20
6967.33564971245
      30
0
      10
10706.9086184675
      20
6967.33564971245
      30
0
      10
10706.5917864469
      20
6967.19955162051
      30
0
      10
10706.2749544263
      20
6967.06345352857
      30
0
      10
10705.9581224058
      20
6966.92735543663
      30
0
      10
10705.9581224058
      20
6966.92735543663
      30
0
      10
10705.758730842
      20
6966.86631840804
      30
0
      10
10705.5593392783
      20
6966.80528137946
      30
0
      10
10705.3599477146
      20
6966.74424435087
      30
0
      10
10705.3599477146
      20
6966.74424435087
      30
0
      10
10705.2667767149
      20
6966.74441534627
      30
0
      10
10705.1736057152
      20
6966.74458634168
      30
0
      10
10705.0804347155
      20
6966.74475733707
      30
0
      10
10705.0804347155
      20
6966.74475733707
      30
0
      10
10704.988048116
      20
6966.74865699599
      30
0
      10
10704.8956615165
      20
6966.7525566549
      30
0
      10
10704.803274917
      20
6966.75645631381
      30
0
      10
10704.803274917
      20
6966.75645631381
      30
0
      10
10704.7116600707
      20
6966.76393699455
      30
0
      10
10704.6200452244
      20
6966.7714176753
      30
0
      10
10704.5284303781
      20
6966.77889835604
      30
0
      10
10704.5284303781
      20
6966.77889835604
      30
0
      10
10704.3474653336
      20
6966.80401221329
      30
0
      10
10704.1665002892
      20
6966.82912607054
      30
0
      10
10703.9855352448
      20
6966.85423992779
      30
0
      10
10703.9855352448
      20
6966.85423992779
      30
0
      10
10703.8075053954
      20
6966.89190617065
      30
0
      10
10703.6294755461
      20
6966.9295724135
      30
0
      10
10703.4514456967
      20
6966.96723865636
      30
0
      10
10703.4514456967
      20
6966.96723865636
      30
0
      10
10703.2762498309
      20
6967.01627614515
      30
0
      10
10703.1010539651
      20
6967.06531363393
      30
0
      10
10702.9258580992
      20
6967.11435112271
      30
0
      10
10702.9258580992
      20
6967.11435112271
      30
0
      10
10702.7533950077
      20
6967.17357872512
      30
0
      10
10702.5809319161
      20
6967.23280632752
      30
0
      10
10702.4084688246
      20
6967.29203392993
      30
0
      10
10702.4084688246
      20
6967.29203392993
      30
0
      10
10702.1546767526
      20
6967.39739805854
      30
0
      10
10701.9008846807
      20
6967.50276218714
      30
0
      10
10701.6470926088
      20
6967.60812631575
      30
0
      10
10701.6470926088
      20
6967.60812631575
      30
0
      10
10701.1559052301
      20
6967.8637198357
      30
0
      10
10700.6647178513
      20
6968.11931335564
      30
0
      10
10700.1735304725
      20
6968.37490687559
      30
0
      10
10700.1735304725
      20
6968.37490687559
      30
0
      10
10699.4726176403
      20
6968.81066531586
      30
0
      10
10698.771704808
      20
6969.24642375613
      30
0
      10
10698.0707919758
      20
6969.6821821964
      30
0
      10
10698.0707919758
      20
6969.6821821964
      30
0
      10
10698.0283840666
      20
6969.71423572122
      30
0
      10
10697.9859761573
      20
6969.74628924603
      30
0
      10
10697.9435682481
      20
6969.77834277084
      30
0
      10
10697.9435682481
      20
6969.77834277084
      30
0
      10
10697.9008595176
      20
6969.79982122185
      30
0
      10
10697.8581507872
      20
6969.82129967285
      30
0
      10
10697.8154420568
      20
6969.84277812386
      30
0
      10
10697.8154420568
      20
6969.84277812386
      30
0
      10
10697.7509710248
      20
6969.8576150169
      30
0
      10
10697.6864999927
      20
6969.87245190994
      30
0
      10
10697.6220289607
      20
6969.88728880299
      30
0
      10
10697.6220289607
      20
6969.88728880299
      30
0
      10
10697.5140841027
      20
6969.87499191567
      30
0
      10
10697.4061392446
      20
6969.86269502835
      30
0
      10
10697.2981943866
      20
6969.85039814103
      30
0
      10
10697.2981943866
      20
6969.85039814103
      30
0
      10
10696.9404717406
      20
6969.68034647956
      30
0
      10
10696.5827490947
      20
6969.51029481809
      30
0
      10
10696.2250264488
      20
6969.34024315662
      30
0
      10
10696.2250264488
      20
6969.34024315662
      30
0
      10
10697.0287149128
      20
6968.29404891662
      30
0
      10
10697.8324033769
      20
6967.24785467662
      30
0
      10
10698.636091841
      20
6966.20166043661
      30
0
      10
10698.636091841
      20
6966.20166043661
      30
0
      10
10698.8447967888
      20
6966.01972871436
      30
0
      10
10699.0535017366
      20
6965.8377969921
      30
0
      10
10699.2622066844
      20
6965.65586526985
      30
0
      10
10699.2622066844
      20
6965.65586526985
      30
0
      10
10699.2550918006
      20
6965.54253817623
      30
0
      10
10699.2479769168
      20
6965.42921108261
      30
0
      10
10699.240862033
      20
6965.31588398899
      30
0
      10
10699.240862033
      20
6965.31588398899
      30
0
      10
10699.2447196643
      20
6965.20539518352
      30
0
      10
10699.2485772955
      20
6965.09490637805
      30
0
      10
10699.2524349268
      20
6964.98441757258
      30
0
      10
10699.2524349268
      20
6964.98441757258
      30
0
      10
10699.2759802411
      20
6964.82324224973
      30
0
      10
10699.2995255554
      20
6964.66206692689
      30
0
      10
10699.3230708697
      20
6964.50089160405
      30
0
      10
10699.3230708697
      20
6964.50089160405
      30
0
      10
10699.3989477234
      20
6964.24151032626
      30
0
      10
10699.4748245772
      20
6963.98212904847
      30
0
      10
10699.5507014309
      20
6963.72274777068
      30
0
      10
10699.5507014309
      20
6963.72274777068
      30
0
      10
10699.9005829614
      20
6962.85926178768
      30
0
      10
10700.2504644919
      20
6961.99577580468
      30
0
      10
10700.6003460225
      20
6961.13228982168
      30
0
      10
10700.6003460225
      20
6961.13228982168
      30
0
      10
10699.9181950916
      20
6961.24563270246
      30
0
      10
10699.2360441608
      20
6961.35897558324
      30
0
      10
10698.55389323
      20
6961.47231846402
      30
0
      10
10698.55389323
      20
6961.47231846402
      30
0
      10
10698.0798775222
      20
6961.63653151093
      30
0
      10
10697.6058618144
      20
6961.80074455784
      30
0
      10
10697.1318461066
      20
6961.96495760474
      30
0
      10
10697.1318461066
      20
6961.96495760474
      30
0
      10
10696.7980030104
      20
6962.1385414552
      30
0
      10
10696.4641599141
      20
6962.31212530565
      30
0
      10
10696.1303168178
      20
6962.48570915611
      30
0
      10
10696.1303168178
      20
6962.48570915611
      30
0
      10
10695.9213161965
      20
6962.62723592665
      30
0
      10
10695.7123155752
      20
6962.7687626972
      30
0
      10
10695.5033149539
      20
6962.91028946775
      30
0
      10
10695.5033149539
      20
6962.91028946775
      30
0
      10
10695.3980458847
      20
6962.98787398986
      30
0
      10
10695.2927768155
      20
6963.06545851197
      30
0
      10
10695.1875077463
      20
6963.14304303409
      30
0
      10
10695.1875077463
      20
6963.14304303409
      30
0
      10
10695.0778701897
      20
6963.21127949001
      30
0
      10
10694.9682326331
      20
6963.27951594593
      30
0
      10
10694.8585950764
      20
6963.34775240185
      30
0
      10
10694.8585950764
      20
6963.34775240185
      30
0
      10
10694.6869061578
      20
6963.43370252889
      30
0
      10
10694.5152172393
      20
6963.51965265593
      30
0
      10
10694.3435283207
      20
6963.60560278298
      30
0
      10
10694.3435283207
      20
6963.60560278298
      30
0
      10
10694.1644745759
      20
6963.6734076491
      30
0
      10
10693.9854208311
      20
6963.74121251522
      30
0
      10
10693.8063670864
      20
6963.80901738134
      30
0
      10
10693.8063670864
      20
6963.80901738134
      30
0
      10
10693.5587278985
      20
6963.87419275968
      30
0
      10
10693.3110887107
      20
6963.93936813803
      30
0
      10
10693.0634495229
      20
6964.00454351638
      30
0
      10
10693.0634495229
      20
6964.00454351638
      30
0
      10
10692.6154423745
      20
6964.06074504582
      30
0
      10
10692.1674352262
      20
6964.11694657526
      30
0
      10
10691.7194280778
      20
6964.17314810469
      30
0
      10
10691.7194280778
      20
6964.17314810469
      30
0
      10
10691.2054159114
      20
6964.17160082625
      30
0
      10
10690.6914037449
      20
6964.1700535478
      30
0
      10
10690.1773915785
      20
6964.16850626936
      30
0
      10
10690.1773915785
      20
6964.16850626936
      30
0
      10
10690.0256676223
      20
6964.13230087328
      30
0
      10
10689.8739436661
      20
6964.0960954772
      30
0
      10
10689.7222197099
      20
6964.05989008112
      30
0
      10
10689.7222197099
      20
6964.05989008112
      30
0
      10
10689.41829326
      20
6963.85704861212
      30
0
      10
10689.11436681
      20
6963.65420714311
      30
0
      10
10688.81044036
      20
6963.45136567411
      30
0
      10
10688.81044036
      20
6963.45136567411
      30
0
      10
10688.5479496137
      20
6963.18908110589
      30
0
      10
10688.2854588674
      20
6962.92679653767
      30
0
      10
10688.0229681211
      20
6962.66451196945
      30
0
      10
10688.0229681211
      20
6962.66451196945
      30
0
      10
10688.1521103384
      20
6962.56658700114
      30
0
      10
10688.2812525558
      20
6962.46866203282
      30
0
      10
10688.4103947732
      20
6962.37073706451
      30
0
      10
10688.4103947732
      20
6962.37073706451
      30
0
      10
10688.9852203488
      20
6962.02007734054
      30
0
      10
10689.5600459245
      20
6961.66941761658
      30
0
      10
10690.1348715001
      20
6961.31875789261
      30
0
      10
10690.1348715001
      20
6961.31875789261
      30
0
      10
10690.4931727767
      20
6961.09546690546
      30
0
      10
10690.8514740533
      20
6960.87217591831
      30
0
      10
10691.2097753299
      20
6960.64888493116
      30
0
      10
10691.2097753299
      20
6960.64888493116
      30
0
      10
10691.3424853508
      20
6960.55060800903
      30
0
      10
10691.4751953717
      20
6960.4523310869
      30
0
      10
10691.6079053926
      20
6960.35405416477
      30
0
      10
10691.6079053926
      20
6960.35405416477
      30
0
      10
10691.6707978455
      20
6960.30207316106
      30
0
      10
10691.7336902984
      20
6960.25009215735
      30
0
      10
10691.7965827513
      20
6960.19811115363
      30
0
      10
10691.7965827513
      20
6960.19811115363
      30
0
      10
10691.8567705403
      20
6960.14392764107
      30
0
      10
10691.9169583293
      20
6960.08974412852
      30
0
      10
10691.9771461184
      20
6960.03556061596
      30
0
      10
10691.9771461184
      20
6960.03556061596
      30
0
      10
10692.0343320182
      20
6959.9789439908
      30
0
      10
10692.091517918
      20
6959.92232736565
      30
0
      10
10692.1487038178
      20
6959.86571074049
      30
0
      10
10692.1487038178
      20
6959.86571074049
      30
0
      10
10692.2025906145
      20
6959.80643039175
      30
0
      10
10692.2564774111
      20
6959.74715004301
      30
0
      10
10692.3103642077
      20
6959.68786969428
      30
0
      10
10692.3103642077
      20
6959.68786969428
      30
0
      10
10692.3606546799
      20
6959.62569501689
      30
0
      10
10692.410945152
      20
6959.56352033949
      30
0
      10
10692.4612356242
      20
6959.5013456621
      30
0
      10
10692.4612356242
      20
6959.5013456621
      30
0
      10
10692.5076325485
      20
6959.43604604558
      30
0
      10
10692.5540294728
      20
6959.37074642905
      30
0
      10
10692.6004263971
      20
6959.30544681252
      30
0
      10
10692.6004263971
      20
6959.30544681252
      30
0
      10
10692.6426325551
      20
6959.23679165167
      30
0
      10
10692.6848387131
      20
6959.16813649082
      30
0
      10
10692.7270448711
      20
6959.09948132996
      30
0
      10
10692.7270448711
      20
6959.09948132996
      30
0
      10
10692.7647630424
      20
6959.02724001267
      30
0
      10
10692.8024812137
      20
6958.95499869538
      30
0
      10
10692.840199385
      20
6958.88275737809
      30
0
      10
10692.840199385
      20
6958.88275737809
      30
0
      10
10692.8731323508
      20
6958.80669930081
      30
0
      10
10692.9060653167
      20
6958.73064122354
      30
0
      10
10692.9389982825
      20
6958.65458314626
      30
0
      10
10692.9389982825
      20
6958.65458314626
      30
0
      10
10692.966848822
      20
6958.57447769844
      30
0
      10
10692.9946993616
      20
6958.49437225062
      30
0
      10
10693.0225499011
      20
6958.4142668028
      30
0
      10
10693.0225499011
      20
6958.4142668028
      30
0
      10
10693.0450207911
      20
6958.32988337954
      30
0
      10
10693.067491681
      20
6958.24549995629
      30
0
      10
10693.089962571
      20
6958.16111653304
      30
0
      10
10693.089962571
      20
6958.16111653304
      30
0
      10
10693.1067565946
      20
6958.07222452253
      30
0
      10
10693.1235506182
      20
6957.98333251203
      30
0
      10
10693.1403446418
      20
6957.89444050153
      30
0
      10
10693.1403446418
      20
6957.89444050153
      30
0
      10
10693.6686323621
      20
6957.639991041
      30
0
      10
10694.1969200824
      20
6957.38554158047
      30
0
      10
10694.7252078027
      20
6957.13109211995
      30
0
      10
10694.7252078027
      20
6957.13109211995
      30
0
      10
10694.6351177593
      20
6956.74413801231
      30
0
      10
10694.5450277158
      20
6956.35718390467
      30
0
      10
10694.4549376723
      20
6955.97022979704
      30
0
      10
10694.4549376723
      20
6955.97022979704
      30
0
      10
10693.1019237385
      20
6955.82321290388
      30
0
      10
10691.7489098047
      20
6955.67619601072
      30
0
      10
10690.395895871
      20
6955.52917911757
      30
0
      10
10690.395895871
      20
6955.52917911757
      30
0
      10
10690.2951562126
      20
6955.5398430197
      30
0
      10
10690.1944165542
      20
6955.55050692183
      30
0
      10
10690.0936768958
      20
6955.56117082396
      30
0
      10
10690.0936768958
      20
6955.56117082396
      30
0
      10
10689.9194306212
      20
6955.60694877792
      30
0
      10
10689.7451843466
      20
6955.65272673189
      30
0
      10
10689.5709380721
      20
6955.69850468586
      30
0
      10
10689.5709380721
      20
6955.69850468586
      30
0
      10
10689.4004239453
      20
6955.7550672178
      30
0
      10
10689.2299098186
      20
6955.81162974975
      30
0
      10
10689.0593956919
      20
6955.8681922817
      30
0
      10
10689.0593956919
      20
6955.8681922817
      30
0
      10
10688.5631351263
      20
6956.08138476777
      30
0
      10
10688.0668745608
      20
6956.29457725385
      30
0
      10
10687.5706139952
      20
6956.50776973993
      30
0
      10
10687.5706139952
      20
6956.50776973993
      30
0
      10
10686.7517861137
      20
6956.88089146122
      30
0
      10
10685.9329582322
      20
6957.25401318251
      30
0
      10
10685.1141303507
      20
6957.62713490381
      30
0
      10
10685.1141303507
      20
6957.62713490381
      30
0
      10
10684.9452057838
      20
6957.68534707532
      30
0
      10
10684.7762812169
      20
6957.74355924684
      30
0
      10
10684.60735665
      20
6957.80177141835
      30
0
      10
10684.60735665
      20
6957.80177141835
      30
0
      10
10684.4350531719
      20
6957.84956560063
      30
0
      10
10684.2627496937
      20
6957.8973597829
      30
0
      10
10684.0904462155
      20
6957.94515396518
      30
0
      10
10684.0904462155
      20
6957.94515396518
      30
0
      10
10684.0028051653
      20
6957.96448172982
      30
0
      10
10683.9151641151
      20
6957.98380949447
      30
0
      10
10683.8275230649
      20
6958.00313725911
      30
0
      10
10683.8275230649
      20
6958.00313725911
      30
0
      10
10683.7387706229
      20
6958.01906542954
      30
0
      10
10683.6500181808
      20
6958.03499359998
      30
0
      10
10683.5612657388
      20
6958.05092177041
      30
0
      10
10683.5612657388
      20
6958.05092177041
      30
0
      10
10683.4713130169
      20
6958.06318531658
      30
0
      10
10683.3813602949
      20
6958.07544886275
      30
0
      10
10683.291407573
      20
6958.08771240892
      30
0
      10
10683.291407573
      20
6958.08771240892
      30
0
      10
10683.2001656822
      20
6958.0960462962
      30
0
      10
10683.1089237915
      20
6958.10438018349
      30
0
      10
10683.0176819008
      20
6958.11271407077
      30
0
      10
10683.0176819008
      20
6958.11271407077
      30
0
      10
10682.9250619521
      20
6958.11685326788
      30
0
      10
10682.8324420034
      20
6958.12099246499
      30
0
      10
10682.7398220548
      20
6958.12513166209
      30
0
      10
10682.7398220548
      20
6958.12513166209
      30
0
      10
10682.6154642606
      20
6957.62541028021
      30
0
      10
10682.4911064664
      20
6957.12568889833
      30
0
      10
10682.3667486723
      20
6956.62596751645
      30
0
      10
10682.3667486723
      20
6956.62596751645
      30
0
      10
10682.3868373654
      20
6956.52953454099
      30
0
      10
10682.4069260585
      20
6956.43310156554
      30
0
      10
10682.4270147516
      20
6956.33666859008
      30
0
      10
10682.4270147516
      20
6956.33666859008
      30
0
      10
10682.4632271471
      20
6956.26721682742
      30
0
      10
10682.4994395427
      20
6956.19776506475
      30
0
      10
10682.5356519382
      20
6956.12831330209
      30
0
      10
10682.5356519382
      20
6956.12831330209
      30
0
      10
10682.5716583681
      20
6956.08371431331
      30
0
      10
10682.607664798
      20
6956.03911532454
      30
0
      10
10682.6436712279
      20
6955.99451633576
      30
0
      10
10682.6436712279
      20
6955.99451633576
      30
0
      10
10683.1432695153
      20
6955.14494611904
      30
0
      10
10683.6428678028
      20
6954.29537590231
      30
0
      10
10684.1424660902
      20
6953.44580568559
      30
0
      10
10684.1424660902
      20
6953.44580568559
      30
0
      10
10684.2723262076
      20
6953.17725906894
      30
0
      10
10684.4021863249
      20
6952.90871245227
      30
0
      10
10684.5320464423
      20
6952.64016583561
      30
0
      10
10684.5320464423
      20
6952.64016583561
      30
0
      10
10684.606902209
      20
6952.45785399358
      30
0
      10
10684.6817579756
      20
6952.27554215155
      30
0
      10
10684.7566137423
      20
6952.09323030951
      30
0
      10
10684.7566137423
      20
6952.09323030951
      30
0
      10
10684.8196371853
      20
6951.90837814953
      30
0
      10
10684.8826606283
      20
6951.72352598956
      30
0
      10
10684.9456840713
      20
6951.53867382958
      30
0
      10
10684.9456840713
      20
6951.53867382958
      30
0
      10
10684.9721002269
      20
6951.44531770944
      30
0
      10
10684.9985163825
      20
6951.35196158929
      30
0
      10
10685.0249325382
      20
6951.25860546915
      30
0
      10
10685.0249325382
      20
6951.25860546915
      30
0
      10
10685.0476004744
      20
6951.16464136469
      30
0
      10
10685.0702684107
      20
6951.07067726023
      30
0
      10
10685.092936347
      20
6950.97671315576
      30
0
      10
10685.092936347
      20
6950.97671315576
      30
0
      10
10685.1115926875
      20
6950.88215009705
      30
0
      10
10685.1302490279
      20
6950.78758703833
      30
0
      10
10685.1489053684
      20
6950.69302397962
      30
0
      10
10685.1489053684
      20
6950.69302397962
      30
0
      10
10685.1632867352
      20
6950.59787099932
      30
0
      10
10685.177668102
      20
6950.50271801903
      30
0
      10
10685.1920494688
      20
6950.40756503874
      30
0
      10
10685.1920494688
      20
6950.40756503874
      30
0
      10
10685.2018924793
      20
6950.31183116786
      30
0
      10
10685.2117354897
      20
6950.21609729698
      30
0
      10
10685.2215785002
      20
6950.1203634261
      30
0
      10
10685.2215785002
      20
6950.1203634261
      30
0
      10
10685.2266197779
      20
6950.02405769647
      30
0
      10
10685.2316610555
      20
6949.92775196685
      30
0
      10
10685.2367023332
      20
6949.83144623722
      30
0
      10
10685.2367023332
      20
6949.83144623722
      30
0
      10
10685.2366784994
      20
6949.73457768047
      30
0
      10
10685.2366546656
      20
6949.63770912372
      30
0
      10
10685.2366308318
      20
6949.54084056697
      30
0
      10
10685.2366308318
      20
6949.54084056697
      30
0
      10
10685.231278506
      20
6949.44341821503
      30
0
      10
10685.2259261801
      20
6949.3459958631
      30
0
      10
10685.2205738543
      20
6949.24857351116
      30
0
      10
10685.2205738543
      20
6949.24857351116
      30
0
      10
10685.2096296578
      20
6949.15060639381
      30
0
      10
10685.1986854614
      20
6949.05263927646
      30
0
      10
10685.187741265
      20
6948.95467215911
      30
0
      10
10685.187741265
      20
6948.95467215911
      30
0
      10
10685.1709418209
      20
6948.8561693092
      30
0
      10
10685.1541423769
      20
6948.7576664593
      30
0
      10
10685.1373429328
      20
6948.6591636094
      30
0
      10
10685.1373429328
      20
6948.6591636094
      30
0
      10
10685.1144248592
      20
6948.56013405774
      30
0
      10
10685.0915067856
      20
6948.46110450607
      30
0
      10
10685.068588712
      20
6948.36207495441
      30
0
      10
10685.068588712
      20
6948.36207495441
      30
0
      10
10685.0392886308
      20
6948.26252773356
      30
0
      10
10685.0099885497
      20
6948.1629805127
      30
0
      10
10684.9806884685
      20
6948.06343329185
      30
0
      10
10684.9806884685
      20
6948.06343329185
      30
0
      10
10684.9088406275
      20
6948.06131250622
      30
0
      10
10684.8369927866
      20
6948.05919172058
      30
0
      10
10684.7651449456
      20
6948.05707093495
      30
0
      10
10684.7651449456
      20
6948.05707093495
      30
0
      10
10684.6945546464
      20
6948.05936407425
      30
0
      10
10684.6239643473
      20
6948.06165721354
      30
0
      10
10684.5533740481
      20
6948.06395035284
      30
0
      10
10684.5533740481
      20
6948.06395035284
      30
0
      10
10684.4839484888
      20
6948.07033647276
      30
0
      10
10684.4145229295
      20
6948.07672259267
      30
0
      10
10684.3450973701
      20
6948.08310871259
      30
0
      10
10684.3450973701
      20
6948.08310871259
      30
0
      10
10684.27674375
      20
6948.09326686569
      30
0
      10
10684.2083901298
      20
6948.10342501878
      30
0
      10
10684.1400365097
      20
6948.11358317187
      30
0
      10
10684.1400365097
      20
6948.11358317187
      30
0
      10
10684.0061738821
      20
6948.14393179213
      30
0
      10
10683.8723112545
      20
6948.17428041239
      30
0
      10
10683.7384486268
      20
6948.20462903264
      30
0
      10
10683.7384486268
      20
6948.20462903264
      30
0
      10
10683.6077601459
      20
6948.24621442878
      30
0
      10
10683.477071665
      20
6948.28779982492
      30
0
      10
10683.3463831841
      20
6948.32938522107
      30
0
      10
10683.3463831841
      20
6948.32938522107
      30
0
      10
10682.651158041
      20
6948.64422389617
      30
0
      10
10681.9559328979
      20
6948.95906257128
      30
0
      10
10681.2607077547
      20
6949.27390124639
      30
0
      10
10681.2607077547
      20
6949.27390124639
      30
0
      10
10681.067627354
      20
6949.34911402032
      30
0
      10
10680.8745469532
      20
6949.42432679426
      30
0
      10
10680.6814665525
      20
6949.49953956819
      30
0
      10
10680.6814665525
      20
6949.49953956819
      30
0
      10
10680.5494445565
      20
6949.53858657777
      30
0
      10
10680.4174225606
      20
6949.57763358734
      30
0
      10
10680.2854005646
      20
6949.61668059692
      30
0
      10
10680.2854005646
      20
6949.61668059692
      30
0
      10
10680.2181206471
      20
6949.63191281115
      30
0
      10
10680.1508407295
      20
6949.64714502539
      30
0
      10
10680.083560812
      20
6949.66237723963
      30
0
      10
10680.083560812
      20
6949.66237723963
      30
0
      10
10680.0153112128
      20
6949.67432066326
      30
0
      10
10679.9470616136
      20
6949.6862640869
      30
0
      10
10679.8788120144
      20
6949.69820751053
      30
0
      10
10679.8788120144
      20
6949.69820751053
      30
0
      10
10679.8094999314
      20
6949.7065411984
      30
0
      10
10679.7401878483
      20
6949.71487488626
      30
0
      10
10679.6708757652
      20
6949.72320857412
      30
0
      10
10679.6708757652
      20
6949.72320857412
      30
0
      10
10679.6004083985
      20
6949.72761157921
      30
0
      10
10679.5299410318
      20
6949.73201458431
      30
0
      10
10679.4594736652
      20
6949.7364175894
      30
0
      10
10679.4594736652
      20
6949.7364175894
      30
0
      10
10679.3877582143
      20
6949.7365689655
      30
0
      10
10679.3160427634
      20
6949.73672034161
      30
0
      10
10679.2443273125
      20
6949.73687171772
      30
0
      10
10679.2443273125
      20
6949.73687171772
      30
0
      10
10679.1819041408
      20
6949.74881169146
      30
0
      10
10679.120230413
      20
6949.76556808029
      30
0
      10
10679.0566137465
      20
6949.7698378783
      30
0
      10
10679.0566137465
      20
6949.7698378783
      30
0
      10
10679.0136524023
      20
6949.77516033155
      30
0
      10
10678.9706212226
      20
6949.77914912955
      30
0
      10
10678.9273207372
      20
6949.77799497397
      30
0
      10
10678.9273207372
      20
6949.77799497397
      30
0
      10
10678.8851864452
      20
6949.77930388895
      30
0
      10
10678.8431155865
      20
6949.77846064387
      30
0
      10
10678.8011694073
      20
6949.7733872982
      30
0
      10
10678.8011694073
      20
6949.7733872982
      30
0
      10
10678.7590076279
      20
6949.77087340761
      30
0
      10
10678.7173459648
      20
6949.76497372467
      30
0
      10
10678.6761124146
      20
6949.75617571238
      30
0
      10
10678.6761124146
      20
6949.75617571238
      30
0
      10
10678.6165480708
      20
6949.74718526841
      30
0
      10
10678.5593689204
      20
6949.72817869777
      30
0
      10
10678.5018640794
      20
6949.71117603649
      30
0
      10
10678.5018640794
      20
6949.71117603649
      30
0
      10
10678.4477229798
      20
6949.68986426818
      30
0
      10
10678.392677204
      20
6949.67069805241
      30
0
      10
10678.3414080803
      20
6949.64257503532
      30
0
      10
10678.3414080803
      20
6949.64257503532
      30
0
      10
10678.3251753359
      20
6949.63450163064
      30
0
      10
10678.3089425914
      20
6949.62642822595
      30
0
      10
10678.292709847
      20
6949.61835482127
      30
0
      10
10678.292709847
      20
6949.61835482127
      30
0
      10
10678.2279491591
      20
6949.574977774
      30
0
      10
10678.1631884712
      20
6949.53160072672
      30
0
      10
10678.0984277833
      20
6949.48822367945
      30
0
      10
10678.0984277833
      20
6949.48822367945
      30
0
      10
10678.0412832487
      20
6949.43474527661
      30
0
      10
10677.9841387141
      20
6949.38126687377
      30
0
      10
10677.9269941795
      20
6949.32778847092
      30
0
      10
10677.9269941795
      20
6949.32778847092
      30
0
      10
10677.8783657172
      20
6949.2658581623
      30
0
      10
10677.829737255
      20
6949.20392785366
      30
0
      10
10677.7811087927
      20
6949.14199754504
      30
0
      10
10677.7811087927
      20
6949.14199754504
      30
0
      10
10677.7418963243
      20
6949.07326478038
      30
0
      10
10677.7026838559
      20
6949.00453201572
      30
0
      10
10677.6634713875
      20
6948.93579925106
      30
0
      10
10677.6634713875
      20
6948.93579925106
      30
0
      10
10677.6345748326
      20
6948.86191348066
      30
0
      10
10677.6056782777
      20
6948.78802771027
      30
0
      10
10677.5767817228
      20
6948.71414193987
      30
0
      10
10677.5767817228
      20
6948.71414193987
      30
0
      10
10677.5591010078
      20
6948.63675261682
      30
0
      10
10677.5414202927
      20
6948.55936329376
      30
0
      10
10677.5237395777
      20
6948.4819739707
      30
0
      10
10677.5237395777
      20
6948.4819739707
      30
0
      10
10677.5181746198
      20
6948.40273053916
      30
0
      10
10677.512609662
      20
6948.32348710763
      30
0
      10
10677.5070447042
      20
6948.2442436761
      30
0
      10
10677.5070447042
      20
6948.2442436761
      30
0
      10
10677.5144954269
      20
6948.1647955928
      30
0
      10
10677.5219461495
      20
6948.0853475095
      30
0
      10
10677.5293968722
      20
6948.0058994262
      30
0
      10
10677.5293968722
      20
6948.0058994262
      30
0
      10
10677.5432806901
      20
6947.94620535848
      30
0
      10
10677.5542465279
      20
6947.88567472427
      30
0
      10
10677.5753912798
      20
6947.82806232066
      30
0
      10
10677.5753912798
      20
6947.82806232066
      30
0
      10
10677.5925031066
      20
6947.76788406369
      30
0
      10
10677.6194850132
      20
6947.71122609393
      30
0
      10
10677.6442661917
      20
6947.6539491864
      30
0
      10
10677.6442661917
      20
6947.6539491864
      30
0
      10
10677.6735323021
      20
6947.60091174322
      30
0
      10
10677.6997598441
      20
6947.54605607006
      30
0
      10
10677.7356147524
      20
6947.49696125665
      30
0
      10
10677.7356147524
      20
6947.49696125665
      30
0
      10
10677.748351605
      20
6947.47791624936
      30
0
      10
10677.7610884576
      20
6947.45887124206
      30
0
      10
10677.7738253102
      20
6947.43982623477
      30
0
      10
10677.7738253102
      20
6947.43982623477
      30
0
      10
10678.0523723941
      20
6947.06278638119
      30
0
      10
10678.3309194781
      20
6946.68574652761
      30
0
      10
10678.609466562
      20
6946.30870667403
      30
0
      10
10678.609466562
      20
6946.30870667403
      30
0
      10
10679.3008712206
      20
6945.45612942057
      30
0
      10
10679.9922758792
      20
6944.60355216712
      30
0
      10
10680.6836805379
      20
6943.75097491367
      30
0
      10
10680.6836805379
      20
6943.75097491367
      30
0
      10
10680.8077769688
      20
6943.55290600288
      30
0
      10
10680.9318733998
      20
6943.35483709209
      30
0
      10
10681.0559698308
      20
6943.1567681813
      30
0
      10
10681.0559698308
      20
6943.1567681813
      30
0
      10
10681.1288620959
      20
6943.01841559523
      30
0
      10
10681.201754361
      20
6942.88006300917
      30
0
      10
10681.2746466261
      20
6942.7417104231
      30
0
      10
10681.2746466261
      20
6942.7417104231
      30
0
      10
10681.338158682
      20
6942.59734219429
      30
0
      10
10681.4016707379
      20
6942.45297396548
      30
0
      10
10681.4651827938
      20
6942.30860573667
      30
0
      10
10681.4651827938
      20
6942.30860573667
      30
0
      10
10681.5180209858
      20
6942.15739015717
      30
0
      10
10681.5708591779
      20
6942.00617457768
      30
0
      10
10681.6236973699
      20
6941.85495899819
      30
0
      10
10681.6236973699
      20
6941.85495899819
      30
0
      10
10680.4198887698
      20
6942.17674743468
      30
0
      10
10679.2160801697
      20
6942.49853587116
      30
0
      10
10678.0122715695
      20
6942.82032430765
      30
0
      10
10678.0122715695
      20
6942.82032430765
      30
0
      10
10677.9644525721
      20
6942.79887570955
      30
0
      10
10677.9166335747
      20
6942.77742711146
      30
0
      10
10677.8688145772
      20
6942.75597851337
      30
0
      10
10677.8688145772
      20
6942.75597851337
      30
0
      10
10677.8319319693
      20
6942.73051776448
      30
0
      10
10677.7950493613
      20
6942.70505701559
      30
0
      10
10677.7581667533
      20
6942.6795962667
      30
0
      10
10677.7581667533
      20
6942.6795962667
      30
0
      10
10677.7312344524
      20
6942.65058847833
      30
0
      10
10677.7043021514
      20
6942.62158068997
      30
0
      10
10677.6773698504
      20
6942.5925729016
      30
0
      10
10677.6773698504
      20
6942.5925729016
      30
0
      10
10677.653471179
      20
6942.54342795154
      30
0
      10
10677.6295725076
      20
6942.49428300149
      30
0
      10
10677.6056738362
      20
6942.44513805143
      30
0
      10
10677.6056738362
      20
6942.44513805143
      30
0
      10
10677.6016247906
      20
6942.35208369543
      30
0
      10
10677.5975757451
      20
6942.25902933942
      30
0
      10
10677.5935266995
      20
6942.16597498341
      30
0
      10
10677.5935266995
      20
6942.16597498341
      30
0
      10
10677.7079960848
      20
6941.87007590953
      30
0
      10
10677.8224654702
      20
6941.57417683564
      30
0
      10
10677.9369348556
      20
6941.27827776176
      30
0
      10
10677.9369348556
      20
6941.27827776176
      30
0
      10
10678.6162432457
      20
6939.99728779005
      30
0
      10
10679.2955516358
      20
6938.71629781835
      30
0
      10
10679.9748600259
      20
6937.43530784665
      30
0
      10
10679.9748600259
      20
6937.43530784665
      30
0
      10
10679.7608150499
      20
6937.49973417973
      30
0
      10
10679.5467700739
      20
6937.56416051281
      30
0
      10
10679.332725098
      20
6937.62858684589
      30
0
      10
10679.332725098
      20
6937.62858684589
      30
0
      10
10678.9913894359
      20
6937.7720522011
      30
0
      10
10678.6500537737
      20
6937.91551755631
      30
0
      10
10678.3087181116
      20
6938.05898291152
      30
0
      10
10678.3087181116
      20
6938.05898291152
      30
0
      10
10677.3139267857
      20
6938.55152049552
      30
0
      10
10676.3191354597
      20
6939.04405807951
      30
0
      10
10675.3243441337
      20
6939.53659566351
      30
0
      10
10675.3243441337
      20
6939.53659566351
      30
0
      10
10675.1151054581
      20
6939.60875514189
      30
0
      10
10674.9058667825
      20
6939.68091462027
      30
0
      10
10674.6966281069
      20
6939.75307409864
      30
0
      10
10674.6966281069
      20
6939.75307409864
      30
0
      10
10674.552729584
      20
6939.79025710741
      30
0
      10
10674.408831061
      20
6939.82744011618
      30
0
      10
10674.264932538
      20
6939.86462312495
      30
0
      10
10674.264932538
      20
6939.86462312495
      30
0
      10
10674.1914362494
      20
6939.87939367347
      30
0
      10
10674.1179399607
      20
6939.89416422199
      30
0
      10
10674.044443672
      20
6939.90893477051
      30
0
      10
10674.044443672
      20
6939.90893477051
      30
0
      10
10674.0651176566
      20
6939.81755346823
      30
0
      10
10674.0857916412
      20
6939.72617216594
      30
0
      10
10674.1064656258
      20
6939.63479086366
      30
0
      10
10674.1064656258
      20
6939.63479086366
      30
0
      10
10674.1583150877
      20
6939.45390921615
      30
0
      10
10674.2101645497
      20
6939.27302756863
      30
0
      10
10674.2620140116
      20
6939.09214592112
      30
0
      10
10674.2620140116
      20
6939.09214592112
      30
0
      10
10674.3602763314
      20
6938.82458316518
      30
0
      10
10674.4585386512
      20
6938.55702040923
      30
0
      10
10674.5568009709
      20
6938.28945765329
      30
0
      10
10674.5568009709
      20
6938.28945765329
      30
0
      10
10674.9369843695
      20
6937.40974137537
      30
0
      10
10675.317167768
      20
6936.53002509746
      30
0
      10
10675.6973511666
      20
6935.65030881954
      30
0
      10
10675.6973511666
      20
6935.65030881954
      30
0
      10
10675.7600440111
      20
6935.47283970989
      30
0
      10
10675.8227368555
      20
6935.29537060023
      30
0
      10
10675.8854297
      20
6935.11790149057
      30
0
      10
10675.8854297
      20
6935.11790149057
      30
0
      10
10675.9364996282
      20
6934.93875065508
      30
0
      10
10675.9875695565
      20
6934.75959981959
      30
0
      10
10676.0386394847
      20
6934.58044898411
      30
0
      10
10676.0386394847
      20
6934.58044898411
      30
0
      10
10676.0588549186
      20
6934.49008580783
      30
0
      10
10676.0790703526
      20
6934.39972263156
      30
0
      10
10676.0992857865
      20
6934.30935945529
      30
0
      10
10676.0992857865
      20
6934.30935945529
      30
0
      10
10676.1154423688
      20
6934.21838731291
      30
0
      10
10676.1315989512
      20
6934.12741517053
      30
0
      10
10676.1477555335
      20
6934.03644302815
      30
0
      10
10676.1477555335
      20
6934.03644302815
      30
0
      10
10676.1594688949
      20
6933.94479907425
      30
0
      10
10676.1711822563
      20
6933.85315512035
      30
0
      10
10676.1828956178
      20
6933.76151116645
      30
0
      10
10676.1828956178
      20
6933.76151116645
      30
0
      10
10676.1897813783
      20
6933.66913255831
      30
0
      10
10676.1966671388
      20
6933.57675395016
      30
0
      10
10676.2035528993
      20
6933.48437534202
      30
0
      10
10676.2035528993
      20
6933.48437534202
      30
0
      10
10676.2052266894
      20
6933.39119923028
      30
0
      10
10676.2069004794
      20
6933.29802311853
      30
0
      10
10676.2085742695
      20
6933.20484700679
      30
0
      10
10676.2085742695
      20
6933.20484700679
      30
0
      10
10676.2046517131
      20
6933.11081054997
      30
0
      10
10676.2007291568
      20
6933.01677409315
      30
0
      10
10676.1968066004
      20
6932.92273763633
      30
0
      10
10676.1968066004
      20
6932.92273763633
      30
0
      10
10676.1869033272
      20
6932.82777798911
      30
0
      10
10676.1770000541
      20
6932.73281834189
      30
0
      10
10676.1670967809
      20
6932.63785869467
      30
0
      10
10676.1670967809
      20
6932.63785869467
      30
0
      10
10676.150828414
      20
6932.54191301196
      30
0
      10
10676.134560047
      20
6932.44596732925
      30
0
      10
10676.11829168
      20
6932.35002164654
      30
0
      10
10676.11829168
      20
6932.35002164654
      30
0
      10
10676.0952738473
      20
6932.25302708135
      30
0
      10
10676.0722560147
      20
6932.15603251617
      30
0
      10
10676.049238182
      20
6932.05903795099
      30
0
      10
10676.049238182
      20
6932.05903795099
      30
0
      10
10675.9936769791
      20
6932.09669015965
      30
0
      10
10675.9381157762
      20
6932.13434236831
      30
0
      10
10675.8825545733
      20
6932.17199457698
      30
0
      10
10675.8825545733
      20
6932.17199457698
      30
0
      10
10675.7756893377
      20
6932.25702781526
      30
0
      10
10675.6688241021
      20
6932.34206105355
      30
0
      10
10675.5619588665
      20
6932.42709429183
      30
0
      10
10675.5619588665
      20
6932.42709429183
      30
0
      10
10675.4097915056
      20
6932.5730450621
      30
0
      10
10675.2576241446
      20
6932.71899583237
      30
0
      10
10675.1054567836
      20
6932.86494660263
      30
0
      10
10675.1054567836
      20
6932.86494660263
      30
0
      10
10674.6652853907
      20
6933.33581028448
      30
0
      10
10674.2251139979
      20
6933.80667396632
      30
0
      10
10673.7849426051
      20
6934.27753764816
      30
0
      10
10673.7849426051
      20
6934.27753764816
      30
0
      10
10673.6818552626
      20
6934.3686350934
      30
0
      10
10673.5787679202
      20
6934.45973253863
      30
0
      10
10673.4756805778
      20
6934.55082998387
      30
0
      10
10673.4756805778
      20
6934.55082998387
      30
0
      10
10673.4224130959
      20
6934.59216403238
      30
0
      10
10673.3691456139
      20
6934.6334980809
      30
0
      10
10673.315878132
      20
6934.67483212942
      30
0
      10
10673.315878132
      20
6934.67483212942
      30
0
      10
10673.2612381163
      20
6934.71283006983
      30
0
      10
10673.2065981006
      20
6934.75082801025
      30
0
      10
10673.1519580849
      20
6934.78882595066
      30
0
      10
10673.1519580849
      20
6934.78882595066
      30
0
      10
10673.0957780394
      20
6934.82309304201
      30
0
      10
10673.039597994
      20
6934.85736013336
      30
0
      10
10672.9834179486
      20
6934.89162722471
      30
0
      10
10672.9834179486
      20
6934.89162722471
      30
0
      10
10672.9255303776
      20
6934.92176872328
      30
0
      10
10672.8676428066
      20
6934.95191022184
      30
0
      10
10672.8097552356
      20
6934.98205172041
      30
0
      10
10672.8097552356
      20
6934.98205172041
      30
0
      10
10672.7499926453
      20
6935.00767288263
      30
0
      10
10672.690230055
      20
6935.03329404484
      30
0
      10
10672.6304674648
      20
6935.05891520706
      30
0
      10
10672.6304674648
      20
6935.05891520706
      30
0
      10
10672.5686623574
      20
6935.07962129168
      30
0
      10
10672.50685725
      20
6935.1003273763
      30
0
      10
10672.4450521426
      20
6935.12103346093
      30
0
      10
10672.4450521426
      20
6935.12103346093
      30
0
      10
10672.3810370235
      20
6935.13642972493
      30
0
      10
10672.3170219044
      20
6935.15182598894
      30
0
      10
10672.2530067854
      20
6935.16722225294
      30
0
      10
10672.2530067854
      20
6935.16722225294
      30
0
      10
10672.1866141595
      20
6935.176913953
      30
0
      10
10672.1202215336
      20
6935.18660565306
      30
0
      10
10672.0538289078
      20
6935.19629735312
      30
0
      10
10672.0538289078
      20
6935.19629735312
      30
0
      10
10671.98489128
      20
6935.19988974414
      30
0
      10
10671.9159536523
      20
6935.20348213516
      30
0
      10
10671.8470160245
      20
6935.20707452618
      30
0
      10
10671.8470160245
      20
6935.20707452618
      30
0
      10
10671.7753658995
      20
6935.20417286929
      30
0
      10
10671.7037157745
      20
6935.2012712124
      30
0
      10
10671.6320656496
      20
6935.19836955551
      30
0
      10
10671.6320656496
      20
6935.19836955551
      30
0
      10
10671.5575355303
      20
6935.18857910437
      30
0
      10
10671.483005411
      20
6935.17878865323
      30
0
      10
10671.4084752918
      20
6935.16899820209
      30
0
      10
10671.4084752918
      20
6935.16899820209
      30
0
      10
10671.3308976846
      20
6935.15192421658
      30
0
      10
10671.2533200774
      20
6935.13485023107
      30
0
      10
10671.1757424702
      20
6935.11777624556
      30
0
      10
10671.1757424702
      20
6935.11777624556
      30
0
      10
10671.1654205879
      20
6934.99826769705
      30
0
      10
10671.1550987057
      20
6934.87875914853
      30
0
      10
10671.1447768234
      20
6934.75925060002
      30
0
      10
10671.1447768234
      20
6934.75925060002
      30
0
      10
10671.147910053
      20
6934.58338896112
      30
0
      10
10671.1510432826
      20
6934.40752732223
      30
0
      10
10671.1541765122
      20
6934.23166568333
      30
0
      10
10671.1541765122
      20
6934.23166568333
      30
0
      10
10671.1871876073
      20
6934.00244048998
      30
0
      10
10671.2201987025
      20
6933.77321529664
      30
0
      10
10671.2532097976
      20
6933.54399010329
      30
0
      10
10671.2532097976
      20
6933.54399010329
      30
0
      10
10671.5932609288
      20
6932.48798683199
      30
0
      10
10671.9333120601
      20
6931.43198356069
      30
0
      10
10672.2733631913
      20
6930.37598028939
      30
0
      10
10672.2733631913
      20
6930.37598028939
      30
0
      10
10672.2883777344
      20
6930.31982328019
      30
0
      10
10672.3033922774
      20
6930.26366627098
      30
0
      10
10672.3184068205
      20
6930.20750926178
      30
0
      10
10672.3184068205
      20
6930.20750926178
      30
0
      10
10672.330892044
      20
6930.0894411112
      30
0
      10
10672.3433772676
      20
6929.97137296062
      30
0
      10
10672.3558624911
      20
6929.85330481004
      30
0
      10
10672.3558624911
      20
6929.85330481004
      30
0
      10
10672.3556516992
      20
6929.73742562299
      30
0
      10
10672.3554409074
      20
6929.62154643594
      30
0
      10
10672.3552301155
      20
6929.50566724889
      30
0
      10
10672.3552301155
      20
6929.50566724889
      30
0
      10
10672.3434830446
      20
6929.39189562969
      30
0
      10
10672.3317359737
      20
6929.2781240105
      30
0
      10
10672.3199889028
      20
6929.1643523913
      30
0
      10
10672.3199889028
      20
6929.1643523913
      30
0
      10
10672.2978652934
      20
6929.05260694645
      30
0
      10
10672.2757416841
      20
6928.9408615016
      30
0
      10
10672.2536180748
      20
6928.82911605674
      30
0
      10
10672.2536180748
      20
6928.82911605674
      30
0
      10
10672.2035135748
      20
6928.665118915
      30
0
      10
10672.1534090747
      20
6928.50112177326
      30
0
      10
10672.1033045747
      20
6928.33712463152
      30
0
      10
10672.1033045747
      20
6928.33712463152
      30
0
      10
10671.9565386287
      20
6928.02115879778
      30
0
      10
10671.8097726827
      20
6927.70519296403
      30
0
      10
10671.6630067367
      20
6927.38922713029
      30
0
      10
10671.6630067367
      20
6927.38922713029
      30
0
      10
10671.2928423019
      20
6926.79771752484
      30
0
      10
10670.9226778672
      20
6926.2062079194
      30
0
      10
10670.5525134325
      20
6925.61469831395
      30
0
      10
10670.5525134325
      20
6925.61469831395
      30
0
      10
10670.4785701601
      20
6925.6747989915
      30
0
      10
10670.4046268878
      20
6925.73489966904
      30
0
      10
10670.3306836154
      20
6925.79500034659
      30
0
      10
10670.3306836154
      20
6925.79500034659
      30
0
      10
10670.0319540786
      20
6926.1057736444
      30
0
      10
10669.7332245419
      20
6926.4165469422
      30
0
      10
10669.4344950051
      20
6926.72732024001
      30
0
      10
10669.4344950051
      20
6926.72732024001
      30
0
      10
10669.2379868294
      20
6926.91794551149
      30
0
      10
10669.0414786537
      20
6927.10857078298
      30
0
      10
10668.844970478
      20
6927.29919605447
      30
0
      10
10668.844970478
      20
6927.29919605447
      30
0
      10
10668.7626620931
      20
6927.36157707461
      30
0
      10
10668.6803537082
      20
6927.42395809476
      30
0
      10
10668.5980453233
      20
6927.48633911491
      30
0
      10
10668.5980453233
      20
6927.48633911491
      30
0
      10
10668.532446177
      20
6927.52769760477
      30
0
      10
10668.4680545879
      20
6927.57116585696
      30
0
      10
10668.3987551149
      20
6927.60605938663
      30
0
      10
10668.3987551149
      20
6927.60605938663
      30
0
      10
10668.3366883446
      20
6927.64177453067
      30
0
      10
10668.2699271895
      20
6927.6689769995
      30
0
      10
10668.2041259935
      20
6927.69722378132
      30
0
      10
10668.2041259935
      20
6927.69722378132
      30
0
      10
10668.145044311
      20
6927.71638226864
      30
0
      10
10668.0873901485
      20
6927.74055353951
      30
0
      10
10668.0261937209
      20
6927.75228602948
      30
0
      10
10668.0261937209
      20
6927.75228602948
      30
0
      10
10667.9818153465
      20
6927.76267938385
      30
0
      10
10667.9377007061
      20
6927.77454064797
      30
0
      10
10667.8920495733
      20
6927.7778499883
      30
0
      10
10667.8920495733
      20
6927.7778499883
      30
0
      10
10667.8468895585
      20
6927.78311699493
      30
0
      10
10667.8018520243
      20
6927.79078574299
      30
0
      10
10667.7563151976
      20
6927.78866379271
      30
0
      10
10667.7563151976
      20
6927.78866379271
      30
0
      10
10667.7095832116
      20
6927.7884965807
      30
0
      10
10667.6627190333
      20
6927.79152743118
      30
0
      10
10667.6163016831
      20
6927.7837483889
      30
0
      10
10667.6163016831
      20
6927.7837483889
      30
0
      10
10667.5683321933
      20
6927.7777397036
      30
0
      10
10667.5197012375
      20
6927.7753542033
      30
0
      10
10667.473111553
      20
6927.76178762498
      30
0
      10
10667.473111553
      20
6927.76178762498
      30
0
      10
10667.4236504906
      20
6927.74949759299
      30
0
      10
10667.3730555363
      20
6927.74100076931
      30
0
      10
10667.3258039746
      20
6927.72131929501
      30
0
      10
10667.3258039746
      20
6927.72131929501
      30
0
      10
10667.2911010983
      20
6927.70884066347
      30
0
      10
10667.2563982219
      20
6927.69636203194
      30
0
      10
10667.2216953456
      20
6927.6838834004
      30
0
      10
10667.2216953456
      20
6927.6838834004
      30
0
      10
10667.170401204
      20
6927.658997975
      30
0
      10
10667.1191070623
      20
6927.63411254961
      30
0
      10
10667.0678129206
      20
6927.60922712421
      30
0
      10
10667.0678129206
      20
6927.60922712421
      30
0
      10
10667.0153519285
      20
6927.57712361298
      30
0
      10
10666.9628909364
      20
6927.54502010174
      30
0
      10
10666.9104299442
      20
6927.51291659051
      30
0
      10
10666.9104299442
      20
6927.51291659051
      30
0
      10
10666.9172929067
      20
6927.45176544725
      30
0
      10
10666.9241558691
      20
6927.390614304
      30
0
      10
10666.9310188316
      20
6927.32946316074
      30
0
      10
10666.9310188316
      20
6927.32946316074
      30
0
      10
10666.9545087214
      20
6927.20925329944
      30
0
      10
10666.9779986112
      20
6927.08904343814
      30
0
      10
10667.001488501
      20
6926.96883357684
      30
0
      10
10667.001488501
      20
6926.96883357684
      30
0
      10
10667.0363664763
      20
6926.85100151492
      30
0
      10
10667.0712444516
      20
6926.73316945301
      30
0
      10
10667.1061224269
      20
6926.61533739109
      30
0
      10
10667.1061224269
      20
6926.61533739109
      30
0
      10
10667.2022160461
      20
6926.38482855177
      30
0
      10
10667.2983096653
      20
6926.15431971244
      30
0
      10
10667.3944032846
      20
6925.92381087312
      30
0
      10
10667.3944032846
      20
6925.92381087312
      30
0
      10
10667.7780679852
      20
6925.17886795639
      30
0
      10
10668.1617326859
      20
6924.43392503965
      30
0
      10
10668.5453973865
      20
6923.68898212292
      30
0
      10
10668.5453973865
      20
6923.68898212292
      30
0
      10
10668.6103016016
      20
6923.50809625117
      30
0
      10
10668.6752058166
      20
6923.32721037941
      30
0
      10
10668.7401100316
      20
6923.14632450766
      30
0
      10
10668.7401100316
      20
6923.14632450766
      30
0
      10
10668.7711183853
      20
6923.02200945624
      30
0
      10
10668.802126739
      20
6922.89769440483
      30
0
      10
10668.8331350927
      20
6922.77337935342
      30
0
      10
10668.8331350927
      20
6922.77337935342
      30
0
      10
10668.8442271908
      20
6922.70991903999
      30
0
      10
10668.8553192888
      20
6922.64645872656
      30
0
      10
10668.8664113869
      20
6922.58299841313
      30
0
      10
10668.8664113869
      20
6922.58299841313
      30
0
      10
10668.8742359899
      20
6922.51858715377
      30
0
      10
10668.882060593
      20
6922.45417589441
      30
0
      10
10668.889885196
      20
6922.38976463505
      30
0
      10
10668.889885196
      20
6922.38976463505
      30
0
      10
10668.8194506814
      20
6922.38533757222
      30
0
      10
10668.7490161668
      20
6922.38091050939
      30
0
      10
10668.6785816521
      20
6922.37648344656
      30
0
      10
10668.6785816521
      20
6922.37648344656
      30
0
      10
10668.6122050851
      20
6922.37789466591
      30
0
      10
10668.545828518
      20
6922.37930588526
      30
0
      10
10668.4794519509
      20
6922.38071710461
      30
0
      10
10668.4794519509
      20
6922.38071710461
      30
0
      10
10668.4169318813
      20
6922.38766820085
      30
0
      10
10668.3544118117
      20
6922.3946192971
      30
0
      10
10668.2918917421
      20
6922.40157039334
      30
0
      10
10668.2918917421
      20
6922.40157039334
      30
0
      10
10668.2330267206
      20
6922.41376296654
      30
0
      10
10668.1741616991
      20
6922.42595553973
      30
0
      10
10668.1152966776
      20
6922.43814811293
      30
0
      10
10668.1152966776
      20
6922.43814811293
      30
0
      10
10668.059885249
      20
6922.45528375841
      30
0
      10
10668.0044738204
      20
6922.47241940388
      30
0
      10
10667.9490623918
      20
6922.48955504936
      30
0
      10
10667.9490623918
      20
6922.48955504936
      30
0
      10
10667.8969031041
      20
6922.51133536758
      30
0
      10
10667.8447438164
      20
6922.53311568579
      30
0
      10
10667.7925845287
      20
6922.554896004
      30
0
      10
10667.7925845287
      20
6922.554896004
      30
0
      10
10667.7434759331
      20
6922.58102258959
      30
0
      10
10667.6943673375
      20
6922.60714917518
      30
0
      10
10667.645258742
      20
6922.63327576077
      30
0
      10
10667.645258742
      20
6922.63327576077
      30
0
      10
10667.582253573
      20
6922.67573765636
      30
0
      10
10667.5159198685
      20
6922.71348609377
      30
0
      10
10667.4572531147
      20
6922.76209151349
      30
0
      10
10667.4572531147
      20
6922.76209151349
      30
0
      10
10667.4300507251
      20
6922.7832513021
      30
0
      10
10667.4028483356
      20
6922.8044110907
      30
0
      10
10667.375645946
      20
6922.8255708793
      30
0
      10
10667.375645946
      20
6922.8255708793
      30
0
      10
10667.3344807076
      20
6922.8629458634
      30
0
      10
10667.2933154693
      20
6922.9003208475
      30
0
      10
10667.2521502309
      20
6922.93769583159
      30
0
      10
10667.2521502309
      20
6922.93769583159
      30
0
      10
10667.2132298745
      20
6922.97822347301
      30
0
      10
10667.1743095181
      20
6923.01875111443
      30
0
      10
10667.1353891617
      20
6923.05927875585
      30
0
      10
10667.1353891617
      20
6923.05927875585
      30
0
      10
10667.063477285
      20
6923.14859841421
      30
0
      10
10666.9915654083
      20
6923.23791807257
      30
0
      10
10666.9196535316
      20
6923.32723773094
      30
0
      10
10666.9196535316
      20
6923.32723773094
      30
0
      10
10666.8235860321
      20
6923.47740212092
      30
0
      10
10666.7275185326
      20
6923.62756651091
      30
0
      10
10666.6314510331
      20
6923.77773090089
      30
0
      10
10666.6314510331
      20
6923.77773090089
      30
0
      10
10666.3480235198
      20
6924.32156731059
      30
0
      10
10666.0645960065
      20
6924.86540372028
      30
0
      10
10665.7811684931
      20
6925.40924012996
      30
0
      10
10665.7811684931
      20
6925.40924012996
      30
0
      10
10665.7191892507
      20
6925.50809499536
      30
0
      10
10665.6572100083
      20
6925.60694986075
      30
0
      10
10665.595230766
      20
6925.70580472615
      30
0
      10
10665.595230766
      20
6925.70580472615
      30
0
      10
10665.5622699896
      20
6925.75205349327
      30
0
      10
10665.5293092133
      20
6925.79830226038
      30
0
      10
10665.4963484369
      20
6925.8445510275
      30
0
      10
10665.4963484369
      20
6925.8445510275
      30
0
      10
10665.2435357516
      20
6925.77866967832
      30
0
      10
10664.9907230663
      20
6925.71278832914
      30
0
      10
10664.737910381
      20
6925.64690697995
      30
0
      10
10664.737910381
      20
6925.64690697995
      30
0
      10
10664.9025558425
      20
6924.47782980565
      30
0
      10
10665.0672013041
      20
6923.30875263135
      30
0
      10
10665.2318467657
      20
6922.13967545705
      30
0
      10
10665.2318467657
      20
6922.13967545705
      30
0
      10
10665.2300182982
      20
6922.07089813655
      30
0
      10
10665.2281898308
      20
6922.00212081605
      30
0
      10
10665.2263613633
      20
6921.93334349555
      30
0
      10
10665.2263613633
      20
6921.93334349555
      30
0
      10
10665.2131098685
      20
6921.86814235761
      30
0
      10
10665.1998583738
      20
6921.80294121968
      30
0
      10
10665.1866068791
      20
6921.73774008175
      30
0
      10
10665.1866068791
      20
6921.73774008175
      30
0
      10
10665.1631287715
      20
6921.67689255277
      30
0
      10
10665.1396506639
      20
6921.61604502379
      30
0
      10
10665.1161725562
      20
6921.55519749482
      30
0
      10
10665.1161725562
      20
6921.55519749482
      30
0
      10
10665.0836642592
      20
6921.49948100242
      30
0
      10
10665.0511559621
      20
6921.44376451003
      30
0
      10
10665.0186476651
      20
6921.38804801763
      30
0
      10
10665.0186476651
      20
6921.38804801763
      30
0
      10
10664.9555707837
      20
6921.31579459348
      30
0
      10
10664.8924939024
      20
6921.24354116933
      30
0
      10
10664.8294170211
      20
6921.17128774518
      30
0
      10
10664.8294170211
      20
6921.17128774518
      30
0
      10
10664.7527520758
      20
6921.11495217847
      30
0
      10
10664.6760871305
      20
6921.05861661176
      30
0
      10
10664.5994221852
      20
6921.00228104505
      30
0
      10
10664.5994221852
      20
6921.00228104505
      30
0
      10
10664.5132070951
      20
6920.96448715308
      30
0
      10
10664.4269920049
      20
6920.92669326112
      30
0
      10
10664.3407769148
      20
6920.88889936915
      30
0
      10
10664.3407769148
      20
6920.88889936915
      30
0
      10
10664.2799885848
      20
6920.87530008462
      30
0
      10
10664.2192002547
      20
6920.86170080009
      30
0
      10
10664.1584119247
      20
6920.84810151555
      30
0
      10
10664.1584119247
      20
6920.84810151555
      30
0
      10
10664.0963701371
      20
6920.84468654287
      30
0
      10
10664.0343283495
      20
6920.84127157018
      30
0
      10
10663.9722865619
      20
6920.83785659748
      30
0
      10
10663.9722865619
      20
6920.83785659748
      30
0
      10
10663.9101877352
      20
6920.84540336454
      30
0
      10
10663.8480889084
      20
6920.85295013161
      30
0
      10
10663.7859900816
      20
6920.86049689866
      30
0
      10
10663.7859900816
      20
6920.86049689866
      30
0
      10
10663.7250306369
      20
6920.87978283032
      30
0
      10
10663.6640711921
      20
6920.89906876198
      30
0
      10
10663.6031117474
      20
6920.91835469363
      30
0
      10
10663.6031117474
      20
6920.91835469363
      30
0
      10
10663.5444881048
      20
6920.95015722082
      30
0
      10
10663.4858644622
      20
6920.981959748
      30
0
      10
10663.4272408196
      20
6921.01376227518
      30
0
      10
10663.4272408196
      20
6921.01376227518
      30
0
      10
10663.3830291965
      20
6921.04671989149
      30
0
      10
10663.3375675177
      20
6921.07811504952
      30
0
      10
10663.29792311
      20
6921.11678127842
      30
0
      10
10663.29792311
      20
6921.11678127842
      30
0
      10
10663.2859375933
      20
6921.12753815645
      30
0
      10
10663.2739520766
      20
6921.13829503448
      30
0
      10
10663.2619665599
      20
6921.14905191251
      30
0
      10
10663.2619665599
      20
6921.14905191251
      30
0
      10
10663.1654444255
      20
6921.24827324537
      30
0
      10
10663.0689222911
      20
6921.34749457822
      30
0
      10
10662.9724001566
      20
6921.44671591108
      30
0
      10
10662.9724001566
      20
6921.44671591108
      30
0
      10
10662.8858500484
      20
6921.55220996426
      30
0
      10
10662.7992999401
      20
6921.65770401745
      30
0
      10
10662.7127498318
      20
6921.76319807064
      30
0
      10
10662.7127498318
      20
6921.76319807064
      30
0
      10
10662.5992637698
      20
6921.93165725601
      30
0
      10
10662.4857777079
      20
6922.10011644139
      30
0
      10
10662.3722916459
      20
6922.26857562676
      30
0
      10
10662.3722916459
      20
6922.26857562676
      30
0
      10
10662.2458162665
      20
6922.50855788057
      30
0
      10
10662.1193408872
      20
6922.74854013438
      30
0
      10
10661.9928655078
      20
6922.98852238818
      30
0
      10
10661.9928655078
      20
6922.98852238818
      30
0
      10
10661.5526577407
      20
6924.14031231198
      30
0
      10
10661.1124499736
      20
6925.29210223577
      30
0
      10
10660.6722422065
      20
6926.44389215956
      30
0
      10
10660.6722422065
      20
6926.44389215956
      30
0
      10
10660.6105659841
      20
6926.36057792574
      30
0
      10
10660.5488897616
      20
6926.2772636919
      30
0
      10
10660.4872135392
      20
6926.19394945807
      30
0
      10
10660.4872135392
      20
6926.19394945807
      30
0
      10
10660.4335692888
      20
6926.10719290923
      30
0
      10
10660.3799250384
      20
6926.02043636038
      30
0
      10
10660.3262807881
      20
6925.93367981154
      30
0
      10
10660.3262807881
      20
6925.93367981154
      30
0
      10
10660.2799711644
      20
6925.84380162997
      30
0
      10
10660.2336615406
      20
6925.7539234484
      30
0
      10
10660.1873519169
      20
6925.66404526683
      30
0
      10
10660.1873519169
      20
6925.66404526683
      30
0
      10
10660.1476795713
      20
6925.57136613277
      30
0
      10
10660.1080072258
      20
6925.47868699872
      30
0
      10
10660.0683348802
      20
6925.38600786466
      30
0
      10
10660.0683348802
      20
6925.38600786466
      30
0
      10
10660.0346024654
      20
6925.29084845647
      30
0
      10
10660.0008700506
      20
6925.19568904828
      30
0
      10
10659.9671376358
      20
6925.10052964009
      30
0
      10
10659.9671376358
      20
6925.10052964009
      30
0
      10
10659.9386478038
      20
6925.00321064028
      30
0
      10
10659.9101579718
      20
6924.90589164046
      30
0
      10
10659.8816681398
      20
6924.80857264064
      30
0
      10
10659.8816681398
      20
6924.80857264064
      30
0
      10
10659.8577235439
      20
6924.70941473046
      30
0
      10
10659.833778948
      20
6924.61025682029
      30
0
      10
10659.809834352
      20
6924.51109891011
      30
0
      10
10659.809834352
      20
6924.51109891011
      30
0
      10
10659.7727914754
      20
6924.30854907592
      30
0
      10
10659.7357485988
      20
6924.10599924173
      30
0
      10
10659.6987057222
      20
6923.90344940754
      30
0
      10
10659.6987057222
      20
6923.90344940754
      30
0
      10
10659.6097204727
      20
6923.18373933014
      30
0
      10
10659.5207352233
      20
6922.46402925274
      30
0
      10
10659.4317499739
      20
6921.74431917533
      30
0
      10
10659.4317499739
      20
6921.74431917533
      30
0
      10
10659.4149036132
      20
6921.64440958304
      30
0
      10
10659.3980572526
      20
6921.54449999075
      30
0
      10
10659.3812108919
      20
6921.44459039845
      30
0
      10
10659.3812108919
      20
6921.44459039845
      30
0
      10
10659.3612389439
      20
6921.34636938315
      30
0
      10
10659.3412669959
      20
6921.24814836784
      30
0
      10
10659.3212950478
      20
6921.14992735254
      30
0
      10
10659.3212950478
      20
6921.14992735254
      30
0
      10
10659.297500163
      20
6921.05371559061
      30
0
      10
10659.2737052782
      20
6920.95750382869
      30
0
      10
10659.2499103934
      20
6920.86129206676
      30
0
      10
10659.2499103934
      20
6920.86129206676
      30
0
      10
10659.2215952252
      20
6920.76741024404
      30
0
      10
10659.193280057
      20
6920.67352842131
      30
0
      10
10659.1649648888
      20
6920.57964659858
      30
0
      10
10659.1649648888
      20
6920.57964659858
      30
0
      10
10659.1314320903
      20
6920.48841539187
      30
0
      10
10659.0978992919
      20
6920.39718418515
      30
0
      10
10659.0643664934
      20
6920.30595297843
      30
0
      10
10659.0643664934
      20
6920.30595297843
      30
0
      10
10659.0249187148
      20
6920.2176930693
      30
0
      10
10658.9854709363
      20
6920.12943316016
      30
0
      10
10658.9460231577
      20
6920.04117325102
      30
0
      10
10658.9460231577
      20
6920.04117325102
      30
0
      10
10658.8999630538
      20
6919.95620531959
      30
0
      10
10658.85390295
      20
6919.87123738816
      30
0
      10
10658.8078428461
      20
6919.78626945672
      30
0
      10
10658.8078428461
      20
6919.78626945672
      30
0
      10
10658.7544730671
      20
6919.70491418549
      30
0
      10
10658.7011032881
      20
6919.62355891426
      30
0
      10
10658.6477335091
      20
6919.54220364303
      30
0
      10
10658.6477335091
      20
6919.54220364303
      30
0
      10
10658.5863567095
      20
6919.464781711
      30
0
      10
10658.5249799099
      20
6919.38735977897
      30
0
      10
10658.4636031103
      20
6919.30993784694
      30
0
      10
10658.4636031103
      20
6919.30993784694
      30
0
      10
10658.3935219423
      20
6919.23676993473
      30
0
      10
10658.3234407742
      20
6919.16360202252
      30
0
      10
10658.2533596061
      20
6919.09043411032
      30
0
      10
10658.2533596061
      20
6919.09043411032
      30
0
      10
10658.1738767189
      20
6919.02184089838
      30
0
      10
10658.0943938316
      20
6918.95324768644
      30
0
      10
10658.0149109444
      20
6918.8846544745
      30
0
      10
10658.0149109444
      20
6918.8846544745
      30
0
      10
10657.925328994
      20
6918.8209566445
      30
0
      10
10657.8357470436
      20
6918.7572588145
      30
0
      10
10657.7461650933
      20
6918.6935609845
      30
0
      10
10657.7461650933
      20
6918.6935609845
      30
0
      10
10657.6457867316
      20
6918.63507921574
      30
0
      10
10657.5454083699
      20
6918.57659744697
      30
0
      10
10657.4450300082
      20
6918.5181156782
      30
0
      10
10657.4450300082
      20
6918.5181156782
      30
0
      10
10657.0751350464
      20
6919.02087305881
      30
0
      10
10656.7052400845
      20
6919.52363043942
      30
0
      10
10656.3353451226
      20
6920.02638782003
      30
0
      10
10656.3353451226
      20
6920.02638782003
      30
0
      10
10655.9177260716
      20
6920.48391359369
      30
0
      10
10655.5001070206
      20
6920.94143936734
      30
0
      10
10655.0824879696
      20
6921.398965141
      30
0
      10
10655.0824879696
      20
6921.398965141
      30
0
      10
10654.6874460901
      20
6921.75280155612
      30
0
      10
10654.2924042106
      20
6922.10663797123
      30
0
      10
10653.8973623311
      20
6922.46047438634
      30
0
      10
10653.8973623311
      20
6922.46047438634
      30
0
      10
10653.468881065
      20
6922.77688925655
      30
0
      10
10653.0403997989
      20
6923.09330412677
      30
0
      10
10652.6119185327
      20
6923.40971899698
      30
0
      10
10652.6119185327
      20
6923.40971899698
      30
0
      10
10652.3853722447
      20
6923.55328900245
      30
0
      10
10652.1588259567
      20
6923.69685900792
      30
0
      10
10651.9322796687
      20
6923.84042901338
      30
0
      10
10651.9322796687
      20
6923.84042901338
      30
0
      10
10651.5059542278
      20
6923.64939558375
      30
0
      10
10651.0796287869
      20
6923.45836215411
      30
0
      10
10650.653303346
      20
6923.26732872448
      30
0
      10
10650.653303346
      20
6923.26732872448
      30
0
      10
10650.5996509225
      20
6923.17818487987
      30
0
      10
10650.5459984991
      20
6923.08904103526
      30
0
      10
10650.4923460756
      20
6922.99989719066
      30
0
      10
10650.4923460756
      20
6922.99989719066
      30
0
      10
10650.4583129226
      20
6922.56039776156
      30
0
      10
10650.4242797697
      20
6922.12089833247
      30
0
      10
10650.3902466167
      20
6921.68139890338
      30
0
      10
10650.3902466167
      20
6921.68139890338
      30
0
      10
10650.5095182881
      20
6919.99640594582
      30
0
      10
10650.6287899595
      20
6918.31141298826
      30
0
      10
10650.7480616309
      20
6916.62642003071
      30
0
      10
10650.7480616309
      20
6916.62642003071
      30
0
      10
10650.5853266912
      20
6916.68399274314
      30
0
      10
10650.4225917514
      20
6916.74156545558
      30
0
      10
10650.2598568117
      20
6916.79913816801
      30
0
      10
10650.2598568117
      20
6916.79913816801
      30
0
      10
10650.0245776651
      20
6916.9015331259
      30
0
      10
10649.7892985185
      20
6917.00392808378
      30
0
      10
10649.5540193719
      20
6917.10632304166
      30
0
      10
10649.5540193719
      20
6917.10632304166
      30
0
      10
10649.180673081
      20
6917.31113733029
      30
0
      10
10648.8073267901
      20
6917.51595161892
      30
0
      10
10648.4339804992
      20
6917.72076590755
      30
0
      10
10648.4339804992
      20
6917.72076590755
      30
0
      10
10647.0834286819
      20
6918.62353586335
      30
0
      10
10645.7328768647
      20
6919.52630581915
      30
0
      10
10644.3823250474
      20
6920.42907577496
      30
0
      10
10644.3823250474
      20
6920.42907577496
      30
0
      10
10643.647217895
      20
6920.56960753944
      30
0
      10
10642.9121107427
      20
6920.71013930392
      30
0
      10
10642.1770035903
      20
6920.8506710684
      30
0
      10
10642.1770035903
      20
6920.8506710684
      30
0
      10
10642.2234005458
      20
6919.49414361119
      30
0
      10
10642.2697975012
      20
6918.13761615398
      30
0
      10
10642.3161944566
      20
6916.78108869677
      30
0
      10
10642.3161944566
      20
6916.78108869677
      30
0
      10
10642.317166174
      20
6916.72064145406
      30
0
      10
10642.3197618207
      20
6916.66016436023
      30
0
      10
10642.3134958833
      20
6916.59985016028
      30
0
      10
10642.3134958833
      20
6916.59985016028
      30
0
      10
10642.312607647
      20
6916.58653647744
      30
0
      10
10642.3117194107
      20
6916.57322279461
      30
0
      10
10642.3108311744
      20
6916.55990911177
      30
0
      10
10642.3108311744
      20
6916.55990911177
      30
0
      10
10642.2975670694
      20
6916.49333317884
      30
0
      10
10642.2843029645
      20
6916.42675724592
      30
0
      10
10642.2710388595
      20
6916.36018131299
      30
0
      10
10642.2710388595
      20
6916.36018131299
      30
0
      10
10642.2474154474
      20
6916.30039604146
      30
0
      10
10642.2237920353
      20
6916.24061076993
      30
0
      10
10642.2001686231
      20
6916.1808254984
      30
0
      10
10642.2001686231
      20
6916.1808254984
      30
0
      10
10642.1673029438
      20
6916.12747095943
      30
0
      10
10642.1344372646
      20
6916.07411642046
      30
0
      10
10642.1015715853
      20
6916.02076188149
      30
0
      10
10642.1015715853
      20
6916.02076188149
      30
0
      10
10642.0373873302
      20
6915.95200034547
      30
0
      10
10641.9732030751
      20
6915.88323880944
      30
0
      10
10641.90901882
      20
6915.81447727342
      30
0
      10
10641.90901882
      20
6915.81447727342
      30
0
      10
10641.8015175558
      20
6915.74194343235
      30
0
      10
10641.6940162917
      20
6915.66940959129
      30
0
      10
10641.5865150275
      20
6915.59687575022
      30
0
      10
10641.5865150275
      20
6915.59687575022
      30
0
      10
10641.2635370411
      20
6915.49343558076
      30
0
      10
10640.9405590546
      20
6915.38999541129
      30
0
      10
10640.6175810682
      20
6915.28655524183
      30
0
      10
10640.6175810682
      20
6915.28655524183
      30
0
      10
10640.490157731
      20
6915.26877839267
      30
0
      10
10640.3627343938
      20
6915.25100154352
      30
0
      10
10640.2353110566
      20
6915.23322469437
      30
0
      10
10640.2353110566
      20
6915.23322469437
      30
0
      10
10640.1129604076
      20
6915.30484521109
      30
0
      10
10639.9906097586
      20
6915.37646572781
      30
0
      10
10639.8682591096
      20
6915.44808624453
      30
0
      10
10639.8682591096
      20
6915.44808624453
      30
0
      10
10639.7255729275
      20
6915.56555930052
      30
0
      10
10639.5828867454
      20
6915.68303235651
      30
0
      10
10639.4402005634
      20
6915.8005054125
      30
0
      10
10639.4402005634
      20
6915.8005054125
      30
0
      10
10639.2066293855
      20
6916.08933592258
      30
0
      10
10638.9730582076
      20
6916.37816643266
      30
0
      10
10638.7394870297
      20
6916.66699694274
      30
0
      10
10638.7394870297
      20
6916.66699694274
      30
0
      10
10638.3951295884
      20
6917.22591963956
      30
0
      10
10638.0507721471
      20
6917.78484233639
      30
0
      10
10637.7064147058
      20
6918.34376503322
      30
0
      10
10637.7064147058
      20
6918.34376503322
      30
0
      10
10637.4080018694
      20
6918.35479406999
      30
0
      10
10637.1095890329
      20
6918.36582310677
      30
0
      10
10636.8111761965
      20
6918.37685214354
      30
0
      10
10636.8111761965
      20
6918.37685214354
      30
0
      10
10636.4121224866
      20
6918.40039437236
      30
0
      10
10636.0130687767
      20
6918.42393660118
      30
0
      10
10635.6140150668
      20
6918.44747883
      30
0
      10
10635.6140150668
      20
6918.44747883
      30
0
      10
10635.4905208045
      20
6918.43136198196
      30
0
      10
10635.3670265422
      20
6918.41524513391
      30
0
      10
10635.2435322799
      20
6918.39912828587
      30
0
      10
10635.2435322799
      20
6918.39912828587
      30
0
      10
10635.1665845039
      20
6918.37634296577
      30
0
      10
10635.089636728
      20
6918.35355764568
      30
0
      10
10635.0126889521
      20
6918.33077232559
      30
0
      10
10635.0126889521
      20
6918.33077232559
      30
0
      10
10634.9567272634
      20
6918.30638520503
      30
0
      10
10634.8996072988
      20
6918.2845063194
      30
0
      10
10634.8467885477
      20
6918.25331319885
      30
0
      10
10634.8467885477
      20
6918.25331319885
      30
0
      10
10634.7938679701
      20
6918.22748397773
      30
0
      10
10634.7468226477
      20
6918.19214875556
      30
0
      10
10634.6976778843
      20
6918.16021037105
      30
0
      10
10634.6976778843
      20
6918.16021037105
      30
0
      10
10634.6516668668
      20
6918.12176368848
      30
0
      10
10634.6028422865
      20
6918.08646746785
      30
0
      10
10634.562003588
      20
6918.04222912699
      30
0
      10
10634.562003588
      20
6918.04222912699
      30
0
      10
10634.5310924445
      20
6918.01256476284
      30
0
      10
10634.5013770526
      20
6917.98183587144
      30
0
      10
10634.4752793304
      20
6917.94788632113
      30
0
      10
10634.4752793304
      20
6917.94788632113
      30
0
      10
10634.4463451753
      20
6917.91400697577
      30
0
      10
10634.4185195635
      20
6917.87929027617
      30
0
      10
10634.3947490957
      20
6917.84151046443
      30
0
      10
10634.3947490957
      20
6917.84151046443
      30
0
      10
10634.3675867752
      20
6917.8027510073
      30
0
      10
10634.3415039499
      20
6917.76329793085
      30
0
      10
10634.3198191702
      20
6917.72101893222
      30
0
      10
10634.3198191702
      20
6917.72101893222
      30
0
      10
10634.3063651255
      20
6917.69680718762
      30
0
      10
10634.2929110807
      20
6917.67259544302
      30
0
      10
10634.279457036
      20
6917.64838369843
      30
0
      10
10634.279457036
      20
6917.64838369843
      30
0
      10
10634.2434050602
      20
6917.55290615227
      30
0
      10
10634.2073530845
      20
6917.45742860611
      30
0
      10
10634.1713011087
      20
6917.36195105996
      30
0
      10
10634.1713011087
      20
6917.36195105996
      30
0
      10
10634.1364742374
      20
6917.21440348452
      30
0
      10
10634.1016473661
      20
6917.06685590909
      30
0
      10
10634.0668204948
      20
6916.91930833365
      30
0
      10
10634.0668204948
      20
6916.91930833365
      30
0
      10
10634.045669425
      20
6916.24947635513
      30
0
      10
10634.0245183552
      20
6915.57964437661
      30
0
      10
10634.0033672854
      20
6914.90981239809
      30
0
      10
10634.0033672854
      20
6914.90981239809
      30
0
      10
10633.9821296635
      20
6914.65394805777
      30
0
      10
10633.9608920416
      20
6914.39808371746
      30
0
      10
10633.9396544197
      20
6914.14221937714
      30
0
      10
10633.9396544197
      20
6914.14221937714
      30
0
      10
10633.9049508652
      20
6913.99315573734
      30
0
      10
10633.8702473107
      20
6913.84409209753
      30
0
      10
10633.8355437563
      20
6913.69502845772
      30
0
      10
10633.8355437563
      20
6913.69502845772
      30
0
      10
10633.7995935691
      20
6913.5982995577
      30
0
      10
10633.763643382
      20
6913.50157065768
      30
0
      10
10633.7276931948
      20
6913.40484175765
      30
0
      10
10633.7276931948
      20
6913.40484175765
      30
0
      10
10633.7052142209
      20
6913.35741367773
      30
0
      10
10633.6827352469
      20
6913.30998559782
      30
0
      10
10633.6602562729
      20
6913.2625575179
      30
0
      10
10633.6602562729
      20
6913.2625575179
      30
0
      10
10632.7776690162
      20
6913.00895632768
      30
0
      10
10631.8950817596
      20
6912.75535513746
      30
0
      10
10631.0124945029
      20
6912.50175394724
      30
0
      10
10631.0124945029
      20
6912.50175394724
      30
0
      10
10631.0219531649
      20
6913.32364986374
      30
0
      10
10631.0314118269
      20
6914.14554578023
      30
0
      10
10631.0408704889
      20
6914.96744169673
      30
0
      10
10631.0408704889
      20
6914.96744169673
      30
0
      10
10630.8049360041
      20
6914.96294730222
      30
0
      10
10630.5690015194
      20
6914.9584529077
      30
0
      10
10630.3330670347
      20
6914.95395851319
      30
0
      10
10630.3330670347
      20
6914.95395851319
      30
0
      10
10629.4327371951
      20
6914.99459612441
      30
0
      10
10628.5324073554
      20
6915.03523373563
      30
0
      10
10627.6320775158
      20
6915.07587134684
      30
0
      10
10627.6320775158
      20
6915.07587134684
      30
0
      10
10627.3901867491
      20
6915.06653322803
      30
0
      10
10627.1482959825
      20
6915.05719510923
      30
0
      10
10626.9064052158
      20
6915.04785699042
      30
0
      10
10626.9064052158
      20
6915.04785699042
      30
0
      10
10626.7489869087
      20
6915.02870252386
      30
0
      10
10626.5915686016
      20
6915.0095480573
      30
0
      10
10626.4341502945
      20
6914.99039359074
      30
0
      10
10626.4341502945
      20
6914.99039359074
      30
0
      10
10626.3569281839
      20
6914.9760301153
      30
0
      10
10626.2797060733
      20
6914.96166663987
      30
0
      10
10626.2024839627
      20
6914.94730316443
      30
0
      10
10626.2024839627
      20
6914.94730316443
      30
0
      10
10626.126401827
      20
6914.92934551863
      30
0
      10
10626.0503196914
      20
6914.91138787282
      30
0
      10
10625.9742375558
      20
6914.89343022702
      30
0
      10
10625.9742375558
      20
6914.89343022702
      30
0
      10
10625.8994068534
      20
6914.87157590137
      30
0
      10
10625.824576151
      20
6914.84972157573
      30
0
      10
10625.7497454486
      20
6914.82786725008
      30
0
      10
10625.7497454486
      20
6914.82786725008
      30
0
      10
10625.6762776427
      20
6914.80181373454
      30
0
      10
10625.6028098367
      20
6914.775760219
      30
0
      10
10625.5293420308
      20
6914.74970670345
      30
0
      10
10625.5293420308
      20
6914.74970670345
      30
0
      10
10625.4573485793
      20
6914.71915149239
      30
0
      10
10625.3853551278
      20
6914.68859628132
      30
0
      10
10625.3133616763
      20
6914.65804107026
      30
0
      10
10625.3133616763
      20
6914.65804107026
      30
0
      10
10625.2429540409
      20
6914.62268165401
      30
0
      10
10625.1725464055
      20
6914.58732223777
      30
0
      10
10625.1021387701
      20
6914.55196282152
      30
0
      10
10625.1021387701
      20
6914.55196282152
      30
0
      10
10625.0334284098
      20
6914.51149669209
      30
0
      10
10624.9647180495
      20
6914.47103056267
      30
0
      10
10624.8960076891
      20
6914.43056443324
      30
0
      10
10624.8960076891
      20
6914.43056443324
      30
0
      10
10624.8291060644
      20
6914.38468908305
      30
0
      10
10624.7622044397
      20
6914.33881373285
      30
0
      10
10624.6953028149
      20
6914.29293838266
      30
0
      10
10624.6953028149
      20
6914.29293838266
      30
0
      10
10624.6303213865
      20
6914.24135130245
      30
0
      10
10624.565339958
      20
6914.18976422224
      30
0
      10
10624.5003585296
      20
6914.13817714203
      30
0
      10
10624.5003585296
      20
6914.13817714203
      30
0
      10
10624.4374087541
      20
6914.08057582319
      30
0
      10
10624.3744589787
      20
6914.02297450435
      30
0
      10
10624.3115092033
      20
6913.96537318551
      30
0
      10
10624.3115092033
      20
6913.96537318551
      30
0
      10
10624.0415597407
      20
6913.69045632199
      30
0
      10
10623.7716102782
      20
6913.41553945846
      30
0
      10
10623.5016608156
      20
6913.14062259494
      30
0
      10
10623.5016608156
      20
6913.14062259494
      30
0
      10
10623.4203308687
      20
6913.00110274683
      30
0
      10
10623.3390009218
      20
6912.86158289872
      30
0
      10
10623.2576709749
      20
6912.72206305061
      30
0
      10
10623.2576709749
      20
6912.72206305061
      30
0
      10
10623.2315819506
      20
6912.63550655654
      30
0
      10
10623.2054929262
      20
6912.54895006247
      30
0
      10
10623.1794039019
      20
6912.46239356839
      30
0
      10
10623.1794039019
      20
6912.46239356839
      30
0
      10
10623.1743720143
      20
6912.40438026663
      30
0
      10
10623.1693401267
      20
6912.34636696486
      30
0
      10
10623.1643082391
      20
6912.28835366309
      30
0
      10
10623.1643082391
      20
6912.28835366309
      30
0
      10
10623.1707882817
      20
6912.23058389256
      30
0
      10
10623.1772683243
      20
6912.17281412202
      30
0
      10
10623.1837483669
      20
6912.11504435148
      30
0
      10
10623.1837483669
      20
6912.11504435148
      30
0
      10
10623.196456959
      20
6912.06983742306
      30
0
      10
10623.2072779153
      20
6912.02398906057
      30
0
      10
10623.2269160834
      20
6911.98113685875
      30
0
      10
10623.2269160834
      20
6911.98113685875
      30
0
      10
10623.2419378292
      20
6911.93827130016
      30
0
      10
10623.2661813727
      20
6911.89955836986
      30
0
      10
10623.2867941795
      20
6911.85921049807
      30
0
      10
10623.2867941795
      20
6911.85921049807
      30
0
      10
10623.3163277104
      20
6911.81548230574
      30
0
      10
10623.3441697272
      20
6911.7705267429
      30
0
      10
10623.3796428211
      20
6911.73110832526
      30
0
      10
10623.3796428211
      20
6911.73110832526
      30
0
      10
10623.3900404843
      20
6911.71848827519
      30
0
      10
10623.4004381475
      20
6911.70586822513
      30
0
      10
10623.4108358107
      20
6911.69324817506
      30
0
      10
10623.4108358107
      20
6911.69324817506
      30
0
      10
10623.5606769126
      20
6911.48888667566
      30
0
      10
10623.7105180145
      20
6911.28452517626
      30
0
      10
10623.8603591164
      20
6911.08016367685
      30
0
      10
10623.8603591164
      20
6911.08016367685
      30
0
      10
10623.9850499022
      20
6910.71639575473
      30
0
      10
10624.109740688
      20
6910.3526278326
      30
0
      10
10624.2344314738
      20
6909.98885991048
      30
0
      10
10624.2344314738
      20
6909.98885991048
      30
0
      10
10624.2587248788
      20
6909.59438433526
      30
0
      10
10624.2830182838
      20
6909.19990876005
      30
0
      10
10624.3073116888
      20
6908.80543318483
      30
0
      10
10624.3073116888
      20
6908.80543318483
      30
0
      10
10622.8027374548
      20
6908.01250385644
      30
0
      10
10621.2981632207
      20
6907.21957452804
      30
0
      10
10619.7935889866
      20
6906.42664519964
      30
0
      10
10619.7935889866
      20
6906.42664519964
      30
0
      10
10619.7571155852
      20
6906.84978257027
      30
0
      10
10619.7206421838
      20
6907.27291994089
      30
0
      10
10619.6841687824
      20
6907.69605731151
      30
0
      10
10619.6841687824
      20
6907.69605731151
      30
0
      10
10619.6321139393
      20
6908.04676153191
      30
0
      10
10619.5800590961
      20
6908.39746575231
      30
0
      10
10619.5280042529
      20
6908.74816997271
      30
0
      10
10619.5280042529
      20
6908.74816997271
      30
0
      10
10619.4902915556
      20
6908.92162080203
      30
0
      10
10619.4525788582
      20
6909.09507163135
      30
0
      10
10619.4148661608
      20
6909.26852246067
      30
0
      10
10619.4148661608
      20
6909.26852246067
      30
0
      10
10619.3673948425
      20
6909.43781313293
      30
0
      10
10619.3199235241
      20
6909.60710380519
      30
0
      10
10619.2724522057
      20
6909.77639447744
      30
0
      10
10619.2724522057
      20
6909.77639447744
      30
0
      10
10619.2445957129
      20
6909.85880179442
      30
0
      10
10619.2167392201
      20
6909.94120911141
      30
0
      10
10619.1888827273
      20
6910.02361642839
      30
0
      10
10619.1888827273
      20
6910.02361642839
      30
0
      10
10619.1580329546
      20
6910.10417015433
      30
0
      10
10619.1271831819
      20
6910.18472388027
      30
0
      10
10619.0963334092
      20
6910.26527760622
      30
0
      10
10619.0963334092
      20
6910.26527760622
      30
0
      10
10619.062305818
      20
6910.3437065542
      30
0
      10
10619.0282782269
      20
6910.42213550219
      30
0
      10
10618.9942506357
      20
6910.50056445017
      30
0
      10
10618.9942506357
      20
6910.50056445017
      30
0
      10
10618.9568606839
      20
6910.576597437
      30
0
      10
10618.919470732
      20
6910.65263042384
      30
0
      10
10618.8820807802
      20
6910.72866341067
      30
0
      10
10618.8820807802
      20
6910.72866341067
      30
0
      10
10618.8411439291
      20
6910.80202925388
      30
0
      10
10618.800207078
      20
6910.8753950971
      30
0
      10
10618.7592702269
      20
6910.94876094032
      30
0
      10
10618.7592702269
      20
6910.94876094032
      30
0
      10
10618.7146019319
      20
6911.01918845352
      30
0
      10
10618.6699336369
      20
6911.08961596673
      30
0
      10
10618.6252653419
      20
6911.16004347993
      30
0
      10
10618.6252653419
      20
6911.16004347993
      30
0
      10
10618.5766810642
      20
6911.22726147795
      30
0
      10
10618.5280967864
      20
6911.29447947598
      30
0
      10
10618.4795125087
      20
6911.361697474
      30
0
      10
10618.4795125087
      20
6911.361697474
      30
0
      10
10618.4268277059
      20
6911.42543477397
      30
0
      10
10618.3741429031
      20
6911.48917207393
      30
0
      10
10618.3214581003
      20
6911.55290937389
      30
0
      10
10618.3214581003
      20
6911.55290937389
      30
0
      10
10618.2644882341
      20
6911.61289478879
      30
0
      10
10618.2075183678
      20
6911.67288020369
      30
0
      10
10618.1505485016
      20
6911.73286561859
      30
0
      10
10618.1505485016
      20
6911.73286561859
      30
0
      10
10618.0891090296
      20
6911.78882796862
      30
0
      10
10618.0276695576
      20
6911.84479031865
      30
0
      10
10617.9662300857
      20
6911.90075266868
      30
0
      10
10617.9662300857
      20
6911.90075266868
      30
0
      10
10617.900136465
      20
6911.9524207658
      30
0
      10
10617.8340428442
      20
6912.00408886293
      30
0
      10
10617.7679492235
      20
6912.05575696005
      30
0
      10
10617.7679492235
      20
6912.05575696005
      30
0
      10
10617.6970169152
      20
6912.10285962201
      30
0
      10
10617.6260846068
      20
6912.14996228397
      30
0
      10
10617.5551522984
      20
6912.19706494592
      30
0
      10
10617.5551522984
      20
6912.19706494592
      30
0
      10
10617.4791967609
      20
6912.23933098641
      30
0
      10
10617.4032412235
      20
6912.28159702689
      30
0
      10
10617.327285686
      20
6912.32386306737
      30
0
      10
10617.327285686
      20
6912.32386306737
      30
0
      10
10617.24612238
      20
6912.36102130216
      30
0
      10
10617.164959074
      20
6912.39817953695
      30
0
      10
10617.083795768
      20
6912.43533777174
      30
0
      10
10617.083795768
      20
6912.43533777174
      30
0
      10
10616.9972401486
      20
6912.46711701703
      30
0
      10
10616.9106845292
      20
6912.49889626231
      30
0
      10
10616.8241289098
      20
6912.5306755076
      30
0
      10
10616.8241289098
      20
6912.5306755076
      30
0
      10
10616.7319964406
      20
6912.55680457956
      30
0
      10
10616.6398639715
      20
6912.58293365152
      30
0
      10
10616.5477315024
      20
6912.60906272348
      30
0
      10
10616.5477315024
      20
6912.60906272348
      30
0
      10
10616.4894953138
      20
6912.62868669792
      30
0
      10
10616.4322913025
      20
6912.65181007799
      30
0
      10
10616.3733404899
      20
6912.66901125176
      30
0
      10
10616.3733404899
      20
6912.66901125176
      30
0
      10
10616.308470426
      20
6912.68562281099
      30
0
      10
10616.2444233832
      20
6912.70599211831
      30
0
      10
10616.1779047977
      20
6912.71507686055
      30
0
      10
10616.1779047977
      20
6912.71507686055
      30
0
      10
10616.1311543635
      20
6912.72383597398
      30
0
      10
10616.0843077694
      20
6912.73191885842
      30
0
      10
10616.0366261188
      20
6912.73412934921
      30
0
      10
10616.0366261188
      20
6912.73412934921
      30
0
      10
10615.9912032274
      20
6912.73846013283
      30
0
      10
10615.9457531189
      20
6912.74203786205
      30
0
      10
10615.9000921428
      20
6912.73978118777
      30
0
      10
10615.9000921428
      20
6912.73978118777
      30
0
      10
10615.8557776792
      20
6912.73989319118
      30
0
      10
10615.8115437901
      20
6912.73895464475
      30
0
      10
10615.7677290542
      20
6912.73255107975
      30
0
      10
10615.7677290542
      20
6912.73255107975
      30
0
      10
10615.7243371562
      20
6912.72864012581
      30
0
      10
10615.6811860578
      20
6912.7230669553
      30
0
      10
10615.6387190215
      20
6912.71277176994
      30
0
      10
10615.6387190215
      20
6912.71277176994
      30
0
      10
10615.5956633408
      20
6912.70498350884
      30
0
      10
10615.5533253746
      20
6912.69435066426
      30
0
      10
10615.5118211861
      20
6912.6804132328
      30
0
      10
10615.5118211861
      20
6912.6804132328
      30
0
      10
10615.4521595683
      20
6912.66466390105
      30
0
      10
10615.3963665941
      20
6912.63873912364
      30
0
      10
10615.3392895812
      20
6912.61619167116
      30
0
      10
10615.3392895812
      20
6912.61619167116
      30
0
      10
10615.2664570353
      20
6912.57586921003
      30
0
      10
10615.1936244894
      20
6912.5355467489
      30
0
      10
10615.1207919435
      20
6912.49522428777
      30
0
      10
10615.1207919435
      20
6912.49522428777
      30
0
      10
10615.0526219056
      20
6912.4442216345
      30
0
      10
10614.9844518676
      20
6912.39321898123
      30
0
      10
10614.9162818297
      20
6912.34221632796
      30
0
      10
10614.9162818297
      20
6912.34221632796
      30
0
      10
10614.7913380984
      20
6912.21587730337
      30
0
      10
10614.6663943671
      20
6912.08953827877
      30
0
      10
10614.5414506358
      20
6911.96319925418
      30
0
      10
10614.5414506358
      20
6911.96319925418
      30
0
      10
10614.2111490521
      20
6911.52823583506
      30
0
      10
10613.8808474683
      20
6911.09327241593
      30
0
      10
10613.5505458846
      20
6910.65830899681
      30
0
      10
10613.5505458846
      20
6910.65830899681
      30
0
      10
10613.6563100717
      20
6911.50940778295
      30
0
      10
10613.7620742588
      20
6912.3605065691
      30
0
      10
10613.867838446
      20
6913.21160535525
      30
0
      10
10613.867838446
      20
6913.21160535525
      30
0
      10
10614.8972520447
      20
6916.03457622333
      30
0
      10
10615.9266656434
      20
6918.85754709141
      30
0
      10
10616.9560792421
      20
6921.68051795949
      30
0
      10
10616.9560792421
      20
6921.68051795949
      30
0
      10
10617.1679747596
      20
6922.17244398597
      30
0
      10
10617.379870277
      20
6922.66437001245
      30
0
      10
10617.5917657945
      20
6923.15629603892
      30
0
      10
10617.5917657945
      20
6923.15629603892
      30
0
      10
10617.8124388557
      20
6923.64397561782
      30
0
      10
10618.0331119168
      20
6924.13165519672
      30
0
      10
10618.253784978
      20
6924.61933477562
      30
0
      10
10618.253784978
      20
6924.61933477562
      30
0
      10
10618.4830900567
      20
6925.10270969577
      30
0
      10
10618.7123951355
      20
6925.58608461593
      30
0
      10
10618.9417002142
      20
6926.06945953609
      30
0
      10
10618.9417002142
      20
6926.06945953609
      30
0
      10
10619.1794917859
      20
6926.54847158448
      30
0
      10
10619.4172833576
      20
6927.02748363286
      30
0
      10
10619.6550749292
      20
6927.50649568125
      30
0
      10
10619.6550749292
      20
6927.50649568125
      30
0
      10
10619.9012074749
      20
6927.98108664712
      30
0
      10
10620.1473400205
      20
6928.45567761299
      30
0
      10
10620.3934725661
      20
6928.93026857887
      30
0
      10
10620.3934725661
      20
6928.93026857887
      30
0
      10
10620.6478005594
      20
6929.40038024734
      30
0
      10
10620.9021285527
      20
6929.87049191581
      30
0
      10
10621.156456546
      20
6930.34060358428
      30
0
      10
10621.156456546
      20
6930.34060358428
      30
0
      10
10621.4188344662
      20
6930.80617774801
      30
0
      10
10621.6812123864
      20
6931.27175191174
      30
0
      10
10621.9435903066
      20
6931.73732607547
      30
0
      10
10621.9435903066
      20
6931.73732607547
      30
0
      10
10622.2138726271
      20
6932.19830451968
      30
0
      10
10622.4841549476
      20
6932.6592829639
      30
0
      10
10622.7544372682
      20
6933.12026140811
      30
0
      10
10622.7544372682
      20
6933.12026140811
      30
0
      10
10623.0324784688
      20
6933.57658592174
      30
0
      10
10623.3105196695
      20
6934.03291043537
      30
0
      10
10623.5885608701
      20
6934.489234949
      30
0
      10
10623.5885608701
      20
6934.489234949
      30
0
      10
10623.8742154271
      20
6934.9408473214
      30
0
      10
10624.1598699842
      20
6935.39245969381
      30
0
      10
10624.4455245412
      20
6935.84407206621
      30
0
      10
10624.4455245412
      20
6935.84407206621
      30
0
      10
10624.7386469277
      20
6936.29091408468
      30
0
      10
10625.0317693142
      20
6936.73775610314
      30
0
      10
10625.3248917007
      20
6937.18459812161
      30
0
      10
10625.3248917007
      20
6937.18459812161
      30
0
      10
10625.6253363972
      20
6937.6266115731
      30
0
      10
10625.9257810936
      20
6938.06862502459
      30
0
      10
10626.2262257901
      20
6938.51063847609
      30
0
      10
10626.2262257901
      20
6938.51063847609
      30
0
      10
10626.5338472716
      20
6938.94776515225
      30
0
      10
10626.8414687532
      20
6939.38489182842
      30
0
      10
10627.1490902347
      20
6939.82201850458
      30
0
      10
10627.1490902347
      20
6939.82201850458
      30
0
      10
10627.4637429793
      20
6940.25420018877
      30
0
      10
10627.7783957238
      20
6940.68638187296
      30
0
      10
10628.0930484684
      20
6941.11856355714
      30
0
      10
10628.0930484684
      20
6941.11856355714
      30
0
      10
10628.4145869497
      20
6941.54574204201
      30
0
      10
10628.7361254309
      20
6941.97292052688
      30
0
      10
10629.0576639122
      20
6942.40009901175
      30
0
      10
10629.0576639122
      20
6942.40009901175
      30
0
      10
10629.3859426117
      20
6942.82221608365
      30
0
      10
10629.7142213111
      20
6943.24433315556
      30
0
      10
10630.0425000106
      20
6943.66645022747
      30
0
      10
10630.0425000106
      20
6943.66645022747
      30
0
      10
10630.3773734021
      20
6944.08344767432
      30
0
      10
10630.7122467935
      20
6944.50044512117
      30
0
      10
10631.047120185
      20
6944.91744256802
      30
0
      10
10631.047120185
      20
6944.91744256802
      30
0
      10
10631.3884427434
      20
6945.32926217793
      30
0
      10
10631.7297653019
      20
6945.74108178784
      30
0
      10
10632.0710878604
      20
6946.15290139775
      30
0
      10
10632.0710878604
      20
6946.15290139775
      30
0
      10
10632.4187140659
      20
6946.55948495894
      30
0
      10
10632.7663402714
      20
6946.96606852013
      30
0
      10
10633.1139664769
      20
6947.37265208132
      30
0
      10
10633.1139664769
      20
6947.37265208132
      30
0
      10
10633.4677508044
      20
6947.77394138353
      30
0
      10
10633.8215351319
      20
6948.17523068576
      30
0
      10
10634.1753194594
      20
6948.57651998797
      30
0
      10
10634.1753194594
      20
6948.57651998797
      30
0
      10
10634.5351163879
      20
6948.97245681874
      30
0
      10
10634.8949133165
      20
6949.36839364951
      30
0
      10
10635.254710245
      20
6949.76433048028
      30
0
      10
10635.254710245
      20
6949.76433048028
      30
0
      10
10635.6203742474
      20
6950.15485662665
      30
0
      10
10635.9860382497
      20
6950.54538277303
      30
0
      10
10636.3517022521
      20
6950.93590891941
      30
0
      10
10636.3517022521
      20
6950.93590891941
      30
0
      10
10636.7230878068
      20
6951.32096617219
      30
0
      10
10637.0944733616
      20
6951.70602342499
      30
0
      10
10637.4658589163
      20
6952.09108067778
      30
0
      10
10637.4658589163
      20
6952.09108067778
      30
0
      10
10637.8428205004
      20
6952.47061082004
      30
0
      10
10638.2197820844
      20
6952.85014096229
      30
0
      10
10638.5967436684
      20
6953.22967110455
      30
0
      10
10638.5967436684
      20
6953.22967110455
      30
0
      10
10638.979135759
      20
6953.60361593028
      30
0
      10
10639.3615278495
      20
6953.977560756
      30
0
      10
10639.7439199401
      20
6954.35150558173
      30
0
      10
10639.7439199401
      20
6954.35150558173
      30
0
      10
10640.1315970131
      20
6954.71980687532
      30
0
      10
10640.5192740861
      20
6955.08810816891
      30
0
      10
10640.9069511591
      20
6955.4564094625
      30
0
      10
10640.9069511591
      20
6955.4564094625
      30
0
      10
10641.2997676908
      20
6955.81900901443
      30
0
      10
10641.6925842225
      20
6956.18160856636
      30
0
      10
10642.0854007542
      20
6956.54420811829
      30
0
      10
10642.0854007542
      20
6956.54420811829
      30
0
      10
10642.4832112222
      20
6956.90104771577
      30
0
      10
10642.8810216903
      20
6957.25788731324
      30
0
      10
10643.2788321584
      20
6957.61472691071
      30
0
      10
10643.2788321584
      20
6957.61472691071
      30
0
      10
10643.6814910386
      20
6957.96574834172
      30
0
      10
10644.0841499188
      20
6958.31676977274
      30
0
      10
10644.4868087991
      20
6958.66779120375
      30
0
      10
10644.4868087991
      20
6958.66779120375
      30
0
      10
10644.8996031652
      20
6959.01653279438
      30
0
      10
10645.3123975314
      20
6959.365274385
      30
0
      10
10645.7251918976
      20
6959.71401597563
      30
0
      10
10645.7251918976
      20
6959.71401597563
      30
0
      10
10646.1435819626
      20
6960.05612027817
      30
0
      10
10646.5619720276
      20
6960.39822458072
      30
0
      10
10646.9803620926
      20
6960.74032888327
      30
0
      10
10646.9803620926
      20
6960.74032888327
      30
0
      10
10647.4042353981
      20
6961.07569102828
      30
0
      10
10647.8281087036
      20
6961.41105317329
      30
0
      10
10648.2519820091
      20
6961.74641531829
      30
0
      10
10648.2519820091
      20
6961.74641531829
      30
0
      10
10648.6812260995
      20
6962.07493043665
      30
0
      10
10649.1104701899
      20
6962.403445555
      30
0
      10
10649.5397142803
      20
6962.73196067335
      30
0
      10
10649.5397142803
      20
6962.73196067335
      30
0
      10
10649.9742166926
      20
6963.05352389725
      30
0
      10
10650.4087191049
      20
6963.37508712116
      30
0
      10
10650.8432215172
      20
6963.69665034507
      30
0
      10
10650.8432215172
      20
6963.69665034507
      30
0
      10
10651.2828697941
      20
6964.01115680342
      30
0
      10
10651.722518071
      20
6964.32566326178
      30
0
      10
10652.1621663479
      20
6964.64016972013
      30
0
      10
10652.1621663479
      20
6964.64016972013
      30
0
      10
10652.606848028
      20
6964.9475145467
      30
0
      10
10653.0515297081
      20
6965.25485937327
      30
0
      10
10653.4962113882
      20
6965.56220419984
      30
0
      10
10653.4962113882
      20
6965.56220419984
      30
0
      10
10653.9458140165
      20
6965.86228252415
      30
0
      10
10654.3954166448
      20
6966.16236084846
      30
0
      10
10654.8450192731
      20
6966.46243917277
      30
0
      10
10654.8450192731
      20
6966.46243917277
      30
0
      10
10655.2994303875
      20
6966.75514612578
      30
0
      10
10655.7538415019
      20
6967.0478530788
      30
0
      10
10656.2082526163
      20
6967.34056003182
      30
0
      10
10656.2082526163
      20
6967.34056003182
      30
0
      10
10656.6673597581
      20
6967.62579074462
      30
0
      10
10657.1264668998
      20
6967.91102145743
      30
0
      10
10657.5855740416
      20
6968.19625217023
      30
0
      10
10657.5855740416
      20
6968.19625217023
      30
0
      10
10658.0492647526
      20
6968.47390177492
      30
0
      10
10658.5129554636
      20
6968.75155137961
      30
0
      10
10658.9766461745
      20
6969.0292009843
      30
0
      10
10658.9766461745
      20
6969.0292009843
      30
0
      10
10659.4448079949
      20
6969.29916461072
      30
0
      10
10659.9129698153
      20
6969.56912823713
      30
0
      10
10660.3811316357
      20
6969.83909186355
      30
0
      10
10660.3811316357
      20
6969.83909186355
      30
0
      10
10660.8536521052
      20
6970.10126464297
      30
0
      10
10661.3261725747
      20
6970.3634374224
      30
0
      10
10661.7986930441
      20
6970.62561020182
      30
0
      10
10661.7986930441
      20
6970.62561020182
      30
0
      10
10662.2754597057
      20
6970.87988726698
      30
0
      10
10662.7522263672
      20
6971.13416433215
      30
0
      10
10663.2289930287
      20
6971.38844139731
      30
0
      10
10663.2289930287
      20
6971.38844139731
      30
0
      10
10663.7098934224
      20
6971.63471787596
      30
0
      10
10664.1907938161
      20
6971.88099435461
      30
0
      10
10664.6716942098
      20
6972.12727083326
      30
0
      10
10664.6716942098
      20
6972.12727083326
      30
0
      10
10665.1566158765
      20
6972.36544186022
      30
0
      10
10665.6415375432
      20
6972.60361288717
      30
0
      10
10666.1264592098
      20
6972.84178391413
      30
0
      10
10666.1264592098
      20
6972.84178391413
      30
0
      10
10666.615289691
      20
6973.07174461704
      30
0
      10
10667.1041201722
      20
6973.30170531995
      30
0
      10
10667.5929506534
      20
6973.53166602285
      30
0
      10
10667.5929506534
      20
6973.53166602285
      30
0
      10
10668.0855774891
      20
6973.7533115357
      30
0
      10
10668.5782043248
      20
6973.97495704854
      30
0
      10
10669.0708311605
      20
6974.19660256139
      30
0
      10
10669.0708311605
      20
6974.19660256139
      30
0
      10
10669.5671418921
      20
6974.40982801264
      30
0
      10
10670.0634526237
      20
6974.62305346389
      30
0
      10
10670.5597633554
      20
6974.83627891514
      30
0
      10
10670.5597633554
      20
6974.83627891514
      30
0
      10
10671.0596455231
      20
6975.04097943848
      30
0
      10
10671.5595276909
      20
6975.24567996182
      30
0
      10
10672.0594098587
      20
6975.45038048516
      30
0
      10
10672.0594098587
      20
6975.45038048516
      30
0
      10
10672.5627510049
      20
6975.6464512105
      30
0
      10
10673.066092151
      20
6975.84252193584
      30
0
      10
10673.5694332972
      20
6976.03859266118
      30
0
      10
10673.5694332972
      20
6976.03859266118
      30
0
      10
10674.0761209612
      20
6976.22592871735
      30
0
      10
10674.5828086252
      20
6976.41326477352
      30
0
      10
10675.0894962893
      20
6976.60060082968
      30
0
      10
10675.0894962893
      20
6976.60060082968
      30
0
      10
10675.5994180144
      20
6976.77909735155
      30
0
      10
10676.1093397395
      20
6976.95759387342
      30
0
      10
10676.6192614646
      20
6977.13609039528
      30
0
      10
10676.6192614646
      20
6977.13609039528
      30
0
      10
10677.1323047887
      20
6977.30564251218
      30
0
      10
10677.6453481128
      20
6977.47519462908
      30
0
      10
10678.1583914369
      20
6977.64474674598
      30
0
      10
10678.1583914369
      20
6977.64474674598
      30
0
      10
10678.674443901
      20
6977.80524958825
      30
0
      10
10679.1904963652
      20
6977.96575243053
      30
0
      10
10679.7065488294
      20
6978.1262552728
      30
0
      10
10679.7065488294
      20
6978.1262552728
      30
0
      10
10680.225497978
      20
6978.27760397236
      30
0
      10
10680.7444471265
      20
6978.42895267193
      30
0
      10
10681.2633962751
      20
6978.58030137149
      30
0
      10
10681.2633962751
      20
6978.58030137149
      30
0
      10
10681.7851296463
      20
6978.72239105899
      30
0
      10
10682.3068630175
      20
6978.86448074649
      30
0
      10
10682.8285963887
      20
6979.00657043399
      30
0
      10
10682.8285963887
      20
6979.00657043399
      30
0
      10
10683.3530015221
      20
6979.13929624226
      30
0
      10
10683.8774066556
      20
6979.27202205054
      30
0
      10
10684.401811789
      20
6979.40474785882
      30
0
      10
10684.401811789
      20
6979.40474785882
      30
0
      10
10684.9287762298
      20
6979.52800491634
      30
0
      10
10685.4557406705
      20
6979.65126197387
      30
0
      10
10685.9827051113
      20
6979.7745190314
      30
0
      10
10685.9827051113
      20
6979.7745190314
      30
0
      10
10686.516357619
      20
6979.88861408369
      30
0
      10
10687.0500101268
      20
6980.00270913598
      30
0
      10
10687.5836626346
      20
6980.11680418827
      30
0
      10
10687.5836626346
      20
6980.11680418827
      30
0
      10
10688.1190368091
      20
6980.22271758448
      30
0
      10
10688.6544109837
      20
6980.32863098071
      30
0
      10
10689.1897851582
      20
6980.43454437693
      30
0
      10
10689.1897851582
      20
6980.43454437693
      30
0
      10
10689.7267528594
      20
6980.53227518891
      30
0
      10
10690.2637205607
      20
6980.6300060009
      30
0
      10
10690.8006882619
      20
6980.72773681289
      30
0
      10
10690.8006882619
      20
6980.72773681289
      30
0
      10
10691.3391213511
      20
6980.81728410441
      30
0
      10
10691.8775544402
      20
6980.90683139592
      30
0
      10
10692.4159875293
      20
6980.99637868743
      30
0
      10
10692.4159875293
      20
6980.99637868743
      30
0
      10
10692.9557578733
      20
6981.07774152863
      30
0
      10
10693.4955282173
      20
6981.15910436983
      30
0
      10
10694.0352985613
      20
6981.24046721104
      30
0
      10
10694.0352985613
      20
6981.24046721104
      30
0
      10
10694.576278018
      20
6981.31364466837
      30
0
      10
10695.1172574747
      20
6981.38682212571
      30
0
      10
10695.6582369314
      20
6981.45999958305
      30
0
      10
10695.6582369314
      20
6981.45999958305
      30
0
      10
10696.2002973663
      20
6981.52499072348
      30
0
      10
10696.7423578012
      20
6981.58998186391
      30
0
      10
10697.284418236
      20
6981.65497300433
      30
0
      10
10697.284418236
      20
6981.65497300433
      30
0
      10
10697.8274315106
      20
6981.71177689926
      30
0
      10
10698.3704447851
      20
6981.7685807942
      30
0
      10
10698.9134580596
      20
6981.82538468913
      30
0
      10
10698.9134580596
      20
6981.82538468913
      30
0
      10
10699.4572960347
      20
6981.87400040241
      30
0
      10
10700.0011340097
      20
6981.9226161157
      30
0
      10
10700.5449719847
      20
6981.971231829
      30
0
      10
10700.5449719847
      20
6981.971231829
      30
0
      10
10701.0895065254
      20
6982.01165843071
      30
0
      10
10701.634041066
      20
6982.05208503242
      30
0
      10
10702.1785756067
      20
6982.09251163414
      30
0
      10
10702.1785756067
      20
6982.09251163414
      30
0
      10
10702.7236785744
      20
6982.12474819062
      30
0
      10
10703.2687815422
      20
6982.1569847471
      30
0
      10
10703.81388451
      20
6982.18922130358
      30
0
      10
10703.81388451
      20
6982.18922130358
      30
0
      10
10704.3594277682
      20
6982.21326688489
      30
0
      10
10704.9049710265
      20
6982.2373124662
      30
0
      10
10705.4505142847
      20
6982.26135804751
      30
0
      10
10705.4505142847
      20
6982.26135804751
      30
0
      10
10705.9963696934
      20
6982.27721171874
      30
0
      10
10706.542225102
      20
6982.29306538998
      30
0
      10
10707.0880805107
      20
6982.30891906121
      30
0
      10
10707.0880805107
      20
6982.30891906121
      30
0
      10
10707.6341199345
      20
6982.31657989162
      30
0
      10
10708.1801593582
      20
6982.32424072202
      30
0
      10
10708.726198782
      20
6982.33190155242
      30
0
      10
10708.726198782
      20
6982.33190155242
      30
0
      10
10709.2722940839
      20
6982.33136861112
      30
0
      10
10709.8183893858
      20
6982.33083566981
      30
0
      10
10710.3644846877
      20
6982.33030272851
      30
0
      10
10710.3644846877
      20
6982.33030272851
      30
0
      10
10710.9105077275
      20
6982.32157508061
      30
0
      10
10711.4565307673
      20
6982.31284743272
      30
0
      10
10712.0025538071
      20
6982.30411978483
      30
0
      10
10712.0025538071
      20
6982.30411978483
      30
0
      10
10712.5483764525
      20
6982.28719649893
      30
0
      10
10713.0941990978
      20
6982.27027321304
      30
0
      10
10713.6400217432
      20
6982.25334992714
      30
0
      10
10713.6400217432
      20
6982.25334992714
      30
0
      10
10714.18551585
      20
6982.22823007302
      30
0
      10
10714.7310099567
      20
6982.20311021889
      30
0
      10
10715.2765040635
      20
6982.17799036477
      30
0
      10
10715.2765040635
      20
6982.17799036477
      30
0
      10
10715.8215414983
      20
6982.14467300773
      30
0
      10
10716.3665789331
      20
6982.11135565068
      30
0
      10
10716.9116163679
      20
6982.07803829363
      30
0
      10
10716.9116163679
      20
6982.07803829363
      30
0
      10
10717.4560689915
      20
6982.036522503
      30
0
      10
10718.0005216151
      20
6981.99500671236
      30
0
      10
10718.5449742387
      20
6981.95349092173
      30
0
      10
10718.5449742387
      20
6981.95349092173
      30
0
      10
10719.0887139166
      20
6981.9037757654
      30
0
      10
10719.6324535946
      20
6981.85406060907
      30
0
      10
10720.1761932725
      20
6981.80434545274
      30
0
      10
10720.1761932725
      20
6981.80434545274
      30
0
      10
10720.7190918637
      20
6981.74642999581
      30
0
      10
10721.2619904549
      20
6981.68851453889
      30
0
      10
10721.8048890461
      20
6981.63059908196
      30
0
      10
10721.8048890461
      20
6981.63059908196
      30
0
      10
10722.3468184154
      20
6981.56448239606
      30
0
      10
10722.8887477848
      20
6981.49836571016
      30
0
      10
10723.4306771541
      20
6981.43224902426
      30
0
      10
10723.4306771541
      20
6981.43224902426
      30
0
      10
10723.9715091624
      20
6981.35793017581
      30
0
      10
10724.5123411706
      20
6981.28361132737
      30
0
      10
10725.0531731788
      20
6981.20929247892
      30
0
      10
10725.0531731788
      20
6981.20929247892
      30
0
      10
10725.5927796887
      20
6981.1267705346
      30
0
      10
10726.1323861986
      20
6981.04424859027
      30
0
      10
10726.6719927085
      20
6980.96172664595
      30
0
      10
10726.6719927085
      20
6980.96172664595
      30
0
      10
10727.2102455837
      20
6980.87100067487
      30
0
      10
10727.7484984589
      20
6980.78027470379
      30
0
      10
10728.2867513341
      20
6980.68954873271
      30
0
      10
10728.2867513341
      20
6980.68954873271
      30
0
      10
10728.8235224366
      20
6980.59061780226
      30
0
      10
10729.360293539
      20
6980.4916868718
      30
0
      10
10729.8970646414
      20
6980.39275594135
      30
0
      10
10729.8970646414
      20
6980.39275594135
      30
0
      10
10730.4322258328
      20
6980.28561911857
      30
0
      10
10730.9673870243
      20
6980.1784822958
      30
0
      10
10731.5025482157
      20
6980.07134547303
      30
0
      10
10731.5025482157
      20
6980.07134547303
      30
0
      10
10732.0359713592
      20
6979.95600182729
      30
0
      10
10732.5693945027
      20
6979.84065818156
      30
0
      10
10733.1028176462
      20
6979.72531453582
      30
0
      10
10733.1028176462
      20
6979.72531453582
      30
0
      10
10733.7804984762
      20
6979.56384609353
      30
0
      10
10734.4581793062
      20
6979.40237765124
      30
0
      10
10735.1358601362
      20
6979.24090920895
      30
0
      10
10735.1358601362
      20
6979.24090920895
      30
0
      10
10735.8090009771
      20
6979.06370120295
      30
0
      10
10736.4821418179
      20
6978.88649319695
      30
0
      10
10737.1552826588
      20
6978.70928519095
      30
0
      10
10737.1552826588
      20
6978.70928519095
      30
0
      10
10737.823670231
      20
6978.51657836298
      30
0
      10
10738.4920578032
      20
6978.32387153502
      30
0
      10
10739.1604453755
      20
6978.13116470706
      30
0
      10
10739.1604453755
      20
6978.13116470706
      30
0
      10
10739.8238663938
      20
6977.92319979867
      30
0
      10
10740.487287412
      20
6977.71523489028
      30
0
      10
10741.1507084303
      20
6977.5072699819
      30
0
      10
10741.1507084303
      20
6977.5072699819
      30
0
      10
10741.8089496129
      20
6977.28428773712
      30
0
      10
10742.4671907955
      20
6977.06130549234
      30
0
      10
10743.1254319782
      20
6976.83832324755
      30
0
      10
10743.1254319782
      20
6976.83832324755
      30
0
      10
10743.7782800401
      20
6976.60056440378
      30
0
      10
10744.431128102
      20
6976.36280556
      30
0
      10
10745.083976164
      20
6976.12504671622
      30
0
      10
10745.083976164
      20
6976.12504671622
      30
0
      10
10745.7312178218
      20
6975.87275201747
      30
0
      10
10746.3784594797
      20
6975.62045731872
      30
0
      10
10747.0257011375
      20
6975.36816261997
      30
0
      10
10747.0257011375
      20
6975.36816261997
      30
0
      10
10747.66712311
      20
6975.10157280676
      30
0
      10
10748.3085450825
      20
6974.83498299355
      30
0
      10
10748.949967055
      20
6974.56839318033
      30
0
      10
10748.949967055
      20
6974.56839318033
      30
0
      10
10749.5853560575
      20
6974.28774899554
      30
0
      10
10750.2207450599
      20
6974.00710481075
      30
0
      10
10750.8561340623
      20
6973.72646062597
      30
0
      10
10750.8561340623
      20
6973.72646062597
      30
0
      10
10751.4852768114
      20
6973.43200280979
      30
0
      10
10752.1144195605
      20
6973.1375449936
      30
0
      10
10752.7435623096
      20
6972.84308717742
      30
0
      10
10752.7435623096
      20
6972.84308717742
      30
0
      10
10753.366245522
      20
6972.53505647119
      30
0
      10
10753.9889287345
      20
6972.22702576496
      30
0
      10
10754.6116119469
      20
6971.91899505873
      30
0
      10
10754.6116119469
      20
6971.91899505873
      30
0
      10
10755.2276223404
      20
6971.5976322067
      30
0
      10
10755.8436327338
      20
6971.27626935465
      30
0
      10
10756.4596431273
      20
6970.95490650261
      30
0
      10
10756.4596431273
      20
6970.95490650261
      30
0
      10
10757.068767416
      20
6970.62045224278
      30
0
      10
10757.6778917047
      20
6970.28599798294
      30
0
      10
10758.2870159934
      20
6969.95154372311
      30
0
      10
10758.2870159934
      20
6969.95154372311
      30
0
      10
10758.8890408966
      20
6969.60423879981
      30
0
      10
10759.4910657999
      20
6969.25693387651
      30
0
      10
10760.0930907031
      20
6968.90962895321
      30
0
      10
10760.0930907031
      20
6968.90962895321
      30
0
      10
10760.6878029365
      20
6968.54971410881
      30
0
      10
10761.2825151698
      20
6968.18979926442
      30
0
      10
10761.8772274032
      20
6967.82988442002
      30
0
      10
10761.8772274032
      20
6967.82988442002
      30
0
      10
10762.4644136833
      20
6967.45760039194
      30
0
      10
10763.0515999634
      20
6967.08531636386
      30
0
      10
10763.6387862435
      20
6966.71303233577
      30
0
      10
10763.6387862435
      20
6966.71303233577
      30
0
      10
10764.2182332876
      20
6966.32861986854
      30
0
      10
10764.7976803317
      20
6965.94420740131
      30
0
      10
10765.3771273758
      20
6965.55979493408
      30
0
      10
10765.3771273758
      20
6965.55979493408
      30
0
      10
10765.9486218985
      20
6965.16349477017
      30
0
      10
10766.5201164211
      20
6964.76719460626
      30
0
      10
10767.0916109438
      20
6964.37089444235
      30
0
      10
10767.0916109438
      20
6964.37089444235
      30
0
      10
10767.6549396654
      20
6963.96294732
      30
0
      10
10768.2182683869
      20
6963.55500019764
      30
0
      10
10768.7815971085
      20
6963.14705307529
      30
0
      10
10768.7815971085
      20
6963.14705307529
      30
0
      10
10769.3365467415
      20
6962.7276997379
      30
0
      10
10769.8914963745
      20
6962.3083464005
      30
0
      10
10770.4464460075
      20
6961.88899306311
      30
0
      10
10770.4464460075
      20
6961.88899306311
      30
0
      10
10770.992803272
      20
6961.45847425221
      30
0
      10
10771.5391605365
      20
6961.02795544131
      30
0
      10
10772.085517801
      20
6960.59743663041
      30
0
      10
10772.085517801
      20
6960.59743663041
      30
0
      10
10772.6230694119
      20
6960.15599308962
      30
0
      10
10773.1606210229
      20
6959.71454954884
      30
0
      10
10773.6981726339
      20
6959.27310600805
      30
0
      10
10773.6981726339
      20
6959.27310600805
      30
0
      10
10774.2267053094
      20
6958.82097847477
      30
0
      10
10774.7552379849
      20
6958.36885094149
      30
0
      10
10775.2837706604
      20
6957.91672340821
      30
0
      10
10775.2837706604
      20
6957.91672340821
      30
0
      10
10775.8030711163
      20
6957.45415262759
      30
0
      10
10776.3223715721
      20
6956.99158184697
      30
0
      10
10776.841672028
      20
6956.52901106635
      30
0
      10
10776.841672028
      20
6956.52901106635
      30
0
      10
10777.3515269796
      20
6956.05623777883
      30
0
      10
10777.8613819313
      20
6955.5834644913
      30
0
      10
10778.3712368829
      20
6955.11069120377
      30
0
      10
10778.3712368829
      20
6955.11069120377
      30
0
      10
10778.8714330477
      20
6954.62795614991
      30
0
      10
10779.3716292125
      20
6954.14522109606
      30
0
      10
10779.8718253773
      20
6953.6624860422
      30
0
      10
10779.8718253773
      20
6953.6624860422
      30
0
      10
10780.3621494729
      20
6953.17002996596
      30
0
      10
10780.8524735685
      20
6952.67757388972
      30
0
      10
10781.3427976641
      20
6952.18511781347
      30
0
      10
10781.3427976641
      20
6952.18511781347
      30
0
      10
10781.8230364082
      20
6951.68318145286
      30
0
      10
10782.3032751522
      20
6951.18124509225
      30
0
      10
10782.7835138963
      20
6950.67930873164
      30
0
      10
10782.7835138963
      20
6950.67930873164
      30
0
      10
10783.2534540028
      20
6950.16813283068
      30
0
      10
10783.7233941093
      20
6949.65695692971
      30
0
      10
10784.1933342158
      20
6949.14578102875
      30
0
      10
10784.1933342158
      20
6949.14578102875
      30
0
      10
10784.5692320408
      20
6948.72971897259
      30
0
      10
10784.9451298659
      20
6948.31365691643
      30
0
      10
10785.321027691
      20
6947.89759486028
      30
0
      10
10785.321027691
      20
6947.89759486028
      30
0
      10
10785.689684653
      20
6947.47503022596
      30
0
      10
10786.058341615
      20
6947.05246559165
      30
0
      10
10786.4269985769
      20
6946.62990095733
      30
0
      10
10786.4269985769
      20
6946.62990095733
      30
0
      10
10786.7882981928
      20
6946.2009704783
      30
0
      10
10787.1495978086
      20
6945.77203999926
      30
0
      10
10787.5108974245
      20
6945.34310952023
      30
0
      10
10787.5108974245
      20
6945.34310952023
      30
0
      10
10787.864723212
      20
6944.9079499392
      30
0
      10
10788.2185489995
      20
6944.47279035817
      30
0
      10
10788.572374787
      20
6944.03763077714
      30
0
      10
10788.572374787
      20
6944.03763077714
      30
0
      10
10788.9186102652
      20
6943.59637882961
      30
0
      10
10789.2648457433
      20
6943.15512688208
      30
0
      10
10789.6110812215
      20
6942.71387493455
      30
0
      10
10789.6110812215
      20
6942.71387493455
      30
0
      10
10789.9496099046
      20
6942.26666736169
      30
0
      10
10790.2881385878
      20
6941.81945978884
      30
0
      10
10790.6266672709
      20
6941.37225221599
      30
0
      10
10790.6266672709
      20
6941.37225221599
      30
0
      10
10790.9573726766
      20
6940.91922575278
      30
0
      10
10791.2880780823
      20
6940.46619928957
      30
0
      10
10791.618783488
      20
6940.01317282636
      30
0
      10
10791.618783488
      20
6940.01317282636
      30
0
      10
10791.9415491366
      20
6939.5544642143
      30
0
      10
10792.2643147852
      20
6939.09575560224
      30
0
      10
10792.5870804338
      20
6938.63704699017
      30
0
      10
10792.5870804338
      20
6938.63704699017
      30
0
      10
10792.901789839
      20
6938.1727929661
      30
0
      10
10793.2164992443
      20
6937.70853894203
      30
0
      10
10793.5312086496
      20
6937.24428491795
      30
0
      10
10793.5312086496
      20
6937.24428491795
      30
0
      10
10793.8377453329
      20
6936.77462221962
      30
0
      10
10794.1442820163
      20
6936.30495952129
      30
0
      10
10794.4508186997
      20
6935.83529682295
      30
0
      10
10794.4508186997
      20
6935.83529682295
      30
0
      10
10794.7490661758
      20
6935.36036219
      30
0
      10
10795.0473136519
      20
6934.88542755704
      30
0
      10
10795.345561128
      20
6934.41049292408
      30
0
      10
10795.345561128
      20
6934.41049292408
      30
0
      10
10795.6354029155
      20
6933.9304230949
      30
0
      10
10795.925244703
      20
6933.45035326571
      30
0
      10
10796.2150864905
      20
6932.97028343652
      30
0
      10
10796.2150864905
      20
6932.97028343652
      30
0
      10
10796.4964061041
      20
6932.48521514844
      30
0
      10
10796.7777257177
      20
6932.00014686036
      30
0
      10
10797.0590453313
      20
6931.51507857228
      30
0
      10
10797.0590453313
      20
6931.51507857228
      30
0
      10
10797.3317262922
      20
6931.02514856381
      30
0
      10
10797.604407253
      20
6930.53521855534
      30
0
      10
10797.8770882139
      20
6930.04528854687
      30
0
      10
10797.8770882139
      20
6930.04528854687
      30
0
      10
10798.141014038
      20
6929.55063355754
      30
0
      10
10798.4049398621
      20
6929.05597856821
      30
0
      10
10798.6688656862
      20
6928.56132357888
      30
0
      10
10798.6688656862
      20
6928.56132357888
      30
0
      10
10798.9239198888
      20
6928.06208034686
      30
0
      10
10799.1789740914
      20
6927.56283711485
      30
0
      10
10799.434028294
      20
6927.06359388283
      30
0
      10
10799.434028294
      20
6927.06359388283
      30
0
      10
10799.6800943939
      20
6926.55989914486
      30
0
      10
10799.9261604938
      20
6926.05620440689
      30
0
      10
10800.1722265937
      20
6925.55250966892
      30
0
      10
10800.1722265937
      20
6925.55250966892
      30
0
      10
10800.4091881104
      20
6925.04450016597
      30
0
      10
10800.6461496271
      20
6924.53649066302
      30
0
      10
10800.8831111439
      20
6924.02848116007
      30
0
      10
10800.8831111439
      20
6924.02848116007
      30
0
      10
10801.1108515911
      20
6923.51629362878
      30
0
      10
10801.3385920384
      20
6923.00410609748
      30
0
      10
10801.5663324857
      20
6922.49191856618
      30
0
      10
10801.5663324857
      20
6922.49191856618
      30
0
      10
10801.784735385
      20
6921.97568974368
      30
0
      10
10802.0031382843
      20
6921.45946092119
      30
0
      10
10802.2215411836
      20
6920.94323209869
      30
0
      10
10802.2215411836
      20
6920.94323209869
      30
0
      10
10802.4304900471
      20
6920.42309872617
      30
0
      10
10802.6394389106
      20
6919.90296535365
      30
0
      10
10802.8483877741
      20
6919.38283198112
      30
0
      10
10802.8483877741
      20
6919.38283198112
      30
0
      10
10803.0477661243
      20
6918.85893079583
      30
0
      10
10803.2471444746
      20
6918.33502961053
      30
0
      10
10803.4465228249
      20
6917.81112842523
      30
0
      10
10803.4465228249
      20
6917.81112842523
      30
0
      10
10803.6362141764
      20
6917.28359616545
      30
0
      10
10803.8259055278
      20
6916.75606390567
      30
0
      10
10804.0155968793
      20
6916.22853164589
      30
0
      10
10804.0155968793
      20
6916.22853164589
      30
0
      10
10804.1954847494
      20
6915.69750505001
      30
0
      10
10804.3753726195
      20
6915.16647845413
      30
0
      10
10804.5552604897
      20
6914.63545185825
      30
0
      10
10804.5552604897
      20
6914.63545185825
      30
0
      10
10804.7252283978
      20
6914.10106766321
      30
0
      10
10804.8951963058
      20
6913.56668346817
      30
0
      10
10805.0651642139
      20
6913.03229927314
      30
0
      10
10805.0651642139
      20
6913.03229927314
      30
0
      10
10805.2250956737
      20
6912.49469422011
      30
0
      10
10805.3850271336
      20
6911.95708916708
      30
0
      10
10805.5449585935
      20
6911.41948411405
      30
0
      10
10805.5449585935
      20
6911.41948411405
      30
0
      10
10805.6947371291
      20
6910.87879493937
      30
0
      10
10805.8445156646
      20
6910.33810576469
      30
0
      10
10805.9942942002
      20
6909.79741659001
      30
0
      10
10805.9942942002
      20
6909.79741659001
      30
0
      10
10806.1338033206
      20
6909.25378003206
      30
0
      10
10806.2733124411
      20
6908.71014347411
      30
0
      10
10806.4128215615
      20
6908.16650691616
      30
0
      10
10806.4128215615
      20
6908.16650691616
      30
0
      10
10806.5419447892
      20
6907.62005971601
      30
0
      10
10806.6710680169
      20
6907.07361251586
      30
0
      10
10806.8001912446
      20
6906.52716531571
      30
0
      10
10806.8001912446
      20
6906.52716531571
      30
0
      10
10806.8795581305
      20
6906.16667593774
      30
0
      10
10806.9589250164
      20
6905.80618655977
      30
0
      10
10807.0382919024
      20
6905.4456971818
      30
0
      10
10807.0382919024
      20
6905.4456971818
      30
0
      10
10807.1135376179
      20
6905.08441586773
      30
0
      10
10807.1887833334
      20
6904.72313455367
      30
0
      10
10807.2640290489
      20
6904.36185323961
      30
0
      10
10807.2640290489
      20
6904.36185323961
      30
0
      10
10807.3351808768
      20
6903.99981910901
      30
0
      10
10807.4063327046
      20
6903.63778497841
      30
0
      10
10807.4774845325
      20
6903.27575084781
      30
0
      10
10807.4774845325
      20
6903.27575084781
      30
0
      10
10807.5445697547
      20
6902.91300302395
      30
0
      10
10807.611654977
      20
6902.5502552001
      30
0
      10
10807.6787401992
      20
6902.18750737625
      30
0
      10
10807.6787401992
      20
6902.18750737625
      30
0
      10
10807.7417860955
      20
6901.82408497849
      30
0
      10
10807.8048319918
      20
6901.46066258073
      30
0
      10
10807.867877888
      20
6901.09724018296
      30
0
      10
10807.867877888
      20
6901.09724018296
      30
0
      10
10807.9269117425
      20
6900.73318233014
      30
0
      10
10807.9859455969
      20
6900.36912447732
      30
0
      10
10808.0449794514
      20
6900.0050666245
      30
0
      10
10808.0449794514
      20
6900.0050666245
      30
0
      10
10808.1000285457
      20
6899.64041244165
      30
0
      10
10808.15507764
      20
6899.27575825881
      30
0
      10
10808.2101267343
      20
6898.91110407597
      30
0
      10
10808.2101267343
      20
6898.91110407597
      30
0
      10
10808.2612183483
      20
6898.54589268059
      30
0
      10
10808.3123099622
      20
6898.18068128521
      30
0
      10
10808.3634015761
      20
6897.81546988983
      30
0
      10
10808.3634015761
      20
6897.81546988983
      30
0
      10
10808.4105629937
      20
6897.44974040613
      30
0
      10
10808.4577244113
      20
6897.08401092244
      30
0
      10
10808.5048858289
      20
6896.71828143874
      30
0
      10
10808.5048858289
      20
6896.71828143874
      30
0
      10
10808.5481443319
      20
6896.35207298432
      30
0
      10
10808.591402835
      20
6895.9858645299
      30
0
      10
10808.634661338
      20
6895.61965607548
      30
0
      10
10808.634661338
      20
6895.61965607548
      30
0
      10
10808.6740442057
      20
6895.25300777412
      30
0
      10
10808.7134270734
      20
6894.88635947277
      30
0
      10
10808.7528099411
      20
6894.51971117141
      30
0
      10
10808.7528099411
      20
6894.51971117141
      30
0
      10
10808.7883444571
      20
6894.15266214073
      30
0
      10
10808.823878973
      20
6893.78561311005
      30
0
      10
10808.859413489
      20
6893.41856407937
      30
0
      10
10808.859413489
      20
6893.41856407937
      30
0
      10
10808.8911269344
      20
6893.05115344347
      30
0
      10
10808.9228403798
      20
6892.68374280757
      30
0
      10
10808.9545538253
      20
6892.31633217167
      30
0
      10
10808.9545538253
      20
6892.31633217167
      30
0
      10
10808.9824734836
      20
6891.94859904938
      30
0
      10
10809.0103931419
      20
6891.58086592709
      30
0
      10
10809.0383128002
      20
6891.2131328048
      30
0
      10
10809.0383128002
      20
6891.2131328048
      30
0
      10
10809.0624659529
      20
6890.845116319
      30
0
      10
10809.0866191056
      20
6890.4770998332
      30
0
      10
10809.1107722583
      20
6890.1090833474
      30
0
      10
10809.1107722583
      20
6890.1090833474
      30
0
      10
10809.1311861851
      20
6889.74082261795
      30
0
      10
10809.1516001118
      20
6889.3725618885
      30
0
      10
10809.1720140386
      20
6889.00430115905
      30
0
      10
10809.1720140386
      20
6889.00430115905
      30
0
      10
10809.1887160218
      20
6888.63583530551
      30
0
      10
10809.2054180049
      20
6888.26736945196
      30
0
      10
10809.2221199881
      20
6887.89890359842
      30
0
      10
10809.2221199881
      20
6887.89890359842
      30
0
      10
10809.2351373112
      20
6887.53027174377
      30
0
      10
10809.2481546342
      20
6887.16163988911
      30
0
      10
10809.2611719573
      20
6886.79300803445
      30
0
      10
10809.2611719573
      20
6886.79300803445
      30
0
      10
10809.2705319002
      20
6886.42424929908
      30
0
      10
10809.2798918431
      20
6886.0554905637
      30
0
      10
10809.2892517859
      20
6885.68673182832
      30
0
      10
10809.2892517859
      20
6885.68673182832
      30
0
      10
10809.2949816334
      20
6885.31788533302
      30
0
      10
10809.3007114809
      20
6884.94903883772
      30
0
      10
10809.3064413284
      20
6884.58019234242
      30
0
      10
10809.3064413284
      20
6884.58019234242
      30
0
      10
10809.3085683582
      20
6884.21129720839
      30
0
      10
10809.3106953879
      20
6883.84240207437
      30
0
      10
10809.3128224176
      20
6883.47350694035
      30
0
    1001
FS_CYPCUT
    1000
Channel
    1070
1
    1000
LeadIn
    1002
{
    1070
0
    1040
0
    1040
0
    1040
0
    1040
0
    1070
0
    1040
0
    1070
0
    1002
}
    1000
LeadOut
    1002
{
    1070
0
    1040
0
    1040
0
    1040
0
    1070
0
    1002
}
    1000
IsFill
    1070
0
    1000
PathStart
    1040
0
    1000
ToolCompensation
    1002
{
    1070
0
    1040
0
    1070
0
    1002
}
       0
LWPOLYLINE
       5
2013
     100
AcDbEntity
       8
1
     100
AcDbPolyline
      90
139
      70
1
      10
10821.9411069911
      20
6820.43627536021
      42
0
      10
10821.6821289441
      20
6820.3144989072
      42
0
      10
10821.4209089517
      20
6820.20421422448
      42
0
      10
10821.1575713717
      20
6820.1049689707
      42
0
      10
10820.892240603
      20
6820.01631082472
      42
0
      10
10820.3560969708
      20
6819.86894653396
      42
0
      10
10819.81347308
      20
6819.75850272714
      42
0
      10
10819.2653639501
      20
6819.68136076642
      42
0
      10
10818.4350920354
      20
6819.62017304761
      42
0
      10
10817.0379754343
      20
6819.63343884903
      42
0
      10
10813.9749863808
      20
6819.91760520151
      42
0
      10
10807.9692024063
      20
6833.05713343408
      42
0
      10
10807.4817719319
      20
6835.38443576693
      42
0
      10
10807.4817719319
      20
6838.18169072316
      42
0
      10
10808.2518435688
      20
6841.00253761055
      42
0
      10
10810.6776765822
      20
6846.52196453651
      42
0
      10
10810.9790380332
      20
6847.10111734577
      42
0
      10
10811.2247342474
      20
6847.70428680611
      42
0
      10
10811.6991861104
      20
6849.14091538931
      42
0
      10
10811.9297827377
      20
6850.32778691161
      42
0
      10
10811.9337046501
      20
6850.92209033059
      42
0
      10
10811.8695076695
      20
6851.36472079524
      42
0
      10
10811.7894786696
      20
6851.65733961288
      42
0
      10
10811.6763917484
      20
6851.94736583184
      42
0
      10
10811.5531549278
      20
6852.28438381343
      42
0
      10
10811.3243824976
      20
6852.77692109618
      42
0
      10
10811.045673607
      20
6853.24686972327
      42
0
      10
10810.7201379691
      20
6853.68635354082
      42
0
      10
10810.3508852896
      20
6854.08749639097
      42
0
      10
10809.9410252857
      20
6854.44242211171
      42
0
      10
10809.6467613212
      20
6854.64947361917
      42
0
      10
10809.3367531405
      20
6854.83014999533
      42
0
      10
10809.0119221437
      20
6854.98211755653
      42
0
      10
10808.6731897296
      20
6855.10304263401
      42
0
      10
10808.3214772995
      20
6855.19059155028
      42
0
      10
10807.9577062315
      20
6855.24243062417
      42
0
      10
10806.8594581137
      20
6855.07222437528
      42
0
      10
10806.481304339
      20
6854.89257011589
      42
0
      10
10806.3038943256
      20
6854.73750405577
      42
0
      10
10806.2137152691
      20
6854.61109154203
      42
0
      10
10806.1501985726
      20
6854.46438172397
      42
0
      10
10806.1169330405
      20
6854.29577242937
      42
0
      10
10806.1127659633
      20
6854.20275480537
      42
0
      10
10806.1175074831
      20
6854.10366149626
      42
0
      10
10806.0660495125
      20
6848.30999623295
      42
0
      10
10806.1451955318
      20
6846.86908302206
      42
0
      10
10806.1239976926
      20
6830.89286756406
      42
0
      10
10805.9545213625
      20
6828.46842930473
      42
0
      10
10805.6913626653
      20
6820.68036873476
      42
0
      10
10805.6562168428
      20
6820.19517121682
      42
0
      10
10800.69243115
      20
6820.17804787428
      42
0
      10
10799.2469570979
      20
6820.02196425154
      42
0
      10
10791.6232807633
      20
6819.92853957972
      42
0
      10
10790.171626833
      20
6819.89262397361
      42
0
      10
10789.509003268
      20
6821.52240369416
      42
0
      10
10788.3929067767
      20
6826.00002740608
      42
0
      10
10785.8960917783
      20
6825.7760951725
      42
0
      10
10780.5235259271
      20
6826.06951684153
      42
0
      10
10782.9549741774
      20
6835.36950339093
      42
0
      10
10784.0548798706
      20
6835.17553983843
      42
0
      10
10785.4845386519
      20
6835.36511460198
      42
0
      10
10786.7684693152
      20
6835.69449399242
      42
0
      10
10786.7856871522
      20
6836.03583931217
      42
0
      10
10786.7921605921
      20
6836.37601406685
      42
0
      10
10786.7882930749
      20
6836.7150178054
      42
0
      10
10786.7511488537
      20
6837.38951043153
      42
0
      10
10786.6774818904
      20
6838.05931357245
      42
0
      10
10786.5705196149
      20
6838.72442360196
      42
0
      10
10786.3547074382
      20
6839.71328117058
      42
0
      10
10785.9805467873
      20
6841.01529829687
      42
0
      10
10784.3796854822
      20
6845.11660738136
      42
0
      10
10782.9593098191
      20
6840.73103006374
      42
0
      10
10782.464636533
      20
6838.82560179828
      42
0
      10
10782.2882150306
      20
6837.8581643569
      42
0
      10
10779.3187860982
      20
6825.89402631407
      42
0
      10
10778.0121354433
      20
6820.56518869629
      42
0
      10
10777.7707631626
      20
6819.97897871643
      42
0
      10
10776.6249237708
      20
6819.8307449546
      42
0
      10
10773.9975088602
      20
6819.74038893115
      42
0
      10
10769.2964256291
      20
6819.91241813582
      42
0
      10
10770.3558807282
      20
6825.06501833536
      42
0
      10
10773.1038035827
      20
6836.43873377378
      42
0
      10
10779.8519784988
      20
6864.68640511135
      42
0
      10
10789.3675324794
      20
6864.51246189854
      42
0
      10
10796.820436675
      20
6831.88968523897
      42
0
      10
10797.147968451
      20
6863.19859858756
      42
0
      10
10798.7315031019
      20
6863.40358777802
      42
0
      10
10804.559866966
      20
6864.34663108195
      42
0
      10
10806.1533032801
      20
6864.54005762105
      42
0
      10
10807.2160397807
      20
6864.62783798583
      42
0
      10
10807.7474878516
      20
6864.65645331906
      42
0
      10
10808.2789652062
      20
6864.6735860192
      42
0
      10
10808.8104538712
      20
6864.67826153458
      42
0
      10
10809.3419359091
      20
6864.66950531236
      42
0
      10
10809.8733933603
      20
6864.64634280985
      42
0
      10
10810.404808266
      20
6864.60779946769
      42
0
      10
10810.9361626721
      20
6864.55290073544
      42
0
      10
10811.4674386314
      20
6864.48067206892
      42
0
      10
10811.998618181
      20
6864.39013890935
      42
0
      10
10812.5296833679
      20
6864.28032671657
      42
0
      10
10812.8765932643
      20
6864.22736353381
      42
0
      10
10813.2152162203
      20
6864.15568201011
      42
0
      10
10813.5455799174
      20
6864.0659990392
      42
0
      10
10813.8677120326
      20
6863.95903150419
      42
0
      10
10814.1816402388
      20
6863.83549630406
      42
0
      10
10814.4873922334
      20
6863.69611032412
      42
0
      10
10814.7849956746
      20
6863.54159045746
      42
0
      10
10815.0744782491
      20
6863.37265359774
      42
0
      10
10815.355867634
      20
6863.19001662782
      42
0
      10
10815.6291915129
      20
6862.99439644229
      42
0
      10
10815.8944775618
      20
6862.78650993334
      42
0
      10
10816.1517534618
      20
6862.56707399335
      42
0
      10
10816.4010468862
      20
6862.33680550369
      42
0
      10
10816.6423855181
      20
6862.09642136852
      42
0
      10
10816.8757970356
      20
6861.84663846699
      42
0
      10
10817.1013091164
      20
6861.58817369465
      42
0
      10
10817.3189494407
      20
6861.32174394612
      42
0
      10
10817.5287456937
      20
6861.04806610142
      42
0
      10
10817.9249166739
      20
6860.48183371483
      42
0
      10
10818.2900434794
      20
6859.8952116505
      42
0
      10
10818.624347558
      20
6859.29393504037
      42
0
      10
10818.928050334
      20
6858.68373901251
      42
0
      10
10819.2013732387
      20
6858.07035869354
      42
0
      10
10819.3267114316
      20
6857.76426664513
      42
0
      10
10819.8235145892
      20
6856.14591424995
      42
0
      10
10820.1429197412
      20
6854.91023950968
      42
0
      10
10820.4100947074
      20
6853.65986926937
      42
0
      10
10820.6190701867
      20
6852.39847992261
      42
0
      10
10820.7231063151
      20
6851.55324746261
      42
0
      10
10820.7968542902
      20
6850.70584087237
      42
0
      10
10820.8385454322
      20
6849.85734945499
      42
0
      10
10820.8464110603
      20
6849.00886250763
      42
0
      10
10820.8186824805
      20
6848.16146933181
      42
0
      10
10820.7535910113
      20
6847.31625923183
      42
0
      10
10820.6493679733
      20
6846.47432150859
      42
0
      10
10820.5820294031
      20
6846.05492019188
      42
0
      10
10820.5042446821
      20
6845.63674545737
      42
0
      10
10817.8762502858
      20
6840.39766701225
      42
0
      10
10815.6543101152
      20
6836.91727400444
      42
0
    1001
FS_CYPCUT
    1000
Channel
    1070
1
    1000
LeadIn
    1002
{
    1070
0
    1040
0
    1040
0
    1040
0
    1040
0
    1070
0
    1040
0
    1070
0
    1002
}
    1000
LeadOut
    1002
{
    1070
0
    1040
0
    1040
0
    1040
0
    1070
0
    1002
}
    1000
IsFill
    1070
0
    1000
PathStart
    1040
0
    1000
ToolCompensation
    1002
{
    1070
0
    1040
0
    1070
0
    1002
}
       0
LWPOLYLINE
       5
2014
     100
AcDbEntity
       8
1
     100
AcDbPolyline
      90
57
      70
1
      10
10850.9169189559
      20
6825.64988733059
      42
0
      10
10850.833084293
      20
6826.11058603416
      42
0
      10
10850.4276742997
      20
6826.78914917345
      42
0
      10
10840.5420988587
      20
6840.01507002232
      42
0
      10
10840.4341054012
      20
6840.14527609643
      42
0
      10
10840.36061481
      20
6840.27850782719
      42
0
      10
10840.3073853657
      20
6840.4828774113
      42
0
      10
10840.324377386
      20
6840.76104853223
      42
0
      10
10840.9201926615
      20
6841.98459245075
      42
0
      10
10850.3465891951
      20
6857.52977503167
      42
0
      10
10850.4345196268
      20
6857.65309290991
      42
0
      10
10850.7384328195
      20
6859.56296639684
      42
0
      10
10842.2583091525
      20
6864.79177192863
      42
0
      10
10839.5905941039
      20
6859.6322836316
      42
0
      10
10839.2752178425
      20
6858.93692156964
      42
0
      10
10838.76198264
      20
6857.91605221895
      42
0
      10
10837.8145075895
      20
6856.26641081118
      42
0
      10
10833.6272591006
      20
6850.36299386646
      42
0
      10
10833.537629429
      20
6850.83725205934
      42
0
      10
10833.4608254271
      20
6851.31219534878
      42
0
      10
10833.3960696135
      20
6851.78778575545
      42
0
      10
10833.3425845293
      20
6852.26398527424
      42
0
      10
10833.2663166317
      20
6853.21805972992
      42
0
      10
10833.225801956
      20
6854.17411480197
      42
0
      10
10833.2184614601
      20
6855.61124629037
      42
0
      10
10833.4424267395
      20
6861.85738896244
      42
0
      10
10833.4349599929
      20
6863.29731831777
      42
0
      10
10833.3943348467
      20
6864.25582152996
      42
0
      10
10824.1869006465
      20
6864.26772219098
      42
0
      10
10824.1995152568
      20
6851.41033392796
      42
0
      10
10824.2831933091
      20
6849.81558452535
      42
0
      10
10824.3862989379
      20
6835.97723219771
      42
0
      10
10824.4770572238
      20
6833.26283611961
      42
0
      10
10824.5132337507
      20
6822.39583164174
      42
0
      10
10824.6421340978
      20
6820.22688948732
      42
0
      10
10824.9256103857
      20
6820.23076188587
      42
0
      10
10829.4650964066
      20
6819.94018339495
      42
0
      10
10830.8808621103
      20
6819.92297775258
      42
0
      10
10831.7285999599
      20
6819.9817635235
      42
0
      10
10832.2928543712
      20
6820.05882699839
      42
0
      10
10832.8562808332
      20
6820.17127223209
      42
0
      10
10833.0480570295
      20
6822.7267386065
      42
0
      10
10833.4657113125
      20
6832.54142187988
      42
0
      10
10833.82130407
      20
6832.20328129514
      42
0
      10
10838.0484359308
      20
6827.12274136236
      42
0
      10
10838.583636928
      20
6826.45041761436
      42
0
      10
10839.3838426833
      20
6825.27053726359
      42
0
      10
10842.3444246996
      20
6820.05346385491
      42
0
      10
10842.4575964767
      20
6819.90984194035
      42
0
      10
10842.6983306156
      20
6819.7560500794
      42
0
      10
10843.219657712
      20
6819.71470719102
      42
0
      10
10843.8578268285
      20
6820.0262784398
      42
0
      10
10850.4325529949
      20
6824.81124471077
      42
0
      10
10850.5797502895
      20
6824.91053157442
      42
0
      10
10850.6979469257
      20
6825.02362000639
      42
0
      10
10850.7888574043
      20
6825.14851746364
      42
0
      10
10850.877812095
      20
6825.35364689252
      42
0
    1001
FS_CYPCUT
    1000
Channel
    1070
1
    1000
LeadIn
    1002
{
    1070
0
    1040
0
    1040
0
    1040
0
    1040
0
    1070
0
    1040
0
    1070
0
    1002
}
    1000
LeadOut
    1002
{
    1070
0
    1040
0
    1040
0
    1040
0
    1070
0
    1002
}
    1000
IsFill
    1070
0
    1000
PathStart
    1040
0
    1000
ToolCompensation
    1002
{
    1070
0
    1040
0
    1070
0
    1002
}
       0
LWPOLYLINE
       5
2015
     100
AcDbEntity
       8
1
     100
AcDbPolyline
      90
304
      70
1
      10
10858.6641696392
      20
6879.96916256585
      42
0
      10
10858.6573654401
      20
6804.20398018491
      42
0
      10
10786.6147021278
      20
6804.20590519549
      42
0
      10
10785.1026009946
      20
6803.78663776364
      42
0
      10
10784.9691811451
      20
6803.64673629208
      42
0
      10
10783.6210165834
      20
6802.40347686389
      42
0
      10
10782.2526874637
      20
6801.18175384026
      42
0
      10
10780.8645648083
      20
6799.98198244661
      42
0
      10
10779.4570196319
      20
6798.80457790555
      42
0
      10
10778.0304229597
      20
6797.64995543309
      42
0
      10
10776.5851458088
      20
6796.51853024909
      42
0
      10
10775.1215592072
      20
6795.41071758884
      42
0
      10
10773.6400341717
      20
6794.32693265942
      42
0
      10
10772.140941724
      20
6793.26759068403
      42
0
      10
10770.6246528909
      20
6792.23310689087
      42
0
      10
10769.091538686
      20
6791.22389649258
      42
0
      10
10767.5419701296
      20
6790.24037471953
      42
0
      10
10765.9763182459
      20
6789.28295678652
      42
0
      10
10764.3949540596
      20
6788.35205791678
      42
0
      10
10762.7982485922
      20
6787.44809333261
      42
0
      10
10761.1865728599
      20
6786.57147825441
      42
0
      10
10759.560297886
      20
6785.72262790262
      42
0
      10
10757.919794686
      20
6784.90195750382
      42
0
      10
10756.2654342887
      20
6784.10988226948
      42
0
      10
10754.5975877168
      20
6783.34681742805
      42
0
      10
10752.9166259858
      20
6782.61317820556
      42
0
      10
10751.2229201195
      20
6781.90937980844
      42
0
      10
10749.5168411414
      20
6781.23583747329
      42
0
      10
10747.7987600686
      20
6780.59296641332
      42
0
      10
10746.0690479217
      20
6779.98118184842
      42
0
      10
10744.3280757261
      20
6779.40089900607
      42
0
      10
10742.5762145008
      20
6778.85253310392
      42
0
      10
10740.8138352603
      20
6778.33649936363
      42
0
      10
10739.0413090477
      20
6777.85321300967
      42
0
      10
10737.071420897
      20
6777.35498530924
      42
0
      10
10735.0929706709
      20
6776.89175250844
      42
0
      10
10733.1065820005
      20
6776.46351623594
      42
0
      10
10731.1128785076
      20
6776.07027813189
      42
0
      10
10729.1124838203
      20
6775.71203982223
      42
0
      10
10727.106021574
      20
6775.38880294272
      42
0
      10
10725.0941153985
      20
6775.10056912425
      42
0
      10
10723.0773889211
      20
6774.84733999486
      42
0
      10
10721.0564657776
      20
6774.62911719379
      42
0
      10
10719.0319695859
      20
6774.44590234942
      42
0
      10
10717.0045239793
      20
6774.29769709754
      42
0
      10
10714.9747525934
      20
6774.18450306221
      42
0
      10
10712.9432790476
      20
6774.10632188729
      42
0
      10
10710.9107269788
      20
6774.06315519622
      42
0
      10
10708.8777200182
      20
6774.05500462663
      42
0
      10
10706.8448817903
      20
6774.08187180164
      42
0
      10
10704.812835922
      20
6774.14375836547
      42
0
      10
10702.7822060535
      20
6774.24066594493
      42
0
      10
10700.7536158038
      20
6774.37259617114
      42
0
      10
10698.7276888064
      20
6774.53955068183
      42
0
      10
10696.705048688
      20
6774.74153109728
      42
0
      10
10694.6863190824
      20
6774.97853906356
      42
0
      10
10692.6721236179
      20
6775.25057620748
      42
0
      10
10690.6630859247
      20
6775.55764415835
      42
0
      10
10688.6598296316
      20
6775.89974455353
      42
0
      10
10686.6629783627
      20
6776.27687901798
      42
0
      10
10684.6731557535
      20
6776.6890491928
      42
0
      10
10682.690985429
      20
6777.13625670356
      42
0
      10
10680.7170910271
      20
6777.6185031895
      42
0
      10
10678.9378185768
      20
6778.08944409618
      42
0
      10
10677.1686440743
      20
6778.59337583734
      42
0
      10
10675.4099230796
      20
6779.12986845834
      42
0
      10
10673.6620111216
      20
6779.69849202481
      42
0
      10
10671.9252637552
      20
6780.29881658459
      42
0
      10
10670.2000365163
      20
6780.93041220176
      42
0
      10
10668.4866849534
      20
6781.59284893191
      42
0
      10
10666.7855646077
      20
6782.28569682734
      42
0
      10
10665.0970310291
      20
6783.00852594894
      42
0
      10
10663.4214397539
      20
6783.76090635113
      42
0
      10
10661.7591463295
      20
6784.54240809047
      42
0
      10
10660.110506297
      20
6785.35260122418
      42
0
      10
10658.4758752053
      20
6786.19105580759
      42
0
      10
10656.8556085952
      20
6787.0573419032
      42
0
      10
10655.2500620106
      20
6787.95102956507
      42
0
      10
10653.6595909945
      20
6788.8716888408
      42
0
      10
10652.0845510932
      20
6789.8188898006
      42
0
      10
10650.5252978497
      20
6790.79220249149
      42
0
      10
10648.982186806
      20
6791.79119696938
      42
0
      10
10647.4555735124
      20
6792.81544330545
      42
0
      10
10645.9458134987
      20
6793.86451154077
      42
0
      10
10644.4532623229
      20
6794.93797173563
      42
0
      10
10642.978275524
      20
6796.03539395252
      42
0
      10
10641.5212086439
      20
6797.15634823651
      42
0
      10
10640.0824172357
      20
6798.30040466067
      42
0
      10
10638.6622568309
      20
6799.46713326634
      42
0
      10
10637.2610829757
      20
6800.65610411665
      42
0
      10
10635.8792512218
      20
6801.8668872728
      42
0
      10
10634.5171171062
      20
6803.09905278425
      42
0
      10
10633.1647148522
      20
6804.14795092657
      42
0
      10
10632.8519674669
      20
6804.21893408365
      42
0
      10
10632.59736552
      20
6804.217604714
      42
0
      10
10632.5082203535
      20
6804.20527038557
      42
0
      10
10558.6701060635
      20
6804.20403444548
      42
0
      10
10558.6641696392
      20
6879.97213292096
      42
0
      10
10598.9314286665
      20
6879.97863161444
      42
0
      10
10598.8460124273
      20
6882.62485483632
      42
0
      10
10598.8295448844
      20
6885.27139386028
      42
0
      10
10598.8814528443
      20
6887.91674139628
      42
0
      10
10599.0011631278
      20
6890.55939016301
      42
0
      10
10599.1881025363
      20
6893.19783285807
      42
0
      10
10599.4416978919
      20
6895.83056219764
      42
0
      10
10599.7613760001
      20
6898.45607089172
      42
0
      10
10600.1465636773
      20
6901.07285164378
      42
0
      10
10600.5966877319
      20
6903.67939717159
      42
0
      10
10601.1111749839
      20
6906.27420018296
      42
0
      10
10601.6894522327
      20
6908.8557533851
      42
0
      10
10602.3309463072
      20
6911.4225494911
      42
0
      10
10603.0350840067
      20
6913.97308120788
      42
0
      10
10603.8012921473
      20
6916.50584124973
      42
0
      10
10604.628997545
      20
6919.01932232172
      42
0
      10
10605.5176270078
      20
6921.51201713538
      42
0
      10
10606.4666073467
      20
6923.98241839823
      42
0
      10
10607.4753653816
      20
6926.42901882769
      42
0
      10
10608.5433279198
      20
6928.8503111248
      42
0
      10
10609.6699217679
      20
6931.24478800539
      42
0
      10
10610.8545737535
      20
6933.61094217236
      42
0
      10
10612.0967106739
      20
6935.9472663441
      42
0
      10
10613.3957593469
      20
6938.25225322932
      42
0
      10
10614.7511465868
      20
6940.52439552811
      42
0
      10
10616.1622992045
      20
6942.76218596132
      42
0
      10
10617.6286440191
      20
6944.96411723458
      42
0
      10
10619.1496078221
      20
6947.1286820567
      42
0
      10
10620.7246174516
      20
6949.25437314507
      42
0
      10
10622.3530997064
      20
6951.33968319388
      42
0
      10
10623.1644447343
      20
6952.32763010284
      42
0
      10
10623.986623818
      20
6953.30657004867
      42
0
      10
10624.8195236227
      20
6954.27640023242
      42
0
      10
10625.6630308362
      20
6955.23701786104
      42
0
      10
10626.5170321412
      20
6956.18832013301
      42
0
      10
10627.3814142152
      20
6957.13020425062
      42
0
      10
10628.2560637314
      20
6958.06256741366
      42
0
      10
10629.1408673846
      20
6958.98530682282
      42
0
      10
10630.0357118407
      20
6959.89831968192
      42
0
      10
10630.9404837934
      20
6960.80150319015
      42
0
      10
10631.8550699125
      20
6961.69475454941
      42
0
      10
10632.7793568859
      20
6962.5779709645
      42
0
      10
10633.713231387
      20
6963.45104963269
      42
0
      10
10634.6565801016
      20
6964.31388775408
      42
0
      10
10635.6092897028
      20
6965.16638253745
      42
0
      10
10636.5712468848
      20
6966.00843117574
      42
0
      10
10637.5423383162
      20
6966.83993086938
      42
0
      10
10638.5224506806
      20
6967.66077882993
      42
0
      10
10639.5114706509
      20
6968.47087225593
      42
0
      10
10640.5092849273
      20
6969.27010833782
      42
0
      10
10641.5157801711
      20
6970.05838429283
      42
0
      10
10642.5308430618
      20
6970.83559731356
      42
0
      10
10643.5543602928
      20
6971.60164459789
      42
0
      10
10644.586218542
      20
6972.35642335406
      42
0
      10
10645.6263044869
      20
6973.09983077871
      42
0
      10
10646.6745048031
      20
6973.83176408279
      42
0
      10
10647.7307061814
      20
6974.55212045645
      42
0
      10
10648.7947952841
      20
6975.26079710539
      42
0
      10
10649.8666588124
      20
6975.95769122876
      42
0
      10
10651.1364386094
      20
6976.74495066491
      42
0
      10
10652.4165494877
      20
6977.51536168711
      42
0
      10
10653.7067580774
      20
6978.26879169213
      42
0
      10
10655.0068310103
      20
6979.00510806927
      42
0
      10
10656.3165349125
      20
6979.72417821248
      42
0
      10
10657.6356364219
      20
6980.42586951322
      42
0
      10
10658.9639021693
      20
6981.11004935925
      42
0
      10
10660.3010987821
      20
6981.77658514141
      42
0
      10
10661.6469928993
      20
6982.42534425896
      42
0
      10
10663.0013511438
      20
6983.05619410208
      42
0
      10
10664.3639401549
      20
6983.66900205046
      42
0
      10
10665.7345265594
      20
6984.26363551608
      42
0
      10
10667.1128769856
      20
6984.83996187456
      42
0
      10
10668.4987580678
      20
6985.39784852205
      42
0
      10
10669.8919364422
      20
6985.93716285247
      42
0
      10
10671.2921787371
      20
6986.45777225389
      42
0
      10
10672.6992515787
      20
6986.95954412367
      42
0
      10
10674.1129216066
      20
6987.44234584679
      42
0
      10
10675.5329554463
      20
6987.90604481531
      42
0
      10
10676.9591197321
      20
6988.35050842939
      42
0
      10
10678.3911810968
      20
6988.77560407529
      42
0
      10
10679.8289061699
      20
6989.18119914036
      42
0
      10
10681.2720615834
      20
6989.56716101546
      42
0
      10
10682.7204139629
      20
6989.93335710423
      42
0
      10
10684.173729952
      20
6990.27965478939
      42
0
      10
10685.6317761701
      20
6990.60592146555
      42
0
      10
10687.094319257
      20
6990.91202452445
      42
0
      10
10688.5611258414
      20
6991.1978313548
      42
0
      10
10690.0319625513
      20
6991.46320934962
      42
0
      10
10691.3631801513
      20
6991.68580875622
      42
0
      10
10692.6969130914
      20
6991.8923982378
      42
0
      10
10694.0329745779
      20
6992.08298471519
      42
0
      10
10695.3711778401
      20
6992.25757508622
      42
0
      10
10696.7113361057
      20
6992.41617626357
      42
0
      10
10698.0532625926
      20
6992.55879515286
      42
0
      10
10699.3967705144
      20
6992.68543866839
      42
0
      10
10700.7416731026
      20
6992.79611372066
      42
0
      10
10702.0877835802
      20
6992.89082720785
      42
0
      10
10703.4349151616
      20
6992.96958604767
      42
0
      10
10704.782881071
      20
6993.03239714814
      42
0
      10
10706.1314945305
      20
6993.07926742204
      42
0
      10
10707.4805687706
      20
6993.11020376745
      42
0
      10
10708.8299170019
      20
6993.12521310151
      42
0
      10
10710.1793524515
      20
6993.12430233475
      42
0
      10
10711.5286883417
      20
6993.10747837118
      42
0
      10
10712.8777378942
      20
6993.07474812077
      42
0
      10
10714.2263143263
      20
6993.0261184953
      42
0
      10
10715.5742308696
      20
6992.96159640159
      42
0
      10
10716.9213007377
      20
6992.88118875147
      42
0
      10
10718.2673371557
      20
6992.78490245051
      42
0
      10
10719.6121533486
      20
6992.67274440586
      42
0
      10
10720.9555625285
      20
6992.54472153392
      42
0
      10
10722.2973779255
      20
6992.40084073819
      42
0
      10
10723.6374127648
      20
6992.24110893043
      42
0
      10
10724.9754802597
      20
6992.06553301589
      42
0
      10
10726.3113936374
      20
6991.8741199095
      42
0
      10
10727.6449661181
      20
6991.66687651251
      42
0
      10
10728.976010926
      20
6991.44380974198
      42
0
      10
10730.2267664039
      20
6991.22392656312
      42
0
      10
10731.4741381563
      20
6990.98781208085
      42
0
      10
10732.7180292417
      20
6990.73567457336
      42
0
      10
10733.9583427068
      20
6990.46772232626
      42
0
      10
10735.194981611
      20
6990.18416361274
      42
0
      10
10736.4278490085
      20
6989.88520672126
      42
0
      10
10737.6568479487
      20
6989.57105993828
      42
0
      10
10738.8818814941
      20
6989.241931538
      42
0
      10
10740.1028526891
      20
6988.89802980259
      42
0
      10
10741.3196645871
      20
6988.53956302238
      42
0
      10
10742.5322202513
      20
6988.16673946769
      42
0
      10
10743.7404227316
      20
6987.77976742947
      42
0
      10
10744.9441750757
      20
6987.37885518836
      42
0
      10
10746.143380348
      20
6986.96421102688
      42
0
      10
10747.3379415982
      20
6986.53604322317
      42
0
      10
10748.5277618743
      20
6986.09456006039
      42
0
      10
10749.7127442412
      20
6985.63996981762
      42
0
      10
10750.892791743
      20
6985.17248078796
      42
0
      10
10752.0678074464
      20
6984.69230124798
      42
0
      10
10753.2376943905
      20
6984.19963947339
      42
0
      10
10754.4023556357
      20
6983.69470375635
      42
0
      10
10755.5616942378
      20
6983.17770236908
      42
0
      10
10756.7156132477
      20
6982.64884360033
      42
0
      10
10757.864015719
      20
6982.10833573602
      42
0
      10
10759.0068047089
      20
6981.55638704129
      42
0
      10
10760.1438832686
      20
6980.99320581663
      42
0
      10
10761.2751544573
      20
6980.41900033526
      42
0
      10
10762.4005213237
      20
6979.83397887999
      42
0
      10
10763.5198869253
      20
6979.23834973213
      42
0
      10
10765.0490502033
      20
6978.38171482524
      42
0
      10
10766.5629095218
      20
6977.49938508855
      42
0
      10
10768.0612436662
      20
6976.59176164257
      42
0
      10
10769.5438314063
      20
6975.65924559388
      42
0
      10
10771.0104515308
      20
6974.702238062
      42
0
      10
10772.4608828046
      20
6973.7211401563
      42
0
      10
10773.8949040183
      20
6972.71635299543
      42
0
      10
10775.312293945
      20
6971.68827769246
      42
0
      10
10776.7128313613
      20
6970.63731535892
      42
0
      10
10778.0962950539
      20
6969.56386711369
      42
0
      10
10779.4624637874
      20
6968.46833406279
      42
0
      10
10780.8111163523
      20
6967.35111733007
      42
0
      10
10782.1420315196
      20
6966.21261802366
      42
0
      10
10783.454988076
      20
6965.05323725786
      42
0
      10
10784.7497647863
      20
6963.87337614763
      42
0
      10
10786.0261404439
      20
6962.67343580441
      42
0
      10
10787.2838938161
      20
6961.45381735001
      42
0
      10
10788.5228036883
      20
6960.2149218925
      42
0
      10
10789.7426488408
      20
6958.95715054525
      42
0
      10
10790.9432080422
      20
6957.68090442505
      42
0
      10
10792.1242600782
      20
6956.38658464564
      42
0
      10
10793.2855837209
      20
6955.07459231905
      42
0
      10
10794.426957757
      20
6953.74532855749
      42
0
      10
10795.5481609588
      20
6952.39919448206
      42
0
      10
10796.6489721101
      20
6951.03659120552
      42
0
      10
10797.7291699853
      20
6949.65791983503
      42
0
      10
10798.7885333638
      20
6948.26358149203
      42
0
      10
10799.8268410258
      20
6946.85397728462
      42
0
      10
10800.8438717459
      20
6945.42950833147
      42
0
      10
10801.9221619469
      20
6943.83852182065
      42
0
      10
10802.9727946753
      20
6942.22878540988
      42
0
      10
10803.9954296759
      20
6940.60082591986
      42
0
      10
10804.9897267049
      20
6938.95517018957
      42
0
      10
10805.9553455093
      20
6937.29234504708
      42
0
      10
10806.8919458485
      20
6935.61287731743
      42
0
      10
10807.7991874726
      20
6933.91729383619
      42
0
      10
10808.6767301324
      20
6932.20612143486
      42
0
      10
10809.5242335832
      20
6930.47988694313
      42
0
      10
10810.3413575751
      20
6928.73911718692
      42
0
      10
10811.1277618586
      20
6926.98433900489
      42
0
      10
10811.8831061912
      20
6925.21607922333
      42
0
      10
10812.6070503208
      20
6923.43486466783
      42
0
      10
10813.2992540056
      20
6921.64122217984
      42
0
      10
10813.9593769896
      20
6919.83567857945
      42
0
      10
10814.5870790384
      20
6918.01876070778
      42
0
      10
10815.1820198895
      20
6916.1909953858
      42
0
      10
10815.7438592994
      20
6914.3529094472
      42
0
      10
10816.2722570292
      20
6912.50502972198
      42
0
      10
10816.7668728213
      20
6910.64788304507
      42
0
      10
10817.2273664364
      20
6908.78199623992
      42
0
      10
10817.6533976189
      20
6906.90789614489
      42
0
      10
10818.0446261316
      20
6905.02610958314
      42
0
      10
10818.4007117118
      20
6903.13716338987
      42
0
      10
10818.7213141309
      20
6901.24158439482
      42
0
      10
10819.0060931236
      20
6899.33989942885
      42
0
      10
10819.2547084505
      20
6897.43263531821
      42
0
      10
10819.4668198647
      20
6895.52031889754
      42
0
      10
10819.642087123
      20
6893.60347700085
      42
0
      10
10819.910059248
      20
6890.32330661759
      42
0
      10
10820.0482335079
      20
6879.98443133494
      42
0
    1001
FS_CYPCUT
    1000
Channel
    1070
1
    1000
LeadIn
    1002
{
    1070
0
    1040
0
    1040
0
    1040
0
    1040
0
    1070
0
    1040
0
    1070
0
    1002
}
    1000
LeadOut
    1002
{
    1070
0
    1040
0
    1040
0
    1040
0
    1070
0
    1002
}
    1000
IsFill
    1070
1
    1000
PathStart
    1040
0
    1000
ToolCompensation
    1002
{
    1070
0
    1040
0
    1070
0
    1002
}
       0
ENDSEC
  0
SECTION
  2
OBJECTS
  0
DICTIONARY
  5
111
330
0
100
AcDbDictionary
281
     1
  3
ACAD_COLOR
350
120
  3
ACAD_GROUP
350
112
  3
ACAD_LAYOUT
350
11E
  3
ACAD_MATERIAL
350
11F
  3
ACAD_MLINESTYLE
350
11B
  3
ACAD_PLOTSETTINGS
350
11D
  3
ACAD_PLOTSTYLENAME
350
113
  3
ACAD_TABLESTYLE
350
121
  3
AcDbVariableDictionary
350
135
  0
DICTIONARY
  5
120
102
{ACAD_REACTORS
330
111
102
}
330
111
100
AcDbDictionary
281
     1
  0
DICTIONARY
  5
112
102
{ACAD_REACTORS
330
111
102
}
330
111
100
AcDbDictionary
281
     1
  0
DICTIONARY
  5
11E
102
{ACAD_REACTORS
330
111
102
}
330
111
100
AcDbDictionary
281
     1
  3
Model
350
12A
  3
布局1
350
126
  0
DICTIONARY
  5
11F
102
{ACAD_REACTORS
330
111
102
}
330
111
100
AcDbDictionary
281
     1
  0
DICTIONARY
  5
11B
102
{ACAD_REACTORS
330
111
102
}
330
111
100
AcDbDictionary
281
     1
  3
Standard
350
11C
  0
DICTIONARY
  5
11D
102
{ACAD_REACTORS
330
111
102
}
330
111
100
AcDbDictionary
281
     1
  0
ACDBDICTIONARYWDFLT
  5
113
102
{ACAD_REACTORS
330
111
102
}
330
111
100
AcDbDictionary
281
     1
  3
Normal
350
114
100
AcDbDictionaryWithDefault
340
114
  0
DICTIONARY
  5
121
102
{ACAD_REACTORS
330
111
102
}
330
111
100
AcDbDictionary
281
     1
  3
Standard
350
122
  0
DICTIONARY
  5
135
102
{ACAD_REACTORS
330
111
102
}
330
111
100
AcDbDictionary
281
     1
  3
CTABLESTYLE
350
136
  0
LAYOUT
  5
12A
102
{ACAD_REACTORS
330
11E
102
}
330
11E
100
AcDbPlotSettings
  1

  2
发送至 OneNote 2010
  4

  6

 40
0.0
 41
0.0
 42
0.0
 43
0.0
 44
0.0
 45
0.0
 46
0.0
 47
0.0
 48
0.0
 49
0.0
140
0.0
141
0.0
142
1.0
143
1.0
 70
  1712
 72
     0
 73
     0
 74
     0
  7

 75
     0
147
1.0
 76
     0
 77
     2
 78
   300
148
0.0
149
0.0
100
AcDbLayout
  1
Model
 70
     1
 71
     0
 10
0.0
 20
0.0
 11
12.0
 21
9.0
 12
0.0
 22
0.0
 32
0.0
 14
0.0
 24
0.0
 34
0.0
 15
0.0
 25
0.0
 35
0.0
146
0.0
 13
0.0
 23
0.0
 33
0.0
 16
1.0
 26
0.0
 36
0.0
 17
0.0
 27
1.0
 37
0.0
 76
     0
330
127
  0
LAYOUT
  5
126
102
{ACAD_REACTORS
330
11E
102
}
330
11E
100
AcDbPlotSettings
  1

  2
发送至 OneNote 2010
  4

  6

 40
0.0
 41
0.0
 42
0.0
 43
0.0
 44
0.0
 45
0.0
 46
0.0
 47
0.0
 48
0.0
 49
0.0
140
0.0
141
0.0
142
1.0
143
1.0
 70
   688
 72
     0
 73
     0
 74
     5
  7

 75
    16
147
1.0
 76
     0
 77
     2
 78
   300
148
0.0
149
0.0
100
AcDbLayout
  1
布局1
 70
     1
 71
     1
 10
0.0
 20
0.0
 11
12.0
 21
9.0
 12
0.0
 22
0.0
 32
0.0
 14
0.0
 24
0.0
 34
0.0
 15
0.0
 25
0.0
 35
0.0
146
0.0
 13
0.0
 23
0.0
 33
0.0
 16
1.0
 26
0.0
 36
0.0
 17
0.0
 27
1.0
 37
0.0
 76
     0
330
123
  0
MLINESTYLE
  5
11C
102
{ACAD_REACTORS
330
11B
102
}
330
11B
100
AcDbMlineStyle
  2
STANDARD
 70
     0
  3

 62
   256
 51
90.0
 52
90.0
 71
     2
 49
0.5
 62
   256
  6
BYLAYER
 49
-0.5
 62
   256
  6
BYLAYER
  0
ACDBPLACEHOLDER
  5
114
102
{ACAD_REACTORS
330
113
102
}
330
113
  0
TABLESTYLE
  5
122
102
{ACAD_REACTORS
330
121
102
}
330
121
100
AcDbTableStyle
  3
Standard
 70
     0
 71
     0
 40
0.06
 41
0.06
280
     0
281
     0
  7
STANDARD
140
0.18
170
     2
 62
     0
 63
     7
283
     0
274
    -2
284
     1
 64
     0
275
    -2
285
     1
 65
     0
276
    -2
286
     1
 66
     0
277
    -2
287
     1
 67
     0
278
    -2
288
     1
 68
     0
279
    -2
289
     1
 69
     0
  7
STANDARD
140
0.25
170
     5
 62
     0
 63
     7
283
     0
274
    -2
284
     1
 64
     0
275
    -2
285
     1
 65
     0
276
    -2
286
     1
 66
     0
277
    -2
287
     1
 67
     0
278
    -2
288
     1
 68
     0
279
    -2
289
     1
 69
     0
  7
STANDARD
140
0.18
170
     5
 62
     0
 63
     7
283
     0
274
    -2
284
     1
 64
     0
275
    -2
285
     1
 65
     0
276
    -2
286
     1
 66
     0
277
    -2
287
     1
 67
     0
278
    -2
288
     1
 68
     0
279
    -2
289
     1
 69
     0
  0
DICTIONARYVAR
  5
136
102
{ACAD_REACTORS
330
135
102
}
330
135
100
DictionaryVariables
280
     0
  1
STANDARD
  0
ENDSEC
  0
EOF
